metric,name,n,k,phase,kind,seed,time_limit_s,wall_time,iterations,validated_cost,num_routes,valid,baseline_cost,vs_baseline_pct,is_best,bks_action,loadavg_start,loadavg_end,host,pyvrp_version,warm_start_key,key
euclidean,mamut-toronto-n100-k8-par,100,8,pilot,long,101,1200,1200.018,542020,653874.642,8,True,653874.642,0.0,0,,1.15380859375,90.326171875,turing-3,0.13.4,,euclidean__mamut-toronto-n100-k8-par__long__seed101__t1200
euclidean,mamut-toronto-n100-k8-par,100,8,polish,polish,1100,600,600.011,382828,653874.6419999996,8,True,653874.642,-0.0,1,kept_existing,90.2490234375,83.67822265625,turing-3,0.13.4,euclidean__mamut-toronto-n100-k8-par__seed__seed1__t300,euclidean__mamut-toronto-n100-k8-par__polish__seed1100__t600
euclidean,mamut-toronto-n100-k8-par,100,8,pilot,seed,1,300,300.021,159728,653874.6419999996,8,True,653874.642,-0.0,0,,90.30029296875,86.16943359375,turing-3,0.13.4,,euclidean__mamut-toronto-n100-k8-par__seed__seed1__t300
euclidean,mamut-toronto-n100-k8-par,100,8,pilot,seed,2,300,300.017,172750,657395.5060000003,8,True,653874.642,0.53846,0,,90.30029296875,86.16943359375,turing-3,0.13.4,,euclidean__mamut-toronto-n100-k8-par__seed__seed2__t300
euclidean,mamut-toronto-n100-k8-par,100,8,pilot,seed,3,300,300.021,162622,653874.6419999996,8,True,653874.642,-0.0,0,,90.27587890625,85.43505859375,turing-3,0.13.4,,euclidean__mamut-toronto-n100-k8-par__seed__seed3__t300
euclidean,mamut-toronto-n100-k8-par,100,8,main,seed,4,300,300.022,157398,657395.5060000004,8,True,653874.642,0.53846,0,,90.19873046875,91.0458984375,turing-3,0.13.4,,euclidean__mamut-toronto-n100-k8-par__seed__seed4__t300
euclidean,mamut-toronto-n100-k8-par,100,8,main,seed,5,300,300.021,124472,653874.642,8,True,653874.642,0.0,0,,90.19873046875,91.0458984375,turing-3,0.13.4,,euclidean__mamut-toronto-n100-k8-par__seed__seed5__t300
euclidean,mamut-toronto-n100-k8-par,100,8,main,seed,6,300,300.024,111585,653874.6419999998,8,True,653874.642,-0.0,0,,90.19873046875,91.0458984375,turing-3,0.13.4,,euclidean__mamut-toronto-n100-k8-par__seed__seed6__t300
euclidean,mamut-toronto-n100-k8-par,100,8,main,seed,7,300,300.018,192482,653874.642,8,True,653874.642,0.0,0,,91.06005859375,91.33154296875,turing-3,0.13.4,,euclidean__mamut-toronto-n100-k8-par__seed__seed7__t300
euclidean,mamut-toronto-n100-k8-par,100,8,main,seed,8,300,300.019,131061,653874.642,8,True,653874.642,0.0,0,,91.05517578125,91.38525390625,turing-3,0.13.4,,euclidean__mamut-toronto-n100-k8-par__seed__seed8__t300
euclidean,mamut-toronto-n100-k8-par,100,8,main,seed,9,300,300.019,206935,656689.925,8,True,653874.642,0.43055,0,,91.05517578125,91.38525390625,turing-3,0.13.4,,euclidean__mamut-toronto-n100-k8-par__seed__seed9__t300
euclidean,mamut-toronto-n100-k8-par,100,8,main,seed,10,300,300.021,174044,653874.642,8,True,653874.642,0.0,0,,90.21630859375,91.05029296875,turing-3,0.13.4,,euclidean__mamut-toronto-n100-k8-par__seed__seed10__t300
euclidean,mamut-rome-n102-k9-poi,102,9,polish,polish,1086,600,600.007,279760,681661.9530000002,9,True,682063.9099999995,-0.05893,1,kept_existing,90.13330078125,88.17578125,turing-3,0.13.4,euclidean__mamut-rome-n102-k9-poi__seed__seed1__t300,euclidean__mamut-rome-n102-k9-poi__polish__seed1086__t600
euclidean,mamut-rome-n102-k9-poi,102,9,main,seed,1,300,300.014,144371,681661.9530000002,9,True,682063.9099999995,-0.05893,0,,90.14794921875,91.05517578125,turing-3,0.13.4,,euclidean__mamut-rome-n102-k9-poi__seed__seed1__t300
euclidean,mamut-rome-n102-k9-poi,102,9,main,seed,2,300,300.021,129143,682063.9099999998,9,True,682063.9099999995,0.0,0,,90.14794921875,91.05517578125,turing-3,0.13.4,,euclidean__mamut-rome-n102-k9-poi__seed__seed2__t300
euclidean,mamut-rome-n102-k9-poi,102,9,main,seed,3,300,300.019,120921,683172.2989999999,9,True,682063.9099999995,0.16251,0,,90.14794921875,91.05517578125,turing-3,0.13.4,,euclidean__mamut-rome-n102-k9-poi__seed__seed3__t300
euclidean,mamut-rome-n102-k9-poi,102,9,main,seed,4,300,300.018,107144,681824.2309999999,9,True,682063.9099999995,-0.03514,0,,90.14794921875,91.05517578125,turing-3,0.13.4,,euclidean__mamut-rome-n102-k9-poi__seed__seed4__t300
euclidean,mamut-rome-n102-k9-poi,102,9,main,seed,5,300,300.021,87211,682063.9099999999,9,True,682063.9099999995,0.0,0,,90.14794921875,91.05517578125,turing-3,0.13.4,,euclidean__mamut-rome-n102-k9-poi__seed__seed5__t300
euclidean,mamut-rome-n102-k9-poi,102,9,main,seed,6,300,300.022,118025,682111.2430000001,9,True,682063.9099999995,0.00694,0,,90.14794921875,91.05517578125,turing-3,0.13.4,,euclidean__mamut-rome-n102-k9-poi__seed__seed6__t300
euclidean,mamut-rome-n102-k9-poi,102,9,main,seed,7,300,300.021,116674,681824.2309999997,9,True,682063.9099999995,-0.03514,0,,90.14794921875,91.05517578125,turing-3,0.13.4,,euclidean__mamut-rome-n102-k9-poi__seed__seed7__t300
euclidean,mamut-rome-n102-k9-poi,102,9,main,seed,8,300,300.029,106367,683172.2989999999,9,True,682063.9099999995,0.16251,0,,90.14794921875,91.05517578125,turing-3,0.13.4,,euclidean__mamut-rome-n102-k9-poi__seed__seed8__t300
euclidean,mamut-rome-n102-k9-poi,102,9,main,seed,9,300,300.035,123755,681824.2309999997,9,True,682063.9099999995,-0.03514,0,,90.14794921875,91.05517578125,turing-3,0.13.4,,euclidean__mamut-rome-n102-k9-poi__seed__seed9__t300
euclidean,mamut-rome-n102-k9-poi,102,9,main,seed,10,300,300.019,112029,682061.6579999999,9,True,682063.9099999995,-0.00033,0,,90.14794921875,91.05517578125,turing-3,0.13.4,,euclidean__mamut-rome-n102-k9-poi__seed__seed10__t300
euclidean,mamut-athens-n105-k7-poi,105,7,polish,polish,1008,600,600.009,384086,252305.531,7,True,252305.53100000013,-0.0,1,kept_existing,90.15771484375,89.6767578125,turing-3,0.13.4,euclidean__mamut-athens-n105-k7-poi__seed__seed5__t300,euclidean__mamut-athens-n105-k7-poi__polish__seed1008__t600
euclidean,mamut-athens-n105-k7-poi,105,7,main,seed,1,300,300.014,186915,252305.53100000002,7,True,252305.53100000013,-0.0,0,,90.1611328125,91.06005859375,turing-3,0.13.4,,euclidean__mamut-athens-n105-k7-poi__seed__seed1__t300
euclidean,mamut-athens-n105-k7-poi,105,7,main,seed,2,300,300.025,299121,252305.53100000016,7,True,252305.53100000013,0.0,0,,90.1611328125,91.06005859375,turing-3,0.13.4,,euclidean__mamut-athens-n105-k7-poi__seed__seed2__t300
euclidean,mamut-athens-n105-k7-poi,105,7,main,seed,3,300,300.022,182975,252305.53100000008,7,True,252305.53100000013,-0.0,0,,90.1611328125,91.06005859375,turing-3,0.13.4,,euclidean__mamut-athens-n105-k7-poi__seed__seed3__t300
euclidean,mamut-athens-n105-k7-poi,105,7,main,seed,4,300,300.012,185298,252305.5310000001,7,True,252305.53100000013,-0.0,0,,90.1611328125,91.06005859375,turing-3,0.13.4,,euclidean__mamut-athens-n105-k7-poi__seed__seed4__t300
euclidean,mamut-athens-n105-k7-poi,105,7,main,seed,5,300,300.021,224051,252305.531,7,True,252305.53100000013,-0.0,0,,90.1611328125,91.06005859375,turing-3,0.13.4,,euclidean__mamut-athens-n105-k7-poi__seed__seed5__t300
euclidean,mamut-athens-n105-k7-poi,105,7,main,seed,6,300,300.017,184506,252305.5310000001,7,True,252305.53100000013,-0.0,0,,90.1611328125,91.06005859375,turing-3,0.13.4,,euclidean__mamut-athens-n105-k7-poi__seed__seed6__t300
euclidean,mamut-athens-n105-k7-poi,105,7,main,seed,7,300,300.02,183090,252305.53100000016,7,True,252305.53100000013,0.0,0,,90.1611328125,91.06005859375,turing-3,0.13.4,,euclidean__mamut-athens-n105-k7-poi__seed__seed7__t300
euclidean,mamut-athens-n105-k7-poi,105,7,main,seed,8,300,300.016,297313,252305.53100000008,7,True,252305.53100000013,-0.0,0,,90.1611328125,91.06005859375,turing-3,0.13.4,,euclidean__mamut-athens-n105-k7-poi__seed__seed8__t300
euclidean,mamut-athens-n105-k7-poi,105,7,main,seed,9,300,300.014,221363,252305.53100000005,7,True,252305.53100000013,-0.0,0,,90.1611328125,91.06005859375,turing-3,0.13.4,,euclidean__mamut-athens-n105-k7-poi__seed__seed9__t300
euclidean,mamut-athens-n105-k7-poi,105,7,main,seed,10,300,300.02,207550,252305.53100000002,7,True,252305.53100000013,-0.0,0,,90.1611328125,91.06005859375,turing-3,0.13.4,,euclidean__mamut-athens-n105-k7-poi__seed__seed10__t300
euclidean,mamut-barcelona-n107-k8-poi,107,8,polish,polish,1012,600,600.007,209103,437121.2769999999,8,True,437121.27699999994,-0.0,1,kept_existing,90.15771484375,89.6767578125,turing-3,0.13.4,euclidean__mamut-barcelona-n107-k8-poi__seed__seed1__t300,euclidean__mamut-barcelona-n107-k8-poi__polish__seed1012__t600
euclidean,mamut-barcelona-n107-k8-poi,107,8,main,seed,1,300,300.02,86005,437121.2769999999,8,True,437121.27699999994,-0.0,0,,90.1611328125,91.06005859375,turing-3,0.13.4,,euclidean__mamut-barcelona-n107-k8-poi__seed__seed1__t300
euclidean,mamut-barcelona-n107-k8-poi,107,8,main,seed,2,300,300.025,110976,437121.277,8,True,437121.27699999994,0.0,0,,90.1611328125,91.06005859375,turing-3,0.13.4,,euclidean__mamut-barcelona-n107-k8-poi__seed__seed2__t300
euclidean,mamut-barcelona-n107-k8-poi,107,8,main,seed,3,300,300.022,84058,437121.27699999994,8,True,437121.27699999994,0.0,0,,90.1611328125,91.06005859375,turing-3,0.13.4,,euclidean__mamut-barcelona-n107-k8-poi__seed__seed3__t300
euclidean,mamut-barcelona-n107-k8-poi,107,8,main,seed,4,300,300.022,139934,437154.9540000001,8,True,437121.27699999994,0.0077,0,,90.1611328125,91.06005859375,turing-3,0.13.4,,euclidean__mamut-barcelona-n107-k8-poi__seed__seed4__t300
euclidean,mamut-barcelona-n107-k8-poi,107,8,main,seed,5,300,300.027,99542,437121.2769999999,8,True,437121.27699999994,-0.0,0,,90.1611328125,91.06005859375,turing-3,0.13.4,,euclidean__mamut-barcelona-n107-k8-poi__seed__seed5__t300
euclidean,mamut-barcelona-n107-k8-poi,107,8,main,seed,6,300,300.018,84753,437121.27699999994,8,True,437121.27699999994,0.0,0,,90.1611328125,91.06005859375,turing-3,0.13.4,,euclidean__mamut-barcelona-n107-k8-poi__seed__seed6__t300
euclidean,mamut-barcelona-n107-k8-poi,107,8,main,seed,7,300,300.016,91569,437121.2769999999,8,True,437121.27699999994,-0.0,0,,90.1611328125,91.06005859375,turing-3,0.13.4,,euclidean__mamut-barcelona-n107-k8-poi__seed__seed7__t300
euclidean,mamut-barcelona-n107-k8-poi,107,8,main,seed,8,300,300.02,155056,437121.2769999999,8,True,437121.27699999994,-0.0,0,,90.1611328125,91.06005859375,turing-3,0.13.4,,euclidean__mamut-barcelona-n107-k8-poi__seed__seed8__t300
euclidean,mamut-barcelona-n107-k8-poi,107,8,main,seed,9,300,300.023,100557,437121.277,8,True,437121.27699999994,0.0,0,,90.1611328125,91.06005859375,turing-3,0.13.4,,euclidean__mamut-barcelona-n107-k8-poi__seed__seed9__t300
euclidean,mamut-barcelona-n107-k8-poi,107,8,main,seed,10,300,300.02,82442,437121.27700000006,8,True,437121.27699999994,0.0,0,,90.1611328125,91.06005859375,turing-3,0.13.4,,euclidean__mamut-barcelona-n107-k8-poi__seed__seed10__t300
euclidean,mamut-warsaw-n110-k8-poi,110,8,polish,polish,1108,600,600.008,305880,461943.9569999998,8,True,463943.91699999984,-0.43108,1,kept_existing,90.564453125,79.52099609375,turing-3,0.13.4,euclidean__mamut-warsaw-n110-k8-poi__seed__seed1__t300,euclidean__mamut-warsaw-n110-k8-poi__polish__seed1108__t600
euclidean,mamut-warsaw-n110-k8-poi,110,8,main,seed,1,300,300.02,245326,461943.9569999998,8,True,463943.91699999984,-0.43108,0,,91.06005859375,91.33154296875,turing-3,0.13.4,,euclidean__mamut-warsaw-n110-k8-poi__seed__seed1__t300
euclidean,mamut-warsaw-n110-k8-poi,110,8,main,seed,2,300,300.024,138047,463575.25899999996,8,True,463943.91699999984,-0.07946,0,,91.06005859375,91.33154296875,turing-3,0.13.4,,euclidean__mamut-warsaw-n110-k8-poi__seed__seed2__t300
euclidean,mamut-warsaw-n110-k8-poi,110,8,main,seed,3,300,300.025,129476,463101.1719999998,8,True,463943.91699999984,-0.18165,0,,91.06005859375,91.33154296875,turing-3,0.13.4,,euclidean__mamut-warsaw-n110-k8-poi__seed__seed3__t300
euclidean,mamut-warsaw-n110-k8-poi,110,8,main,seed,4,300,300.028,127338,466303.82199999975,8,True,463943.91699999984,0.50866,0,,91.06005859375,91.33154296875,turing-3,0.13.4,,euclidean__mamut-warsaw-n110-k8-poi__seed__seed4__t300
euclidean,mamut-warsaw-n110-k8-poi,110,8,main,seed,5,300,300.021,199051,462103.79399999976,8,True,463943.91699999984,-0.39663,0,,91.06005859375,91.33154296875,turing-3,0.13.4,,euclidean__mamut-warsaw-n110-k8-poi__seed__seed5__t300
euclidean,mamut-warsaw-n110-k8-poi,110,8,main,seed,6,300,300.018,207855,462376.0039999999,8,True,463943.91699999984,-0.33795,0,,91.06005859375,91.33154296875,turing-3,0.13.4,,euclidean__mamut-warsaw-n110-k8-poi__seed__seed6__t300
euclidean,mamut-warsaw-n110-k8-poi,110,8,main,seed,7,300,300.019,131728,464283.20200000016,8,True,463943.91699999984,0.07313,0,,91.06005859375,91.33154296875,turing-3,0.13.4,,euclidean__mamut-warsaw-n110-k8-poi__seed__seed7__t300
euclidean,mamut-warsaw-n110-k8-poi,110,8,main,seed,8,300,300.024,138133,464223.4819999997,8,True,463943.91699999984,0.06026,0,,91.06005859375,91.33154296875,turing-3,0.13.4,,euclidean__mamut-warsaw-n110-k8-poi__seed__seed8__t300
euclidean,mamut-warsaw-n110-k8-poi,110,8,main,seed,9,300,300.019,195746,462376.00399999996,8,True,463943.91699999984,-0.33795,0,,91.06005859375,91.33154296875,turing-3,0.13.4,,euclidean__mamut-warsaw-n110-k8-poi__seed__seed9__t300
euclidean,mamut-warsaw-n110-k8-poi,110,8,main,seed,10,300,300.021,247181,461943.957,8,True,463943.91699999984,-0.43108,0,,91.06005859375,91.33154296875,turing-3,0.13.4,,euclidean__mamut-warsaw-n110-k8-poi__seed__seed10__t300
euclidean,mamut-montreal-n112-k9-par,112,9,polish,polish,1063,600,600.009,280942,584397.9089999996,9,True,585400.3840000002,-0.17125,1,kept_existing,90.13330078125,88.17578125,turing-3,0.13.4,euclidean__mamut-montreal-n112-k9-par__seed__seed4__t300,euclidean__mamut-montreal-n112-k9-par__polish__seed1063__t600
euclidean,mamut-montreal-n112-k9-par,112,9,main,seed,1,300,300.021,225977,585400.3840000001,9,True,585400.3840000002,-0.0,0,,90.14794921875,91.05517578125,turing-3,0.13.4,,euclidean__mamut-montreal-n112-k9-par__seed__seed1__t300
euclidean,mamut-montreal-n112-k9-par,112,9,main,seed,2,300,300.024,178790,585400.3840000002,9,True,585400.3840000002,0.0,0,,90.14794921875,91.05517578125,turing-3,0.13.4,,euclidean__mamut-montreal-n112-k9-par__seed__seed2__t300
euclidean,mamut-montreal-n112-k9-par,112,9,main,seed,3,300,300.017,152078,584397.9090000001,9,True,585400.3840000002,-0.17125,0,,90.14794921875,91.05517578125,turing-3,0.13.4,,euclidean__mamut-montreal-n112-k9-par__seed__seed3__t300
euclidean,mamut-montreal-n112-k9-par,112,9,main,seed,4,300,300.023,147028,584397.9089999996,9,True,585400.3840000002,-0.17125,0,,90.14794921875,91.05517578125,turing-3,0.13.4,,euclidean__mamut-montreal-n112-k9-par__seed__seed4__t300
euclidean,mamut-montreal-n112-k9-par,112,9,main,seed,5,300,300.028,145313,585400.3840000001,9,True,585400.3840000002,-0.0,0,,90.14794921875,91.05517578125,turing-3,0.13.4,,euclidean__mamut-montreal-n112-k9-par__seed__seed5__t300
euclidean,mamut-montreal-n112-k9-par,112,9,main,seed,6,300,300.016,152412,585400.3840000001,9,True,585400.3840000002,-0.0,0,,90.14794921875,91.05517578125,turing-3,0.13.4,,euclidean__mamut-montreal-n112-k9-par__seed__seed6__t300
euclidean,mamut-montreal-n112-k9-par,112,9,main,seed,7,300,300.035,202726,585400.3840000001,9,True,585400.3840000002,-0.0,0,,90.14794921875,91.05517578125,turing-3,0.13.4,,euclidean__mamut-montreal-n112-k9-par__seed__seed7__t300
euclidean,mamut-montreal-n112-k9-par,112,9,main,seed,8,300,300.025,141623,584397.9089999998,9,True,585400.3840000002,-0.17125,0,,90.14794921875,91.05517578125,turing-3,0.13.4,,euclidean__mamut-montreal-n112-k9-par__seed__seed8__t300
euclidean,mamut-montreal-n112-k9-par,112,9,main,seed,9,300,300.021,153282,584397.9090000001,9,True,585400.3840000002,-0.17125,0,,90.14794921875,91.05517578125,turing-3,0.13.4,,euclidean__mamut-montreal-n112-k9-par__seed__seed9__t300
euclidean,mamut-montreal-n112-k9-par,112,9,main,seed,10,300,300.025,152340,585400.3839999998,9,True,585400.3840000002,-0.0,0,,90.14794921875,91.05517578125,turing-3,0.13.4,,euclidean__mamut-montreal-n112-k9-par__seed__seed10__t300
euclidean,mamut-london-n115-k9-hyb,115,9,polish,polish,1051,600,600.011,379721,614910.0719999997,9,True,615662.4610000001,-0.12221,1,kept_existing,90.13330078125,88.17578125,turing-3,0.13.4,euclidean__mamut-london-n115-k9-hyb__seed__seed4__t300,euclidean__mamut-london-n115-k9-hyb__polish__seed1051__t600
euclidean,mamut-london-n115-k9-hyb,115,9,main,seed,1,300,300.023,199517,614910.0720000002,9,True,615662.4610000001,-0.12221,0,,90.14794921875,91.05029296875,turing-3,0.13.4,,euclidean__mamut-london-n115-k9-hyb__seed__seed1__t300
euclidean,mamut-london-n115-k9-hyb,115,9,main,seed,2,300,300.013,176165,616330.899,9,True,615662.4610000001,0.10857,0,,90.14794921875,91.06005859375,turing-3,0.13.4,,euclidean__mamut-london-n115-k9-hyb__seed__seed2__t300
euclidean,mamut-london-n115-k9-hyb,115,9,main,seed,3,300,300.016,197340,615662.4610000001,9,True,615662.4610000001,0.0,0,,90.14794921875,91.05517578125,turing-3,0.13.4,,euclidean__mamut-london-n115-k9-hyb__seed__seed3__t300
euclidean,mamut-london-n115-k9-hyb,115,9,main,seed,4,300,300.023,180490,614910.0719999997,9,True,615662.4610000001,-0.12221,0,,90.14794921875,91.05517578125,turing-3,0.13.4,,euclidean__mamut-london-n115-k9-hyb__seed__seed4__t300
euclidean,mamut-london-n115-k9-hyb,115,9,main,seed,5,300,300.022,183389,616330.899,9,True,615662.4610000001,0.10857,0,,90.14794921875,91.05517578125,turing-3,0.13.4,,euclidean__mamut-london-n115-k9-hyb__seed__seed5__t300
euclidean,mamut-london-n115-k9-hyb,115,9,main,seed,6,300,300.021,184982,616330.8990000002,9,True,615662.4610000001,0.10857,0,,90.14794921875,91.05517578125,turing-3,0.13.4,,euclidean__mamut-london-n115-k9-hyb__seed__seed6__t300
euclidean,mamut-london-n115-k9-hyb,115,9,main,seed,7,300,300.02,184254,614910.072,9,True,615662.4610000001,-0.12221,0,,90.14794921875,91.05517578125,turing-3,0.13.4,,euclidean__mamut-london-n115-k9-hyb__seed__seed7__t300
euclidean,mamut-london-n115-k9-hyb,115,9,main,seed,8,300,300.026,214093,615662.4609999998,9,True,615662.4610000001,-0.0,0,,90.14794921875,91.05517578125,turing-3,0.13.4,,euclidean__mamut-london-n115-k9-hyb__seed__seed8__t300
euclidean,mamut-london-n115-k9-hyb,115,9,main,seed,9,300,300.023,176640,616330.8989999999,9,True,615662.4610000001,0.10857,0,,90.14794921875,91.05517578125,turing-3,0.13.4,,euclidean__mamut-london-n115-k9-hyb__seed__seed9__t300
euclidean,mamut-london-n115-k9-hyb,115,9,main,seed,10,300,300.022,177027,616330.8989999999,9,True,615662.4610000001,0.10857,0,,90.14794921875,91.06005859375,turing-3,0.13.4,,euclidean__mamut-london-n115-k9-hyb__seed__seed10__t300
euclidean,mamut-sydney-n118-k9-poi,118,9,polish,polish,1098,600,600.006,332904,731176.0909999997,9,True,731176.0909999999,-0.0,1,kept_existing,90.2490234375,83.67822265625,turing-3,0.13.4,euclidean__mamut-sydney-n118-k9-poi__seed__seed1__t300,euclidean__mamut-sydney-n118-k9-poi__polish__seed1098__t600
euclidean,mamut-sydney-n118-k9-poi,118,9,main,seed,1,300,300.015,153308,731176.0909999997,9,True,731176.0909999999,-0.0,0,,90.21630859375,91.05029296875,turing-3,0.13.4,,euclidean__mamut-sydney-n118-k9-poi__seed__seed1__t300
euclidean,mamut-sydney-n118-k9-poi,118,9,main,seed,2,300,300.026,205463,731176.091,9,True,731176.0909999999,0.0,0,,90.21630859375,91.05029296875,turing-3,0.13.4,,euclidean__mamut-sydney-n118-k9-poi__seed__seed2__t300
euclidean,mamut-sydney-n118-k9-poi,118,9,main,seed,3,300,300.026,186665,731176.0909999997,9,True,731176.0909999999,-0.0,0,,90.21630859375,91.05029296875,turing-3,0.13.4,,euclidean__mamut-sydney-n118-k9-poi__seed__seed3__t300
euclidean,mamut-sydney-n118-k9-poi,118,9,main,seed,4,300,300.025,157251,731176.0909999999,9,True,731176.0909999999,0.0,0,,90.21630859375,91.05029296875,turing-3,0.13.4,,euclidean__mamut-sydney-n118-k9-poi__seed__seed4__t300
euclidean,mamut-sydney-n118-k9-poi,118,9,main,seed,5,300,300.028,215397,731176.0909999999,9,True,731176.0909999999,0.0,0,,90.21630859375,91.05029296875,turing-3,0.13.4,,euclidean__mamut-sydney-n118-k9-poi__seed__seed5__t300
euclidean,mamut-sydney-n118-k9-poi,118,9,main,seed,6,300,300.023,158699,731176.091,9,True,731176.0909999999,0.0,0,,90.21630859375,91.05029296875,turing-3,0.13.4,,euclidean__mamut-sydney-n118-k9-poi__seed__seed6__t300
euclidean,mamut-sydney-n118-k9-poi,118,9,main,seed,7,300,300.021,154587,731176.0910000001,9,True,731176.0909999999,0.0,0,,90.21630859375,91.05029296875,turing-3,0.13.4,,euclidean__mamut-sydney-n118-k9-poi__seed__seed7__t300
euclidean,mamut-sydney-n118-k9-poi,118,9,main,seed,8,300,300.022,162468,731176.0909999998,9,True,731176.0909999999,-0.0,0,,90.21630859375,91.05029296875,turing-3,0.13.4,,euclidean__mamut-sydney-n118-k9-poi__seed__seed8__t300
euclidean,mamut-sydney-n118-k9-poi,118,9,main,seed,9,300,300.022,252358,731176.0910000001,9,True,731176.0909999999,0.0,0,,90.21630859375,91.05029296875,turing-3,0.13.4,,euclidean__mamut-sydney-n118-k9-poi__seed__seed9__t300
euclidean,mamut-sydney-n118-k9-poi,118,9,main,seed,10,300,300.023,186014,731176.091,9,True,731176.0909999999,0.0,0,,90.21630859375,91.05029296875,turing-3,0.13.4,,euclidean__mamut-sydney-n118-k9-poi__seed__seed10__t300
euclidean,mamut-bogota-n120-k9-poi,120,9,polish,polish,1018,600,600.018,168151,1825327.5909999995,9,True,1826231.374,-0.04949,1,kept_existing,90.14501953125,89.06201171875,turing-3,0.13.4,euclidean__mamut-bogota-n120-k9-poi__seed__seed9__t300,euclidean__mamut-bogota-n120-k9-poi__polish__seed1018__t600
euclidean,mamut-bogota-n120-k9-poi,120,9,main,seed,1,300,300.025,89515,1825327.5910000005,9,True,1826231.374,-0.04949,0,,90.1611328125,91.06005859375,turing-3,0.13.4,,euclidean__mamut-bogota-n120-k9-poi__seed__seed1__t300
euclidean,mamut-bogota-n120-k9-poi,120,9,main,seed,2,300,300.028,115313,1825957.9639999985,9,True,1826231.374,-0.01497,0,,90.1611328125,91.06005859375,turing-3,0.13.4,,euclidean__mamut-bogota-n120-k9-poi__seed__seed2__t300
euclidean,mamut-bogota-n120-k9-poi,120,9,main,seed,3,300,300.025,112990,1825433.605999999,9,True,1826231.374,-0.04368,0,,90.1611328125,91.06005859375,turing-3,0.13.4,,euclidean__mamut-bogota-n120-k9-poi__seed__seed3__t300
euclidean,mamut-bogota-n120-k9-poi,120,9,main,seed,4,300,300.025,70152,1825333.9959999998,9,True,1826231.374,-0.04914,0,,90.1611328125,91.06005859375,turing-3,0.13.4,,euclidean__mamut-bogota-n120-k9-poi__seed__seed4__t300
euclidean,mamut-bogota-n120-k9-poi,120,9,main,seed,5,300,300.028,124660,1825327.5910000002,9,True,1826231.374,-0.04949,0,,90.1611328125,91.06005859375,turing-3,0.13.4,,euclidean__mamut-bogota-n120-k9-poi__seed__seed5__t300
euclidean,mamut-bogota-n120-k9-poi,120,9,main,seed,6,300,300.027,116538,1825647.6599999992,9,True,1826231.374,-0.03196,0,,90.1611328125,91.06005859375,turing-3,0.13.4,,euclidean__mamut-bogota-n120-k9-poi__seed__seed6__t300
euclidean,mamut-bogota-n120-k9-poi,120,9,main,seed,7,300,300.022,73921,1825957.9639999992,9,True,1826231.374,-0.01497,0,,90.1611328125,91.06005859375,turing-3,0.13.4,,euclidean__mamut-bogota-n120-k9-poi__seed__seed7__t300
euclidean,mamut-bogota-n120-k9-poi,120,9,main,seed,8,300,300.024,69445,1825333.9959999989,9,True,1826231.374,-0.04914,0,,90.1611328125,91.06005859375,turing-3,0.13.4,,euclidean__mamut-bogota-n120-k9-poi__seed__seed8__t300
euclidean,mamut-bogota-n120-k9-poi,120,9,main,seed,9,300,300.033,129055,1825327.5909999995,9,True,1826231.374,-0.04949,0,,90.1611328125,91.06005859375,turing-3,0.13.4,,euclidean__mamut-bogota-n120-k9-poi__seed__seed9__t300
euclidean,mamut-bogota-n120-k9-poi,120,9,main,seed,10,300,300.03,67299,1825446.8509999986,9,True,1826231.374,-0.04296,0,,90.1611328125,91.06005859375,turing-3,0.13.4,,euclidean__mamut-bogota-n120-k9-poi__seed__seed10__t300
euclidean,mamut-sao_paulo-n123-k9-poi,123,9,polish,polish,1091,600,600.009,335125,493636.79799999995,9,True,493636.79799999995,0.0,1,,90.2490234375,83.67822265625,turing-3,0.13.4,bks:pyvrp-ils-v1:seed42,euclidean__mamut-sao_paulo-n123-k9-poi__polish__seed1091__t600
euclidean,mamut-sao_paulo-n123-k9-poi,123,9,main,seed,1,300,300.027,172890,493651.0410000001,9,True,493636.79799999995,0.00289,0,,90.14794921875,91.05517578125,turing-3,0.13.4,,euclidean__mamut-sao_paulo-n123-k9-poi__seed__seed1__t300
euclidean,mamut-sao_paulo-n123-k9-poi,123,9,main,seed,2,300,300.024,200501,494089.73500000016,9,True,493636.79799999995,0.09176,0,,90.14794921875,91.05517578125,turing-3,0.13.4,,euclidean__mamut-sao_paulo-n123-k9-poi__seed__seed2__t300
euclidean,mamut-sao_paulo-n123-k9-poi,123,9,main,seed,3,300,300.025,170772,494089.73500000016,9,True,493636.79799999995,0.09176,0,,90.14794921875,91.05517578125,turing-3,0.13.4,,euclidean__mamut-sao_paulo-n123-k9-poi__seed__seed3__t300
euclidean,mamut-sao_paulo-n123-k9-poi,123,9,main,seed,4,300,300.014,203162,494089.73500000034,9,True,493636.79799999995,0.09176,0,,90.14794921875,91.05517578125,turing-3,0.13.4,,euclidean__mamut-sao_paulo-n123-k9-poi__seed__seed4__t300
euclidean,mamut-sao_paulo-n123-k9-poi,123,9,main,seed,5,300,300.027,264854,494089.7350000002,9,True,493636.79799999995,0.09176,0,,90.14794921875,91.05517578125,turing-3,0.13.4,,euclidean__mamut-sao_paulo-n123-k9-poi__seed__seed5__t300
euclidean,mamut-sao_paulo-n123-k9-poi,123,9,main,seed,6,300,300.028,262074,494089.73500000016,9,True,493636.79799999995,0.09176,0,,90.14794921875,91.05517578125,turing-3,0.13.4,,euclidean__mamut-sao_paulo-n123-k9-poi__seed__seed6__t300
euclidean,mamut-sao_paulo-n123-k9-poi,123,9,main,seed,7,300,300.023,164916,493636.7980000001,9,True,493636.79799999995,0.0,0,,90.14794921875,91.05517578125,turing-3,0.13.4,,euclidean__mamut-sao_paulo-n123-k9-poi__seed__seed7__t300
euclidean,mamut-sao_paulo-n123-k9-poi,123,9,main,seed,8,300,300.021,164964,494089.73500000016,9,True,493636.79799999995,0.09176,0,,90.14794921875,91.05517578125,turing-3,0.13.4,,euclidean__mamut-sao_paulo-n123-k9-poi__seed__seed8__t300
euclidean,mamut-sao_paulo-n123-k9-poi,123,9,main,seed,9,300,300.019,299087,494089.7350000003,9,True,493636.79799999995,0.09176,0,,90.21630859375,91.05029296875,turing-3,0.13.4,,euclidean__mamut-sao_paulo-n123-k9-poi__seed__seed9__t300
euclidean,mamut-sao_paulo-n123-k9-poi,123,9,main,seed,10,300,300.026,205232,493636.7980000001,9,True,493636.79799999995,0.0,0,,90.14794921875,91.05517578125,turing-3,0.13.4,,euclidean__mamut-sao_paulo-n123-k9-poi__seed__seed10__t300
euclidean,mamut-singapore-n126-k10-poi,126,10,polish,polish,1092,604,604.011,247859,862359.1930000003,10,True,863078.3120000003,-0.08332,1,replaced,90.2216796875,90.57421875,turing-3,0.13.4,euclidean__mamut-singapore-n126-k10-poi__seed__seed9__t302,euclidean__mamut-singapore-n126-k10-poi__polish__seed1092__t604
euclidean,mamut-singapore-n126-k10-poi,126,10,main,seed,1,302,302.025,89840,862520.0859999999,10,True,863078.3120000003,-0.06468,0,,90.06103515625,90.1611328125,turing-3,0.13.4,,euclidean__mamut-singapore-n126-k10-poi__seed__seed1__t302
euclidean,mamut-singapore-n126-k10-poi,126,10,main,seed,2,302,302.028,162021,862364.0740000006,10,True,863078.3120000003,-0.08275,0,,90.06103515625,90.1611328125,turing-3,0.13.4,,euclidean__mamut-singapore-n126-k10-poi__seed__seed2__t302
euclidean,mamut-singapore-n126-k10-poi,126,10,main,seed,3,302,302.016,147469,862527.3930000004,10,True,863078.3120000003,-0.06383,0,,90.06103515625,90.1611328125,turing-3,0.13.4,,euclidean__mamut-singapore-n126-k10-poi__seed__seed3__t302
euclidean,mamut-singapore-n126-k10-poi,126,10,main,seed,4,302,302.018,109907,862520.0859999997,10,True,863078.3120000003,-0.06468,0,,90.06103515625,90.1611328125,turing-3,0.13.4,,euclidean__mamut-singapore-n126-k10-poi__seed__seed4__t302
euclidean,mamut-singapore-n126-k10-poi,126,10,main,seed,5,302,302.022,130103,862520.0860000002,10,True,863078.3120000003,-0.06468,0,,90.06103515625,90.1611328125,turing-3,0.13.4,,euclidean__mamut-singapore-n126-k10-poi__seed__seed5__t302
euclidean,mamut-singapore-n126-k10-poi,126,10,main,seed,6,302,302.027,179870,862520.0860000004,10,True,863078.3120000003,-0.06468,0,,90.06103515625,90.1611328125,turing-3,0.13.4,,euclidean__mamut-singapore-n126-k10-poi__seed__seed6__t302
euclidean,mamut-singapore-n126-k10-poi,126,10,main,seed,7,302,302.036,89907,862570.3390000003,10,True,863078.3120000003,-0.05886,0,,90.06103515625,90.1611328125,turing-3,0.13.4,,euclidean__mamut-singapore-n126-k10-poi__seed__seed7__t302
euclidean,mamut-singapore-n126-k10-poi,126,10,main,seed,8,302,302.024,136148,862520.0860000004,10,True,863078.3120000003,-0.06468,0,,90.06103515625,90.1611328125,turing-3,0.13.4,,euclidean__mamut-singapore-n126-k10-poi__seed__seed8__t302
euclidean,mamut-singapore-n126-k10-poi,126,10,main,seed,9,302,302.021,134680,862359.3760000002,10,True,863078.3120000003,-0.0833,0,,90.06103515625,90.1611328125,turing-3,0.13.4,,euclidean__mamut-singapore-n126-k10-poi__seed__seed9__t302
euclidean,mamut-singapore-n126-k10-poi,126,10,main,seed,10,302,302.025,105728,862520.0860000004,10,True,863078.3120000003,-0.06468,0,,90.06103515625,90.1611328125,turing-3,0.13.4,,euclidean__mamut-singapore-n126-k10-poi__seed__seed10__t302
euclidean,mamut-clermont_ferrand-n129-k9-poi,129,9,polish,polish,1033,618,618.01,217267,271682.1319999998,9,True,271682.13200000004,-0.0,1,kept_existing,90.2216796875,90.17138671875,turing-3,0.13.4,euclidean__mamut-clermont_ferrand-n129-k9-poi__seed__seed8__t309,euclidean__mamut-clermont_ferrand-n129-k9-poi__polish__seed1033__t618
euclidean,mamut-clermont_ferrand-n129-k9-poi,129,9,main,seed,1,309,309.035,77913,271682.1319999999,9,True,271682.13200000004,-0.0,0,,90.072265625,90.1611328125,turing-3,0.13.4,,euclidean__mamut-clermont_ferrand-n129-k9-poi__seed__seed1__t309
euclidean,mamut-clermont_ferrand-n129-k9-poi,129,9,main,seed,2,309,309.015,92995,271682.13199999987,9,True,271682.13200000004,-0.0,0,,90.072265625,90.1611328125,turing-3,0.13.4,,euclidean__mamut-clermont_ferrand-n129-k9-poi__seed__seed2__t309
euclidean,mamut-clermont_ferrand-n129-k9-poi,129,9,main,seed,3,309,309.023,81869,271682.13199999987,9,True,271682.13200000004,-0.0,0,,90.072265625,90.1611328125,turing-3,0.13.4,,euclidean__mamut-clermont_ferrand-n129-k9-poi__seed__seed3__t309
euclidean,mamut-clermont_ferrand-n129-k9-poi,129,9,main,seed,4,309,309.023,95914,271682.13200000004,9,True,271682.13200000004,0.0,0,,90.072265625,90.1611328125,turing-3,0.13.4,,euclidean__mamut-clermont_ferrand-n129-k9-poi__seed__seed4__t309
euclidean,mamut-clermont_ferrand-n129-k9-poi,129,9,main,seed,5,309,309.017,87333,271682.132,9,True,271682.13200000004,-0.0,0,,90.072265625,90.1611328125,turing-3,0.13.4,,euclidean__mamut-clermont_ferrand-n129-k9-poi__seed__seed5__t309
euclidean,mamut-clermont_ferrand-n129-k9-poi,129,9,main,seed,6,309,309.033,159987,271682.132,9,True,271682.13200000004,-0.0,0,,90.072265625,90.1611328125,turing-3,0.13.4,,euclidean__mamut-clermont_ferrand-n129-k9-poi__seed__seed6__t309
euclidean,mamut-clermont_ferrand-n129-k9-poi,129,9,main,seed,7,309,309.022,107707,271682.132,9,True,271682.13200000004,-0.0,0,,90.072265625,90.1611328125,turing-3,0.13.4,,euclidean__mamut-clermont_ferrand-n129-k9-poi__seed__seed7__t309
euclidean,mamut-clermont_ferrand-n129-k9-poi,129,9,main,seed,8,309,309.032,88307,271682.1319999998,9,True,271682.13200000004,-0.0,0,,90.072265625,90.1611328125,turing-3,0.13.4,,euclidean__mamut-clermont_ferrand-n129-k9-poi__seed__seed8__t309
euclidean,mamut-clermont_ferrand-n129-k9-poi,129,9,main,seed,9,309,309.033,84361,271682.13200000004,9,True,271682.13200000004,0.0,0,,90.072265625,90.1611328125,turing-3,0.13.4,,euclidean__mamut-clermont_ferrand-n129-k9-poi__seed__seed9__t309
euclidean,mamut-clermont_ferrand-n129-k9-poi,129,9,main,seed,10,309,309.019,129800,271682.13200000004,9,True,271682.13200000004,0.0,0,,90.072265625,90.1611328125,turing-3,0.13.4,,euclidean__mamut-clermont_ferrand-n129-k9-poi__seed__seed10__t309
euclidean,mamut-perpignan-n132-k9-poi,132,9,polish,polish,1078,632,632.015,181442,271491.35999999987,9,True,271491.3599999999,-0.0,1,kept_existing,90.2626953125,89.6767578125,turing-3,0.13.4,euclidean__mamut-perpignan-n132-k9-poi__seed__seed1__t316,euclidean__mamut-perpignan-n132-k9-poi__polish__seed1078__t632
euclidean,mamut-perpignan-n132-k9-poi,132,9,main,seed,1,316,316.036,90773,271491.35999999987,9,True,271491.3599999999,-0.0,0,,90.07861328125,90.1611328125,turing-3,0.13.4,,euclidean__mamut-perpignan-n132-k9-poi__seed__seed1__t316
euclidean,mamut-perpignan-n132-k9-poi,132,9,main,seed,2,316,316.016,116582,271491.3599999999,9,True,271491.3599999999,0.0,0,,90.07861328125,90.14794921875,turing-3,0.13.4,,euclidean__mamut-perpignan-n132-k9-poi__seed__seed2__t316
euclidean,mamut-perpignan-n132-k9-poi,132,9,main,seed,3,316,316.015,92790,271491.35999999987,9,True,271491.3599999999,-0.0,0,,90.072265625,90.14794921875,turing-3,0.13.4,,euclidean__mamut-perpignan-n132-k9-poi__seed__seed3__t316
euclidean,mamut-perpignan-n132-k9-poi,132,9,main,seed,4,316,316.032,111309,271491.35999999987,9,True,271491.3599999999,-0.0,0,,90.072265625,90.14794921875,turing-3,0.13.4,,euclidean__mamut-perpignan-n132-k9-poi__seed__seed4__t316
euclidean,mamut-perpignan-n132-k9-poi,132,9,main,seed,5,316,316.033,115300,271491.35999999987,9,True,271491.3599999999,-0.0,0,,90.072265625,90.14794921875,turing-3,0.13.4,,euclidean__mamut-perpignan-n132-k9-poi__seed__seed5__t316
euclidean,mamut-perpignan-n132-k9-poi,132,9,main,seed,6,316,316.026,89008,271491.36,9,True,271491.3599999999,0.0,0,,90.072265625,90.14794921875,turing-3,0.13.4,,euclidean__mamut-perpignan-n132-k9-poi__seed__seed6__t316
euclidean,mamut-perpignan-n132-k9-poi,132,9,main,seed,7,316,316.037,147875,271491.36,9,True,271491.3599999999,0.0,0,,90.072265625,90.14794921875,turing-3,0.13.4,,euclidean__mamut-perpignan-n132-k9-poi__seed__seed7__t316
euclidean,mamut-perpignan-n132-k9-poi,132,9,main,seed,8,316,316.029,92551,271491.35999999987,9,True,271491.3599999999,-0.0,0,,90.072265625,90.14794921875,turing-3,0.13.4,,euclidean__mamut-perpignan-n132-k9-poi__seed__seed8__t316
euclidean,mamut-perpignan-n132-k9-poi,132,9,main,seed,9,316,316.016,94683,271491.35999999987,9,True,271491.3599999999,-0.0,0,,90.072265625,90.14794921875,turing-3,0.13.4,,euclidean__mamut-perpignan-n132-k9-poi__seed__seed9__t316
euclidean,mamut-perpignan-n132-k9-poi,132,9,main,seed,10,316,316.029,92906,271491.3599999999,9,True,271491.3599999999,0.0,0,,90.07861328125,90.1611328125,turing-3,0.13.4,,euclidean__mamut-perpignan-n132-k9-poi__seed__seed10__t316
euclidean,mamut-metz-n135-k10-poi,135,10,polish,polish,1060,648,648.014,288704,159991.62,10,True,160240.20799999984,-0.15513,1,kept_existing,90.28564453125,87.12060546875,turing-3,0.13.4,euclidean__mamut-metz-n135-k10-poi__seed__seed9__t324,euclidean__mamut-metz-n135-k10-poi__polish__seed1060__t648
euclidean,mamut-metz-n135-k10-poi,135,10,main,seed,1,324,324.028,105108,160270.521,10,True,160240.20799999984,0.01892,0,,90.3271484375,90.07861328125,turing-3,0.13.4,,euclidean__mamut-metz-n135-k10-poi__seed__seed1__t324
euclidean,mamut-metz-n135-k10-poi,135,10,main,seed,2,324,324.032,193390,160240.20799999987,10,True,160240.20799999984,0.0,0,,90.3271484375,90.07861328125,turing-3,0.13.4,,euclidean__mamut-metz-n135-k10-poi__seed__seed2__t324
euclidean,mamut-metz-n135-k10-poi,135,10,main,seed,3,324,324.032,106736,160270.52099999995,10,True,160240.20799999984,0.01892,0,,90.3271484375,90.07861328125,turing-3,0.13.4,,euclidean__mamut-metz-n135-k10-poi__seed__seed3__t324
euclidean,mamut-metz-n135-k10-poi,135,10,main,seed,4,324,324.028,105311,160240.20799999998,10,True,160240.20799999984,0.0,0,,90.3271484375,90.07861328125,turing-3,0.13.4,,euclidean__mamut-metz-n135-k10-poi__seed__seed4__t324
euclidean,mamut-metz-n135-k10-poi,135,10,main,seed,5,324,324.027,110477,160240.20799999993,10,True,160240.20799999984,0.0,0,,90.3271484375,90.07861328125,turing-3,0.13.4,,euclidean__mamut-metz-n135-k10-poi__seed__seed5__t324
euclidean,mamut-metz-n135-k10-poi,135,10,main,seed,6,324,324.029,113073,160267.42799999996,10,True,160240.20799999984,0.01699,0,,90.3271484375,90.07861328125,turing-3,0.13.4,,euclidean__mamut-metz-n135-k10-poi__seed__seed6__t324
euclidean,mamut-metz-n135-k10-poi,135,10,main,seed,7,324,324.039,105400,160270.52099999992,10,True,160240.20799999984,0.01892,0,,90.3271484375,90.07861328125,turing-3,0.13.4,,euclidean__mamut-metz-n135-k10-poi__seed__seed7__t324
euclidean,mamut-metz-n135-k10-poi,135,10,main,seed,8,324,324.032,105302,160575.45899999994,10,True,160240.20799999984,0.20922,0,,90.3271484375,90.07861328125,turing-3,0.13.4,,euclidean__mamut-metz-n135-k10-poi__seed__seed8__t324
euclidean,mamut-metz-n135-k10-poi,135,10,main,seed,9,324,324.032,182146,159991.62,10,True,160240.20799999984,-0.15513,0,,90.30078125,90.072265625,turing-3,0.13.4,,euclidean__mamut-metz-n135-k10-poi__seed__seed9__t324
euclidean,mamut-metz-n135-k10-poi,135,10,main,seed,10,324,324.034,106994,160240.20800000004,10,True,160240.20799999984,0.0,0,,90.3271484375,90.07861328125,turing-3,0.13.4,,euclidean__mamut-metz-n135-k10-poi__seed__seed10__t324
euclidean,mamut-reykjavik-n138-k10-poi,138,10,polish,polish,1084,662,662.011,343514,214112.54799999986,10,True,214112.54799999995,-0.0,1,kept_existing,90.31103515625,84.869140625,turing-3,0.13.4,euclidean__mamut-reykjavik-n138-k10-poi__seed__seed3__t331,euclidean__mamut-reykjavik-n138-k10-poi__polish__seed1084__t662
euclidean,mamut-reykjavik-n138-k10-poi,138,10,main,seed,1,331,331.027,168806,214112.54799999995,10,True,214112.54799999995,0.0,0,,90.3271484375,90.072265625,turing-3,0.13.4,,euclidean__mamut-reykjavik-n138-k10-poi__seed__seed1__t331
euclidean,mamut-reykjavik-n138-k10-poi,138,10,main,seed,2,331,331.029,285173,214112.54799999995,10,True,214112.54799999995,0.0,0,,90.3271484375,90.072265625,turing-3,0.13.4,,euclidean__mamut-reykjavik-n138-k10-poi__seed__seed2__t331
euclidean,mamut-reykjavik-n138-k10-poi,138,10,main,seed,3,331,331.024,208336,214112.54799999986,10,True,214112.54799999995,-0.0,0,,90.3271484375,90.072265625,turing-3,0.13.4,,euclidean__mamut-reykjavik-n138-k10-poi__seed__seed3__t331
euclidean,mamut-reykjavik-n138-k10-poi,138,10,main,seed,4,331,331.025,169290,214112.54799999995,10,True,214112.54799999995,0.0,0,,90.3271484375,90.072265625,turing-3,0.13.4,,euclidean__mamut-reykjavik-n138-k10-poi__seed__seed4__t331
euclidean,mamut-reykjavik-n138-k10-poi,138,10,main,seed,5,331,331.028,188871,214112.5479999999,10,True,214112.54799999995,-0.0,0,,90.3271484375,90.072265625,turing-3,0.13.4,,euclidean__mamut-reykjavik-n138-k10-poi__seed__seed5__t331
euclidean,mamut-reykjavik-n138-k10-poi,138,10,main,seed,6,331,331.028,166368,214112.54799999998,10,True,214112.54799999995,0.0,0,,90.3271484375,90.072265625,turing-3,0.13.4,,euclidean__mamut-reykjavik-n138-k10-poi__seed__seed6__t331
euclidean,mamut-reykjavik-n138-k10-poi,138,10,main,seed,7,331,331.033,184328,214112.54799999986,10,True,214112.54799999995,-0.0,0,,90.3271484375,90.072265625,turing-3,0.13.4,,euclidean__mamut-reykjavik-n138-k10-poi__seed__seed7__t331
euclidean,mamut-reykjavik-n138-k10-poi,138,10,main,seed,8,331,331.018,173727,214112.54799999992,10,True,214112.54799999995,-0.0,0,,90.3271484375,90.072265625,turing-3,0.13.4,,euclidean__mamut-reykjavik-n138-k10-poi__seed__seed8__t331
euclidean,mamut-reykjavik-n138-k10-poi,138,10,main,seed,9,331,331.023,171208,214112.54799999992,10,True,214112.54799999995,-0.0,0,,90.3271484375,90.072265625,turing-3,0.13.4,,euclidean__mamut-reykjavik-n138-k10-poi__seed__seed9__t331
euclidean,mamut-reykjavik-n138-k10-poi,138,10,main,seed,10,331,331.03,169089,214112.54799999992,10,True,214112.54799999995,-0.0,0,,90.3271484375,90.072265625,turing-3,0.13.4,,euclidean__mamut-reykjavik-n138-k10-poi__seed__seed10__t331
euclidean,mamut-new_york-n142-k9-hyb,142,9,polish,polish,1070,680,680.009,397082,699185.4639999996,10,True,699185.4640000004,-0.0,1,kept_existing,90.31103515625,80.95947265625,turing-3,0.13.4,euclidean__mamut-new_york-n142-k9-hyb__seed__seed8__t340,euclidean__mamut-new_york-n142-k9-hyb__polish__seed1070__t680
euclidean,mamut-new_york-n142-k9-hyb,142,9,main,seed,1,340,340.02,292402,700911.1909999999,10,True,699185.4640000004,0.24682,0,,90.29150390625,90.072265625,turing-3,0.13.4,,euclidean__mamut-new_york-n142-k9-hyb__seed__seed1__t340
euclidean,mamut-new_york-n142-k9-hyb,142,9,main,seed,2,340,340.027,217631,699185.4640000002,10,True,699185.4640000004,-0.0,0,,90.26806640625,90.072265625,turing-3,0.13.4,,euclidean__mamut-new_york-n142-k9-hyb__seed__seed2__t340
euclidean,mamut-new_york-n142-k9-hyb,142,9,main,seed,3,340,340.028,307626,700390.2029999999,10,True,699185.4640000004,0.17231,0,,90.26806640625,90.06640625,turing-3,0.13.4,,euclidean__mamut-new_york-n142-k9-hyb__seed__seed3__t340
euclidean,mamut-new_york-n142-k9-hyb,142,9,main,seed,4,340,340.032,187800,699903.7260000001,10,True,699185.4640000004,0.10273,0,,90.26806640625,90.06640625,turing-3,0.13.4,,euclidean__mamut-new_york-n142-k9-hyb__seed__seed4__t340
euclidean,mamut-new_york-n142-k9-hyb,142,9,main,seed,5,340,340.019,167368,699185.4639999999,10,True,699185.4640000004,-0.0,0,,90.3271484375,90.06103515625,turing-3,0.13.4,,euclidean__mamut-new_york-n142-k9-hyb__seed__seed5__t340
euclidean,mamut-new_york-n142-k9-hyb,142,9,main,seed,6,340,340.028,309974,701103.892,10,True,699185.4640000004,0.27438,0,,90.3271484375,90.06103515625,turing-3,0.13.4,,euclidean__mamut-new_york-n142-k9-hyb__seed__seed6__t340
euclidean,mamut-new_york-n142-k9-hyb,142,9,main,seed,7,340,340.029,298158,700390.2029999999,10,True,699185.4640000004,0.17231,0,,90.3271484375,90.06103515625,turing-3,0.13.4,,euclidean__mamut-new_york-n142-k9-hyb__seed__seed7__t340
euclidean,mamut-new_york-n142-k9-hyb,142,9,main,seed,8,340,340.026,288866,699185.4639999996,10,True,699185.4640000004,-0.0,0,,90.3271484375,90.06103515625,turing-3,0.13.4,,euclidean__mamut-new_york-n142-k9-hyb__seed__seed8__t340
euclidean,mamut-new_york-n142-k9-hyb,142,9,main,seed,9,340,340.022,262682,700557.273,10,True,699185.4640000004,0.1962,0,,90.3271484375,90.06103515625,turing-3,0.13.4,,euclidean__mamut-new_york-n142-k9-hyb__seed__seed9__t340
euclidean,mamut-new_york-n142-k9-hyb,142,9,main,seed,10,340,340.031,267762,699185.4639999999,10,True,699185.4640000004,-0.0,0,,90.29150390625,90.072265625,turing-3,0.13.4,,euclidean__mamut-new_york-n142-k9-hyb__seed__seed10__t340
euclidean,mamut-berlin-n145-k11-hyb,145,11,polish,polish,1015,696,696.009,340458,571853.8099999999,11,True,571853.81,-0.0,1,kept_existing,90.33837890625,78.11767578125,turing-3,0.13.4,euclidean__mamut-berlin-n145-k11-hyb__seed__seed10__t348,euclidean__mamut-berlin-n145-k11-hyb__polish__seed1015__t696
euclidean,mamut-berlin-n145-k11-hyb,145,11,main,seed,1,348,348.024,190596,571865.5500000003,11,True,571853.81,0.00205,0,,90.48291015625,90.29150390625,turing-3,0.13.4,,euclidean__mamut-berlin-n145-k11-hyb__seed__seed1__t348
euclidean,mamut-berlin-n145-k11-hyb,145,11,main,seed,2,348,348.026,148463,573388.9310000002,11,True,571853.81,0.26845,0,,90.48291015625,90.29150390625,turing-3,0.13.4,,euclidean__mamut-berlin-n145-k11-hyb__seed__seed2__t348
euclidean,mamut-berlin-n145-k11-hyb,145,11,main,seed,3,348,348.04,149104,571853.8100000002,11,True,571853.81,0.0,0,,90.48291015625,90.29150390625,turing-3,0.13.4,,euclidean__mamut-berlin-n145-k11-hyb__seed__seed3__t348
euclidean,mamut-berlin-n145-k11-hyb,145,11,main,seed,4,348,348.03,186325,573006.506,11,True,571853.81,0.20157,0,,90.48291015625,90.29150390625,turing-3,0.13.4,,euclidean__mamut-berlin-n145-k11-hyb__seed__seed4__t348
euclidean,mamut-berlin-n145-k11-hyb,145,11,main,seed,5,348,348.036,203238,571853.81,11,True,571853.81,0.0,0,,90.48291015625,90.29150390625,turing-3,0.13.4,,euclidean__mamut-berlin-n145-k11-hyb__seed__seed5__t348
euclidean,mamut-berlin-n145-k11-hyb,145,11,main,seed,6,348,348.028,228360,571853.8100000004,11,True,571853.81,0.0,0,,90.48291015625,90.29150390625,turing-3,0.13.4,,euclidean__mamut-berlin-n145-k11-hyb__seed__seed6__t348
euclidean,mamut-berlin-n145-k11-hyb,145,11,main,seed,7,348,348.035,236353,572763.1859999998,11,True,571853.81,0.15902,0,,90.48291015625,90.29150390625,turing-3,0.13.4,,euclidean__mamut-berlin-n145-k11-hyb__seed__seed7__t348
euclidean,mamut-berlin-n145-k11-hyb,145,11,main,seed,8,348,348.034,150640,573717.5949999997,11,True,571853.81,0.32592,0,,90.48291015625,90.29150390625,turing-3,0.13.4,,euclidean__mamut-berlin-n145-k11-hyb__seed__seed8__t348
euclidean,mamut-berlin-n145-k11-hyb,145,11,main,seed,9,348,348.029,206252,572575.339,11,True,571853.81,0.12617,0,,90.48291015625,90.26806640625,turing-3,0.13.4,,euclidean__mamut-berlin-n145-k11-hyb__seed__seed9__t348
euclidean,mamut-berlin-n145-k11-hyb,145,11,main,seed,10,348,348.033,159679,571853.8099999999,11,True,571853.81,-0.0,0,,90.48291015625,90.29150390625,turing-3,0.13.4,,euclidean__mamut-berlin-n145-k11-hyb__seed__seed10__t348
euclidean,mamut-le_mans-n148-k16-poi,148,16,pilot,long,101,1420,1420.024,464380,512360.9020000001,16,True,512534.752,-0.03392,0,,1.15380859375,90.30029296875,turing-3,0.13.4,,euclidean__mamut-le_mans-n148-k16-poi__long__seed101__t1420
euclidean,mamut-le_mans-n148-k16-poi,148,16,polish,polish,1047,710,710.011,320093,512023.564,16,True,512534.752,-0.09974,1,replaced,90.33837890625,73.86376953125,turing-3,0.13.4,euclidean__mamut-le_mans-n148-k16-poi__seed__seed4__t355,euclidean__mamut-le_mans-n148-k16-poi__polish__seed1047__t710
euclidean,mamut-le_mans-n148-k16-poi,148,16,pilot,seed,1,355,355.027,99810,512365.8559999999,16,True,512534.752,-0.03295,0,,90.21337890625,90.2216796875,turing-3,0.13.4,,euclidean__mamut-le_mans-n148-k16-poi__seed__seed1__t355
euclidean,mamut-le_mans-n148-k16-poi,148,16,pilot,seed,2,355,355.03,110124,512396.07499999995,16,True,512534.752,-0.02706,0,,90.21337890625,90.2216796875,turing-3,0.13.4,,euclidean__mamut-le_mans-n148-k16-poi__seed__seed2__t355
euclidean,mamut-le_mans-n148-k16-poi,148,16,pilot,seed,3,355,355.034,100475,513949.89899999986,16,True,512534.752,0.27611,0,,90.21337890625,90.2216796875,turing-3,0.13.4,,euclidean__mamut-le_mans-n148-k16-poi__seed__seed3__t355
euclidean,mamut-le_mans-n148-k16-poi,148,16,main,seed,4,355,355.031,91672,512055.15299999993,16,True,512534.752,-0.09357,0,,90.48291015625,90.26806640625,turing-3,0.13.4,,euclidean__mamut-le_mans-n148-k16-poi__seed__seed4__t355
euclidean,mamut-le_mans-n148-k16-poi,148,16,main,seed,5,355,355.039,48434,513219.063,16,True,512534.752,0.13352,0,,90.48291015625,90.26806640625,turing-3,0.13.4,,euclidean__mamut-le_mans-n148-k16-poi__seed__seed5__t355
euclidean,mamut-le_mans-n148-k16-poi,148,16,main,seed,6,355,355.031,177394,512360.902,16,True,512534.752,-0.03392,0,,90.48291015625,90.26806640625,turing-3,0.13.4,,euclidean__mamut-le_mans-n148-k16-poi__seed__seed6__t355
euclidean,mamut-le_mans-n148-k16-poi,148,16,main,seed,7,355,355.021,178415,512365.8560000001,16,True,512534.752,-0.03295,0,,90.263671875,90.26806640625,turing-3,0.13.4,,euclidean__mamut-le_mans-n148-k16-poi__seed__seed7__t355
euclidean,mamut-le_mans-n148-k16-poi,148,16,main,seed,8,355,355.023,67354,513028.69000000006,16,True,512534.752,0.09637,0,,90.48291015625,90.26806640625,turing-3,0.13.4,,euclidean__mamut-le_mans-n148-k16-poi__seed__seed8__t355
euclidean,mamut-le_mans-n148-k16-poi,148,16,main,seed,9,355,355.032,97900,512360.90200000047,16,True,512534.752,-0.03392,0,,90.48291015625,90.26806640625,turing-3,0.13.4,,euclidean__mamut-le_mans-n148-k16-poi__seed__seed9__t355
euclidean,mamut-le_mans-n148-k16-poi,148,16,main,seed,10,355,355.036,122338,512365.8560000003,16,True,512534.752,-0.03295,0,,90.48291015625,90.26806640625,turing-3,0.13.4,,euclidean__mamut-le_mans-n148-k16-poi__seed__seed10__t355
euclidean,mamut-limoges-n152-k7-poi,152,7,polish,polish,1049,728,728.011,583772,134633.71199999988,7,True,134633.7119999999,-0.0,1,kept_existing,90.28076171875,69.10009765625,turing-3,0.13.4,euclidean__mamut-limoges-n152-k7-poi__seed__seed5__t364,euclidean__mamut-limoges-n152-k7-poi__polish__seed1049__t728
euclidean,mamut-limoges-n152-k7-poi,152,7,main,seed,1,364,364.029,334056,134634.72400000002,7,True,134633.7119999999,0.00075,0,,90.287109375,90.3271484375,turing-3,0.13.4,,euclidean__mamut-limoges-n152-k7-poi__seed__seed1__t364
euclidean,mamut-limoges-n152-k7-poi,152,7,main,seed,2,364,364.036,294859,135273.171,7,True,134633.7119999999,0.47496,0,,90.287109375,90.3271484375,turing-3,0.13.4,,euclidean__mamut-limoges-n152-k7-poi__seed__seed2__t364
euclidean,mamut-limoges-n152-k7-poi,152,7,main,seed,3,364,364.041,226318,135273.171,7,True,134633.7119999999,0.47496,0,,90.287109375,90.3271484375,turing-3,0.13.4,,euclidean__mamut-limoges-n152-k7-poi__seed__seed3__t364
euclidean,mamut-limoges-n152-k7-poi,152,7,main,seed,4,364,364.028,271316,135273.17100000003,7,True,134633.7119999999,0.47496,0,,90.287109375,90.3271484375,turing-3,0.13.4,,euclidean__mamut-limoges-n152-k7-poi__seed__seed4__t364
euclidean,mamut-limoges-n152-k7-poi,152,7,main,seed,5,364,364.032,336227,134633.71199999988,7,True,134633.7119999999,-0.0,0,,90.287109375,90.3271484375,turing-3,0.13.4,,euclidean__mamut-limoges-n152-k7-poi__seed__seed5__t364
euclidean,mamut-limoges-n152-k7-poi,152,7,main,seed,6,364,364.04,226682,134634.72400000005,7,True,134633.7119999999,0.00075,0,,90.287109375,90.3271484375,turing-3,0.13.4,,euclidean__mamut-limoges-n152-k7-poi__seed__seed6__t364
euclidean,mamut-limoges-n152-k7-poi,152,7,main,seed,7,364,364.029,256018,135273.171,7,True,134633.7119999999,0.47496,0,,90.287109375,90.3271484375,turing-3,0.13.4,,euclidean__mamut-limoges-n152-k7-poi__seed__seed7__t364
euclidean,mamut-limoges-n152-k7-poi,152,7,main,seed,8,364,364.033,274954,134634.72400000005,7,True,134633.7119999999,0.00075,0,,90.287109375,90.3271484375,turing-3,0.13.4,,euclidean__mamut-limoges-n152-k7-poi__seed__seed8__t364
euclidean,mamut-limoges-n152-k7-poi,152,7,main,seed,9,364,364.038,229202,135273.171,7,True,134633.7119999999,0.47496,0,,90.287109375,90.3271484375,turing-3,0.13.4,,euclidean__mamut-limoges-n152-k7-poi__seed__seed9__t364
euclidean,mamut-limoges-n152-k7-poi,152,7,main,seed,10,364,364.029,317877,134634.72400000007,7,True,134633.7119999999,0.00075,0,,90.287109375,90.3271484375,turing-3,0.13.4,,euclidean__mamut-limoges-n152-k7-poi__seed__seed10__t364
euclidean,mamut-amiens-n156-k7-poi,156,7,polish,polish,1003,748,748.013,301053,224276.5440000001,7,True,224276.5440000001,0.0,1,,90.28076171875,62.427734375,turing-3,0.13.4,bks:pyvrp-ils-v1:seed42,euclidean__mamut-amiens-n156-k7-poi__polish__seed1003__t748
euclidean,mamut-amiens-n156-k7-poi,156,7,main,seed,1,374,374.045,125434,224298.07599999997,7,True,224276.5440000001,0.0096,0,,90.080078125,90.3125,turing-3,0.13.4,,euclidean__mamut-amiens-n156-k7-poi__seed__seed1__t374
euclidean,mamut-amiens-n156-k7-poi,156,7,main,seed,2,374,374.034,126835,224308.52800000005,7,True,224276.5440000001,0.01426,0,,90.080078125,90.3125,turing-3,0.13.4,,euclidean__mamut-amiens-n156-k7-poi__seed__seed2__t374
euclidean,mamut-amiens-n156-k7-poi,156,7,main,seed,3,374,374.022,171722,224308.52800000005,7,True,224276.5440000001,0.01426,0,,90.080078125,90.3125,turing-3,0.13.4,,euclidean__mamut-amiens-n156-k7-poi__seed__seed3__t374
euclidean,mamut-amiens-n156-k7-poi,156,7,main,seed,4,374,374.033,132726,224308.52799999996,7,True,224276.5440000001,0.01426,0,,90.080078125,90.3125,turing-3,0.13.4,,euclidean__mamut-amiens-n156-k7-poi__seed__seed4__t374
euclidean,mamut-amiens-n156-k7-poi,156,7,main,seed,5,374,374.039,219624,224300.245,7,True,224276.5440000001,0.01057,0,,90.080078125,90.3125,turing-3,0.13.4,,euclidean__mamut-amiens-n156-k7-poi__seed__seed5__t374
euclidean,mamut-amiens-n156-k7-poi,156,7,main,seed,6,374,374.022,154526,224308.52800000002,7,True,224276.5440000001,0.01426,0,,90.080078125,90.3125,turing-3,0.13.4,,euclidean__mamut-amiens-n156-k7-poi__seed__seed6__t374
euclidean,mamut-amiens-n156-k7-poi,156,7,main,seed,7,374,374.026,230183,224300.2450000001,7,True,224276.5440000001,0.01057,0,,90.080078125,90.3125,turing-3,0.13.4,,euclidean__mamut-amiens-n156-k7-poi__seed__seed7__t374
euclidean,mamut-amiens-n156-k7-poi,156,7,main,seed,8,374,374.028,205654,224298.076,7,True,224276.5440000001,0.0096,0,,90.0732421875,90.3125,turing-3,0.13.4,,euclidean__mamut-amiens-n156-k7-poi__seed__seed8__t374
euclidean,mamut-amiens-n156-k7-poi,156,7,main,seed,9,374,374.035,184461,224303.30599999995,7,True,224276.5440000001,0.01193,0,,90.0732421875,90.3125,turing-3,0.13.4,,euclidean__mamut-amiens-n156-k7-poi__seed__seed9__t374
euclidean,mamut-amiens-n156-k7-poi,156,7,main,seed,10,374,374.046,125755,224300.245,7,True,224276.5440000001,0.01057,0,,90.080078125,90.3125,turing-3,0.13.4,,euclidean__mamut-amiens-n156-k7-poi__seed__seed10__t374
euclidean,mamut-los_angeles-n159-k9-hyb,159,9,polish,polish,1053,762,762.012,406113,714520.7089999997,9,True,721587.9130000002,-0.9794,1,kept_existing,90.4716796875,90.31103515625,turing-3,0.13.4,euclidean__mamut-los_angeles-n159-k9-hyb__seed__seed1__t381,euclidean__mamut-los_angeles-n159-k9-hyb__polish__seed1053__t762
euclidean,mamut-los_angeles-n159-k9-hyb,159,9,main,seed,1,381,381.031,246878,714520.7089999997,9,True,721587.9130000002,-0.9794,0,,90.08740234375,90.287109375,turing-3,0.13.4,,euclidean__mamut-los_angeles-n159-k9-hyb__seed__seed1__t381
euclidean,mamut-los_angeles-n159-k9-hyb,159,9,main,seed,2,381,381.026,167785,721820.7379999998,9,True,721587.9130000002,0.03227,0,,90.080078125,90.287109375,turing-3,0.13.4,,euclidean__mamut-los_angeles-n159-k9-hyb__seed__seed2__t381
euclidean,mamut-los_angeles-n159-k9-hyb,159,9,main,seed,3,381,381.037,194071,714985.7550000001,9,True,721587.9130000002,-0.91495,0,,90.080078125,90.287109375,turing-3,0.13.4,,euclidean__mamut-los_angeles-n159-k9-hyb__seed__seed3__t381
euclidean,mamut-los_angeles-n159-k9-hyb,159,9,main,seed,4,381,381.03,160469,714985.7550000004,9,True,721587.9130000002,-0.91495,0,,90.080078125,90.287109375,turing-3,0.13.4,,euclidean__mamut-los_angeles-n159-k9-hyb__seed__seed4__t381
euclidean,mamut-los_angeles-n159-k9-hyb,159,9,main,seed,5,381,381.03,165933,714777.2430000004,9,True,721587.9130000002,-0.94384,0,,90.080078125,90.287109375,turing-3,0.13.4,,euclidean__mamut-los_angeles-n159-k9-hyb__seed__seed5__t381
euclidean,mamut-los_angeles-n159-k9-hyb,159,9,main,seed,6,381,381.03,171132,715192.386,9,True,721587.9130000002,-0.88631,0,,90.080078125,90.287109375,turing-3,0.13.4,,euclidean__mamut-los_angeles-n159-k9-hyb__seed__seed6__t381
euclidean,mamut-los_angeles-n159-k9-hyb,159,9,main,seed,7,381,381.028,165463,715325.7580000003,9,True,721587.9130000002,-0.86783,0,,90.080078125,90.287109375,turing-3,0.13.4,,euclidean__mamut-los_angeles-n159-k9-hyb__seed__seed7__t381
euclidean,mamut-los_angeles-n159-k9-hyb,159,9,main,seed,8,381,381.033,159559,716178.117,9,True,721587.9130000002,-0.74971,0,,90.080078125,90.287109375,turing-3,0.13.4,,euclidean__mamut-los_angeles-n159-k9-hyb__seed__seed8__t381
euclidean,mamut-los_angeles-n159-k9-hyb,159,9,main,seed,9,381,381.031,164351,721820.7379999997,9,True,721587.9130000002,0.03227,0,,90.080078125,90.287109375,turing-3,0.13.4,,euclidean__mamut-los_angeles-n159-k9-hyb__seed__seed9__t381
euclidean,mamut-los_angeles-n159-k9-hyb,159,9,main,seed,10,381,381.035,199846,715000.1110000004,9,True,721587.9130000002,-0.91296,0,,90.08740234375,90.287109375,turing-3,0.13.4,,euclidean__mamut-los_angeles-n159-k9-hyb__seed__seed10__t381
euclidean,mamut-le_havre-n163-k7-par,163,7,polish,polish,1046,782,782.013,513918,75174.21599999999,7,True,75174.21599999999,0.0,1,,90.603515625,90.3056640625,turing-3,0.13.4,bks:pyvrp-ils-v1:seed42,euclidean__mamut-le_havre-n163-k7-par__polish__seed1046__t782
euclidean,mamut-le_havre-n163-k7-par,163,7,main,seed,1,391,391.037,306012,75174.216,7,True,75174.21599999999,0.0,0,,90.08740234375,90.263671875,turing-3,0.13.4,,euclidean__mamut-le_havre-n163-k7-par__seed__seed1__t391
euclidean,mamut-le_havre-n163-k7-par,163,7,main,seed,2,391,391.032,232867,75557.45199999996,7,True,75174.21599999999,0.5098,0,,90.08740234375,90.263671875,turing-3,0.13.4,,euclidean__mamut-le_havre-n163-k7-par__seed__seed2__t391
euclidean,mamut-le_havre-n163-k7-par,163,7,main,seed,3,391,391.033,235473,75237.386,7,True,75174.21599999999,0.08403,0,,90.08740234375,90.263671875,turing-3,0.13.4,,euclidean__mamut-le_havre-n163-k7-par__seed__seed3__t391
euclidean,mamut-le_havre-n163-k7-par,163,7,main,seed,4,391,391.028,222735,75751.20899999997,7,True,75174.21599999999,0.76754,0,,90.08740234375,90.263671875,turing-3,0.13.4,,euclidean__mamut-le_havre-n163-k7-par__seed__seed4__t391
euclidean,mamut-le_havre-n163-k7-par,163,7,main,seed,5,391,391.032,371718,75174.21600000001,7,True,75174.21599999999,0.0,0,,90.08740234375,90.263671875,turing-3,0.13.4,,euclidean__mamut-le_havre-n163-k7-par__seed__seed5__t391
euclidean,mamut-le_havre-n163-k7-par,163,7,main,seed,6,391,391.034,235646,75212.20399999995,7,True,75174.21599999999,0.05053,0,,90.08740234375,90.263671875,turing-3,0.13.4,,euclidean__mamut-le_havre-n163-k7-par__seed__seed6__t391
euclidean,mamut-le_havre-n163-k7-par,163,7,main,seed,7,391,391.034,290040,75851.386,7,True,75174.21599999999,0.9008,0,,90.08740234375,90.263671875,turing-3,0.13.4,,euclidean__mamut-le_havre-n163-k7-par__seed__seed7__t391
euclidean,mamut-le_havre-n163-k7-par,163,7,main,seed,8,391,391.02,243144,75222.94599999998,7,True,75174.21599999999,0.06482,0,,90.08740234375,90.263671875,turing-3,0.13.4,,euclidean__mamut-le_havre-n163-k7-par__seed__seed8__t391
euclidean,mamut-le_havre-n163-k7-par,163,7,main,seed,9,391,391.035,232122,75212.20399999998,7,True,75174.21599999999,0.05053,0,,90.08740234375,90.263671875,turing-3,0.13.4,,euclidean__mamut-le_havre-n163-k7-par__seed__seed9__t391
euclidean,mamut-le_havre-n163-k7-par,163,7,main,seed,10,391,391.033,230317,75464.58099999996,7,True,75174.21599999999,0.38626,0,,90.08740234375,90.263671875,turing-3,0.13.4,,euclidean__mamut-le_havre-n163-k7-par__seed__seed10__t391
euclidean,mamut-brest-n167-k10-par,167,10,polish,polish,1022,800,800.011,372295,136406.151,10,True,136636.49899999998,-0.16858,1,kept_existing,90.56884765625,90.31103515625,turing-3,0.13.4,euclidean__mamut-brest-n167-k10-par__seed__seed1__t400,euclidean__mamut-brest-n167-k10-par__polish__seed1022__t800
euclidean,mamut-brest-n167-k10-par,167,10,main,seed,1,400,400.047,223775,136406.151,10,True,136636.49899999998,-0.16858,0,,90.59033203125,90.08740234375,turing-3,0.13.4,,euclidean__mamut-brest-n167-k10-par__seed__seed1__t400
euclidean,mamut-brest-n167-k10-par,167,10,main,seed,2,400,400.039,157369,136414.318,11,True,136636.49899999998,-0.16261,0,,90.59033203125,90.08740234375,turing-3,0.13.4,,euclidean__mamut-brest-n167-k10-par__seed__seed2__t400
euclidean,mamut-brest-n167-k10-par,167,10,main,seed,3,400,400.042,266632,136685.43299999996,11,True,136636.49899999998,0.03581,0,,90.59033203125,90.08740234375,turing-3,0.13.4,,euclidean__mamut-brest-n167-k10-par__seed__seed3__t400
euclidean,mamut-brest-n167-k10-par,167,10,main,seed,4,400,400.035,178154,137216.15799999997,11,True,136636.49899999998,0.42423,0,,90.59033203125,90.08740234375,turing-3,0.13.4,,euclidean__mamut-brest-n167-k10-par__seed__seed4__t400
euclidean,mamut-brest-n167-k10-par,167,10,main,seed,5,400,400.035,165012,136610.31700000004,11,True,136636.49899999998,-0.01916,0,,90.59033203125,90.08740234375,turing-3,0.13.4,,euclidean__mamut-brest-n167-k10-par__seed__seed5__t400
euclidean,mamut-brest-n167-k10-par,167,10,main,seed,6,400,400.037,161941,136636.499,11,True,136636.49899999998,0.0,0,,90.59033203125,90.08740234375,turing-3,0.13.4,,euclidean__mamut-brest-n167-k10-par__seed__seed6__t400
euclidean,mamut-brest-n167-k10-par,167,10,main,seed,7,400,400.04,264820,136636.49899999998,11,True,136636.49899999998,0.0,0,,90.54296875,90.08740234375,turing-3,0.13.4,,euclidean__mamut-brest-n167-k10-par__seed__seed7__t400
euclidean,mamut-brest-n167-k10-par,167,10,main,seed,8,400,400.03,267644,136818.457,11,True,136636.49899999998,0.13317,0,,90.54296875,90.080078125,turing-3,0.13.4,,euclidean__mamut-brest-n167-k10-par__seed__seed8__t400
euclidean,mamut-brest-n167-k10-par,167,10,main,seed,9,400,400.036,182893,137381.419,11,True,136636.49899999998,0.54518,0,,90.54296875,90.080078125,turing-3,0.13.4,,euclidean__mamut-brest-n167-k10-par__seed__seed9__t400
euclidean,mamut-brest-n167-k10-par,167,10,main,seed,10,400,400.039,175776,136685.78999999998,11,True,136636.49899999998,0.03607,0,,90.59033203125,90.08740234375,turing-3,0.13.4,,euclidean__mamut-brest-n167-k10-par__seed__seed10__t400
euclidean,mamut-paris-n171-k8-hyb,171,8,polish,polish,1076,820,820.018,556195,145869.84699999992,8,True,145869.84699999995,-0.0,1,kept_existing,90.20849609375,90.3056640625,turing-3,0.13.4,euclidean__mamut-paris-n171-k8-hyb__seed__seed10__t410,euclidean__mamut-paris-n171-k8-hyb__polish__seed1076__t820
euclidean,mamut-paris-n171-k8-hyb,171,8,main,seed,1,410,410.035,280577,145869.847,8,True,145869.84699999995,0.0,0,,90.671875,90.09521484375,turing-3,0.13.4,,euclidean__mamut-paris-n171-k8-hyb__seed__seed1__t410
euclidean,mamut-paris-n171-k8-hyb,171,8,main,seed,2,410,410.032,304402,146668.35300000015,8,True,145869.84699999995,0.54741,0,,90.6982421875,90.08740234375,turing-3,0.13.4,,euclidean__mamut-paris-n171-k8-hyb__seed__seed2__t410
euclidean,mamut-paris-n171-k8-hyb,171,8,main,seed,3,410,410.035,391866,145869.84700000007,8,True,145869.84699999995,0.0,0,,90.6982421875,90.08740234375,turing-3,0.13.4,,euclidean__mamut-paris-n171-k8-hyb__seed__seed3__t410
euclidean,mamut-paris-n171-k8-hyb,171,8,main,seed,4,410,410.033,251371,146681.7450000001,8,True,145869.84699999995,0.55659,0,,90.6982421875,90.08740234375,turing-3,0.13.4,,euclidean__mamut-paris-n171-k8-hyb__seed__seed4__t410
euclidean,mamut-paris-n171-k8-hyb,171,8,main,seed,5,410,410.038,358040,145869.84700000004,8,True,145869.84699999995,0.0,0,,90.6982421875,90.08740234375,turing-3,0.13.4,,euclidean__mamut-paris-n171-k8-hyb__seed__seed5__t410
euclidean,mamut-paris-n171-k8-hyb,171,8,main,seed,6,410,410.039,246662,145869.84699999995,8,True,145869.84699999995,0.0,0,,90.6982421875,90.08740234375,turing-3,0.13.4,,euclidean__mamut-paris-n171-k8-hyb__seed__seed6__t410
euclidean,mamut-paris-n171-k8-hyb,171,8,main,seed,7,410,410.022,300906,145869.847,8,True,145869.84699999995,0.0,0,,90.6982421875,90.08740234375,turing-3,0.13.4,,euclidean__mamut-paris-n171-k8-hyb__seed__seed7__t410
euclidean,mamut-paris-n171-k8-hyb,171,8,main,seed,8,410,410.034,267362,145869.84700000018,8,True,145869.84699999995,0.0,0,,90.6982421875,90.08740234375,turing-3,0.13.4,,euclidean__mamut-paris-n171-k8-hyb__seed__seed8__t410
euclidean,mamut-paris-n171-k8-hyb,171,8,main,seed,9,410,410.034,458700,145869.84700000007,8,True,145869.84699999995,0.0,0,,90.6982421875,90.08740234375,turing-3,0.13.4,,euclidean__mamut-paris-n171-k8-hyb__seed__seed9__t410
euclidean,mamut-paris-n171-k8-hyb,171,8,main,seed,10,410,410.019,451274,145869.84699999992,8,True,145869.84699999995,-0.0,0,,90.671875,90.09521484375,turing-3,0.13.4,,euclidean__mamut-paris-n171-k8-hyb__seed__seed10__t410
euclidean,mamut-nimes-n175-k8-poi,175,8,polish,polish,1072,840,840.012,476291,208232.42599999986,8,True,209926.20599999998,-0.80685,1,kept_existing,90.26904296875,90.33837890625,turing-3,0.13.4,euclidean__mamut-nimes-n175-k8-poi__seed__seed1__t420,euclidean__mamut-nimes-n175-k8-poi__polish__seed1072__t840
euclidean,mamut-nimes-n175-k8-poi,175,8,main,seed,1,420,420.022,311540,208232.42599999986,8,True,209926.20599999998,-0.80685,0,,90.64306640625,90.08740234375,turing-3,0.13.4,,euclidean__mamut-nimes-n175-k8-poi__seed__seed1__t420
euclidean,mamut-nimes-n175-k8-poi,175,8,main,seed,2,420,420.027,239178,209926.20600000003,8,True,209926.20599999998,0.0,0,,90.64306640625,90.08740234375,turing-3,0.13.4,,euclidean__mamut-nimes-n175-k8-poi__seed__seed2__t420
euclidean,mamut-nimes-n175-k8-poi,175,8,main,seed,3,420,420.03,336563,208232.42599999998,8,True,209926.20599999998,-0.80685,0,,90.64306640625,90.08740234375,turing-3,0.13.4,,euclidean__mamut-nimes-n175-k8-poi__seed__seed3__t420
euclidean,mamut-nimes-n175-k8-poi,175,8,main,seed,4,420,420.022,317238,208232.42600000004,8,True,209926.20599999998,-0.80685,0,,90.64306640625,90.08740234375,turing-3,0.13.4,,euclidean__mamut-nimes-n175-k8-poi__seed__seed4__t420
euclidean,mamut-nimes-n175-k8-poi,175,8,main,seed,5,420,420.034,299987,208241.69599999994,8,True,209926.20599999998,-0.80243,0,,90.64306640625,90.08740234375,turing-3,0.13.4,,euclidean__mamut-nimes-n175-k8-poi__seed__seed5__t420
euclidean,mamut-nimes-n175-k8-poi,175,8,main,seed,6,420,420.023,261575,208447.18,8,True,209926.20599999998,-0.70455,0,,90.64306640625,90.08740234375,turing-3,0.13.4,,euclidean__mamut-nimes-n175-k8-poi__seed__seed6__t420
euclidean,mamut-nimes-n175-k8-poi,175,8,main,seed,7,420,420.019,256555,208315.39000000007,8,True,209926.20599999998,-0.76732,0,,90.64306640625,90.08740234375,turing-3,0.13.4,,euclidean__mamut-nimes-n175-k8-poi__seed__seed7__t420
euclidean,mamut-nimes-n175-k8-poi,175,8,main,seed,8,420,420.047,229045,208315.38999999998,8,True,209926.20599999998,-0.76732,0,,90.64306640625,90.08740234375,turing-3,0.13.4,,euclidean__mamut-nimes-n175-k8-poi__seed__seed8__t420
euclidean,mamut-nimes-n175-k8-poi,175,8,main,seed,9,420,420.041,212233,208315.3899999999,8,True,209926.20599999998,-0.76732,0,,90.64306640625,90.08740234375,turing-3,0.13.4,,euclidean__mamut-nimes-n175-k8-poi__seed__seed9__t420
euclidean,mamut-nimes-n175-k8-poi,175,8,main,seed,10,420,420.041,282260,208232.42599999992,8,True,209926.20599999998,-0.80685,0,,90.64306640625,90.08740234375,turing-3,0.13.4,,euclidean__mamut-nimes-n175-k8-poi__seed__seed10__t420
euclidean,mamut-arles-n179-k11-par,179,11,polish,polish,1007,858,858.013,498475,489853.3619999999,11,True,489853.36200000026,-0.0,1,kept_existing,90.24267578125,90.33837890625,turing-3,0.13.4,euclidean__mamut-arles-n179-k11-par__seed__seed1__t429,euclidean__mamut-arles-n179-k11-par__polish__seed1007__t858
euclidean,mamut-arles-n179-k11-par,179,11,main,seed,1,429,429.035,244972,489853.3619999999,11,True,489853.36200000026,-0.0,0,,90.37939453125,90.64208984375,turing-3,0.13.4,,euclidean__mamut-arles-n179-k11-par__seed__seed1__t429
euclidean,mamut-arles-n179-k11-par,179,11,main,seed,2,429,429.04,252115,489853.36200000026,11,True,489853.36200000026,0.0,0,,90.37939453125,90.64208984375,turing-3,0.13.4,,euclidean__mamut-arles-n179-k11-par__seed__seed2__t429
euclidean,mamut-arles-n179-k11-par,179,11,main,seed,3,429,429.04,383960,490534.47400000005,11,True,489853.36200000026,0.13904,0,,90.37939453125,90.64208984375,turing-3,0.13.4,,euclidean__mamut-arles-n179-k11-par__seed__seed3__t429
euclidean,mamut-arles-n179-k11-par,179,11,main,seed,4,429,429.036,224732,490700.6589999999,11,True,489853.36200000026,0.17297,0,,90.37939453125,90.64208984375,turing-3,0.13.4,,euclidean__mamut-arles-n179-k11-par__seed__seed4__t429
euclidean,mamut-arles-n179-k11-par,179,11,main,seed,5,429,429.034,231506,489853.36199999996,11,True,489853.36200000026,-0.0,0,,90.37939453125,90.64208984375,turing-3,0.13.4,,euclidean__mamut-arles-n179-k11-par__seed__seed5__t429
euclidean,mamut-arles-n179-k11-par,179,11,main,seed,6,429,429.04,226692,489853.36200000043,11,True,489853.36200000026,0.0,0,,90.37939453125,90.64208984375,turing-3,0.13.4,,euclidean__mamut-arles-n179-k11-par__seed__seed6__t429
euclidean,mamut-arles-n179-k11-par,179,11,main,seed,7,429,429.038,220270,491063.4190000003,11,True,489853.36200000026,0.24702,0,,90.37939453125,90.64208984375,turing-3,0.13.4,,euclidean__mamut-arles-n179-k11-par__seed__seed7__t429
euclidean,mamut-arles-n179-k11-par,179,11,main,seed,8,429,429.04,220044,491805.75,11,True,489853.36200000026,0.39857,0,,90.37939453125,90.64208984375,turing-3,0.13.4,,euclidean__mamut-arles-n179-k11-par__seed__seed8__t429
euclidean,mamut-arles-n179-k11-par,179,11,main,seed,9,429,429.03,220819,489853.36200000014,11,True,489853.36200000026,-0.0,0,,90.37939453125,90.64208984375,turing-3,0.13.4,,euclidean__mamut-arles-n179-k11-par__seed__seed9__t429
euclidean,mamut-arles-n179-k11-par,179,11,main,seed,10,429,429.039,221081,492059.4920000003,11,True,489853.36200000026,0.45037,0,,90.37939453125,90.64208984375,turing-3,0.13.4,,euclidean__mamut-arles-n179-k11-par__seed__seed10__t429
euclidean,mamut-besancon-n183-k10-poi,183,10,polish,polish,1016,878,878.013,435369,165319.60700000008,10,True,166033.615,-0.43004,1,kept_existing,90.28759765625,90.2626953125,turing-3,0.13.4,euclidean__mamut-besancon-n183-k10-poi__seed__seed1__t439,euclidean__mamut-besancon-n183-k10-poi__polish__seed1016__t878
euclidean,mamut-besancon-n183-k10-poi,183,10,main,seed,1,439,439.038,223244,165319.60700000008,10,True,166033.615,-0.43004,0,,90.45361328125,90.61181640625,turing-3,0.13.4,,euclidean__mamut-besancon-n183-k10-poi__seed__seed1__t439
euclidean,mamut-besancon-n183-k10-poi,183,10,main,seed,2,439,439.038,240609,165510.88200000007,10,True,166033.615,-0.31484,0,,90.45361328125,90.61181640625,turing-3,0.13.4,,euclidean__mamut-besancon-n183-k10-poi__seed__seed2__t439
euclidean,mamut-besancon-n183-k10-poi,183,10,main,seed,3,439,439.037,233378,165510.88200000013,10,True,166033.615,-0.31484,0,,90.45361328125,90.61181640625,turing-3,0.13.4,,euclidean__mamut-besancon-n183-k10-poi__seed__seed3__t439
euclidean,mamut-besancon-n183-k10-poi,183,10,main,seed,4,439,439.038,378929,165350.5660000001,10,True,166033.615,-0.41139,0,,90.45361328125,90.61181640625,turing-3,0.13.4,,euclidean__mamut-besancon-n183-k10-poi__seed__seed4__t439
euclidean,mamut-besancon-n183-k10-poi,183,10,main,seed,5,439,439.038,315422,165510.882,10,True,166033.615,-0.31484,0,,90.45361328125,90.61181640625,turing-3,0.13.4,,euclidean__mamut-besancon-n183-k10-poi__seed__seed5__t439
euclidean,mamut-besancon-n183-k10-poi,183,10,main,seed,6,439,439.039,419725,165510.8820000001,10,True,166033.615,-0.31484,0,,90.45361328125,90.61181640625,turing-3,0.13.4,,euclidean__mamut-besancon-n183-k10-poi__seed__seed6__t439
euclidean,mamut-besancon-n183-k10-poi,183,10,main,seed,7,439,439.037,231203,165510.88200000007,10,True,166033.615,-0.31484,0,,90.45361328125,90.61181640625,turing-3,0.13.4,,euclidean__mamut-besancon-n183-k10-poi__seed__seed7__t439
euclidean,mamut-besancon-n183-k10-poi,183,10,main,seed,8,439,439.042,235293,165319.60700000013,10,True,166033.615,-0.43004,0,,90.45361328125,90.61181640625,turing-3,0.13.4,,euclidean__mamut-besancon-n183-k10-poi__seed__seed8__t439
euclidean,mamut-besancon-n183-k10-poi,183,10,main,seed,9,439,439.036,304038,165319.6070000001,10,True,166033.615,-0.43004,0,,90.45361328125,90.61181640625,turing-3,0.13.4,,euclidean__mamut-besancon-n183-k10-poi__seed__seed9__t439
euclidean,mamut-besancon-n183-k10-poi,183,10,main,seed,10,439,439.047,218517,165319.6070000001,10,True,166033.615,-0.43004,0,,90.45361328125,90.61181640625,turing-3,0.13.4,,euclidean__mamut-besancon-n183-k10-poi__seed__seed10__t439
euclidean,mamut-mexico_city-n187-k9-hyb,187,9,polish,polish,1061,896,896.017,486611,732851.6319999998,9,True,732996.8549999999,-0.01981,1,kept_existing,90.31494140625,90.28564453125,turing-3,0.13.4,euclidean__mamut-mexico_city-n187-k9-hyb__seed__seed7__t448,euclidean__mamut-mexico_city-n187-k9-hyb__polish__seed1061__t896
euclidean,mamut-mexico_city-n187-k9-hyb,187,9,main,seed,1,448,448.029,263842,732996.8549999999,9,True,732996.8549999999,0.0,0,,90.4931640625,90.64306640625,turing-3,0.13.4,,euclidean__mamut-mexico_city-n187-k9-hyb__seed__seed1__t448
euclidean,mamut-mexico_city-n187-k9-hyb,187,9,main,seed,2,448,448.038,246056,734143.6119999997,9,True,732996.8549999999,0.15645,0,,90.4931640625,90.64306640625,turing-3,0.13.4,,euclidean__mamut-mexico_city-n187-k9-hyb__seed__seed2__t448
euclidean,mamut-mexico_city-n187-k9-hyb,187,9,main,seed,3,448,448.035,250193,733467.0460000002,9,True,732996.8549999999,0.06415,0,,90.4931640625,90.64306640625,turing-3,0.13.4,,euclidean__mamut-mexico_city-n187-k9-hyb__seed__seed3__t448
euclidean,mamut-mexico_city-n187-k9-hyb,187,9,main,seed,4,448,448.04,252288,733467.0459999996,9,True,732996.8549999999,0.06415,0,,90.4931640625,90.64306640625,turing-3,0.13.4,,euclidean__mamut-mexico_city-n187-k9-hyb__seed__seed4__t448
euclidean,mamut-mexico_city-n187-k9-hyb,187,9,main,seed,5,448,448.04,249080,732851.6319999999,9,True,732996.8549999999,-0.01981,0,,90.4931640625,90.64306640625,turing-3,0.13.4,,euclidean__mamut-mexico_city-n187-k9-hyb__seed__seed5__t448
euclidean,mamut-mexico_city-n187-k9-hyb,187,9,main,seed,6,448,448.022,251818,733636.5299999999,9,True,732996.8549999999,0.08727,0,,90.4931640625,90.64306640625,turing-3,0.13.4,,euclidean__mamut-mexico_city-n187-k9-hyb__seed__seed6__t448
euclidean,mamut-mexico_city-n187-k9-hyb,187,9,main,seed,7,448,448.035,440287,732851.6319999998,9,True,732996.8549999999,-0.01981,0,,90.4931640625,90.64306640625,turing-3,0.13.4,,euclidean__mamut-mexico_city-n187-k9-hyb__seed__seed7__t448
euclidean,mamut-mexico_city-n187-k9-hyb,187,9,main,seed,8,448,448.036,404125,732851.6320000002,9,True,732996.8549999999,-0.01981,0,,90.4931640625,90.64306640625,turing-3,0.13.4,,euclidean__mamut-mexico_city-n187-k9-hyb__seed__seed8__t448
euclidean,mamut-mexico_city-n187-k9-hyb,187,9,main,seed,9,448,448.034,383929,733636.53,9,True,732996.8549999999,0.08727,0,,90.4931640625,90.64306640625,turing-3,0.13.4,,euclidean__mamut-mexico_city-n187-k9-hyb__seed__seed9__t448
euclidean,mamut-mexico_city-n187-k9-hyb,187,9,main,seed,10,448,448.037,248220,733636.5299999998,9,True,732996.8549999999,0.08727,0,,90.4931640625,90.64306640625,turing-3,0.13.4,,euclidean__mamut-mexico_city-n187-k9-hyb__seed__seed10__t448
euclidean,mamut-caen-n192-k64-poi,192,64,polish,polish,1026,920,920.013,451694,363255.85899999976,64,True,363255.85900000023,-0.0,1,kept_existing,90.09521484375,90.2216796875,turing-3,0.13.4,euclidean__mamut-caen-n192-k64-poi__seed__seed8__t460,euclidean__mamut-caen-n192-k64-poi__polish__seed1026__t920
euclidean,mamut-caen-n192-k64-poi,192,64,main,seed,1,460,460.032,192986,363255.85899999994,64,True,363255.85900000023,-0.0,0,,90.18310546875,90.41259765625,turing-3,0.13.4,,euclidean__mamut-caen-n192-k64-poi__seed__seed1__t460
euclidean,mamut-caen-n192-k64-poi,192,64,main,seed,2,460,460.046,225256,363255.85899999994,64,True,363255.85900000023,-0.0,0,,90.18310546875,90.41259765625,turing-3,0.13.4,,euclidean__mamut-caen-n192-k64-poi__seed__seed2__t460
euclidean,mamut-caen-n192-k64-poi,192,64,main,seed,3,460,460.045,192137,363255.8589999999,64,True,363255.85900000023,-0.0,0,,90.18310546875,90.41259765625,turing-3,0.13.4,,euclidean__mamut-caen-n192-k64-poi__seed__seed3__t460
euclidean,mamut-caen-n192-k64-poi,192,64,main,seed,4,460,460.049,295233,363255.85899999994,64,True,363255.85900000023,-0.0,0,,90.18310546875,90.41259765625,turing-3,0.13.4,,euclidean__mamut-caen-n192-k64-poi__seed__seed4__t460
euclidean,mamut-caen-n192-k64-poi,192,64,main,seed,5,460,460.042,218334,363255.8589999998,64,True,363255.85900000023,-0.0,0,,90.18310546875,90.41259765625,turing-3,0.13.4,,euclidean__mamut-caen-n192-k64-poi__seed__seed5__t460
euclidean,mamut-caen-n192-k64-poi,192,64,main,seed,6,460,460.038,204593,363255.8589999999,64,True,363255.85900000023,-0.0,0,,90.18310546875,90.41259765625,turing-3,0.13.4,,euclidean__mamut-caen-n192-k64-poi__seed__seed6__t460
euclidean,mamut-caen-n192-k64-poi,192,64,main,seed,7,460,460.033,317527,363255.85899999994,64,True,363255.85900000023,-0.0,0,,90.18310546875,90.41259765625,turing-3,0.13.4,,euclidean__mamut-caen-n192-k64-poi__seed__seed7__t460
euclidean,mamut-caen-n192-k64-poi,192,64,main,seed,8,460,460.042,184514,363255.85899999976,64,True,363255.85900000023,-0.0,0,,90.16796875,90.41259765625,turing-3,0.13.4,,euclidean__mamut-caen-n192-k64-poi__seed__seed8__t460
euclidean,mamut-caen-n192-k64-poi,192,64,main,seed,9,460,460.044,184736,363255.85899999994,64,True,363255.85900000023,-0.0,0,,90.16796875,90.41259765625,turing-3,0.13.4,,euclidean__mamut-caen-n192-k64-poi__seed__seed9__t460
euclidean,mamut-caen-n192-k64-poi,192,64,main,seed,10,460,460.055,184760,363255.85899999994,64,True,363255.85900000023,-0.0,0,,90.18310546875,90.41259765625,turing-3,0.13.4,,euclidean__mamut-caen-n192-k64-poi__seed__seed10__t460
euclidean,mamut-toulon-n196-k60-poi,196,60,polish,polish,1101,940,940.026,443032,406229.63399999967,61,True,406414.0099999999,-0.04537,1,kept_existing,90.13427734375,90.2216796875,turing-3,0.13.4,euclidean__mamut-toulon-n196-k60-poi__seed__seed8__t470,euclidean__mamut-toulon-n196-k60-poi__polish__seed1101__t940
euclidean,mamut-toulon-n196-k60-poi,196,60,main,seed,1,470,470.049,249663,406229.63399999996,61,True,406414.0099999999,-0.04537,0,,90.220703125,90.5361328125,turing-3,0.13.4,,euclidean__mamut-toulon-n196-k60-poi__seed__seed1__t470
euclidean,mamut-toulon-n196-k60-poi,196,60,main,seed,2,470,470.056,269205,406260.78600000014,61,True,406414.0099999999,-0.0377,0,,90.220703125,90.5361328125,turing-3,0.13.4,,euclidean__mamut-toulon-n196-k60-poi__seed__seed2__t470
euclidean,mamut-toulon-n196-k60-poi,196,60,main,seed,3,470,470.033,176843,406536.12499999977,61,True,406414.0099999999,0.03005,0,,90.20263671875,90.4931640625,turing-3,0.13.4,,euclidean__mamut-toulon-n196-k60-poi__seed__seed3__t470
euclidean,mamut-toulon-n196-k60-poi,196,60,main,seed,4,470,470.056,170034,406236.0300000001,61,True,406414.0099999999,-0.04379,0,,90.20263671875,90.4931640625,turing-3,0.13.4,,euclidean__mamut-toulon-n196-k60-poi__seed__seed4__t470
euclidean,mamut-toulon-n196-k60-poi,196,60,main,seed,5,470,470.051,175820,406533.0309999998,61,True,406414.0099999999,0.02929,0,,90.20263671875,90.4931640625,turing-3,0.13.4,,euclidean__mamut-toulon-n196-k60-poi__seed__seed5__t470
euclidean,mamut-toulon-n196-k60-poi,196,60,main,seed,6,470,470.053,207777,406477.6320000001,61,True,406414.0099999999,0.01565,0,,90.20263671875,90.4931640625,turing-3,0.13.4,,euclidean__mamut-toulon-n196-k60-poi__seed__seed6__t470
euclidean,mamut-toulon-n196-k60-poi,196,60,main,seed,7,470,470.049,186193,406545.5740000001,61,True,406414.0099999999,0.03237,0,,90.20263671875,90.4931640625,turing-3,0.13.4,,euclidean__mamut-toulon-n196-k60-poi__seed__seed7__t470
euclidean,mamut-toulon-n196-k60-poi,196,60,main,seed,8,470,470.05,188176,406229.63399999967,61,True,406414.0099999999,-0.04537,0,,90.20263671875,90.4931640625,turing-3,0.13.4,,euclidean__mamut-toulon-n196-k60-poi__seed__seed8__t470
euclidean,mamut-toulon-n196-k60-poi,196,60,main,seed,9,470,470.045,212300,406263.2149999996,61,True,406414.0099999999,-0.0371,0,,90.20263671875,90.4931640625,turing-3,0.13.4,,euclidean__mamut-toulon-n196-k60-poi__seed__seed9__t470
euclidean,mamut-toulon-n196-k60-poi,196,60,main,seed,10,470,470.042,175181,406229.64699999994,61,True,406414.0099999999,-0.04536,0,,90.220703125,90.5361328125,turing-3,0.13.4,,euclidean__mamut-toulon-n196-k60-poi__seed__seed10__t470
euclidean,mamut-orleans-n201-k62-poi,201,62,polish,polish,1073,964,964.02,365150,399028.0459999999,66,True,399124.0329999998,-0.02405,1,replaced,90.13427734375,90.15771484375,turing-3,0.13.4,bks:pyvrp-ils-v1:seed42,euclidean__mamut-orleans-n201-k62-poi__polish__seed1073__t964
euclidean,mamut-orleans-n201-k62-poi,201,62,main,seed,1,482,482.047,193601,399204.21599999984,66,True,399124.0329999998,0.02009,0,,90.240234375,90.4931640625,turing-3,0.13.4,,euclidean__mamut-orleans-n201-k62-poi__seed__seed1__t482
euclidean,mamut-orleans-n201-k62-poi,201,62,main,seed,2,482,482.037,164823,399252.99800000014,66,True,399124.0329999998,0.03231,0,,90.240234375,90.4931640625,turing-3,0.13.4,,euclidean__mamut-orleans-n201-k62-poi__seed__seed2__t482
euclidean,mamut-orleans-n201-k62-poi,201,62,main,seed,3,482,482.048,170971,399180.823,66,True,399124.0329999998,0.01423,0,,90.240234375,90.4931640625,turing-3,0.13.4,,euclidean__mamut-orleans-n201-k62-poi__seed__seed3__t482
euclidean,mamut-orleans-n201-k62-poi,201,62,main,seed,4,482,482.04,243951,399139.866,66,True,399124.0329999998,0.00397,0,,90.240234375,90.4931640625,turing-3,0.13.4,,euclidean__mamut-orleans-n201-k62-poi__seed__seed4__t482
euclidean,mamut-orleans-n201-k62-poi,201,62,main,seed,5,482,482.042,164054,399124.79700000014,66,True,399124.0329999998,0.00019,0,,90.240234375,90.4931640625,turing-3,0.13.4,,euclidean__mamut-orleans-n201-k62-poi__seed__seed5__t482
euclidean,mamut-orleans-n201-k62-poi,201,62,main,seed,6,482,482.05,247256,399270.984,66,True,399124.0329999998,0.03682,0,,90.240234375,90.4931640625,turing-3,0.13.4,,euclidean__mamut-orleans-n201-k62-poi__seed__seed6__t482
euclidean,mamut-orleans-n201-k62-poi,201,62,main,seed,7,482,482.039,161759,400299.693,66,True,399124.0329999998,0.29456,0,,90.240234375,90.4931640625,turing-3,0.13.4,,euclidean__mamut-orleans-n201-k62-poi__seed__seed7__t482
euclidean,mamut-orleans-n201-k62-poi,201,62,main,seed,8,482,482.049,166504,399251.8339999999,66,True,399124.0329999998,0.03202,0,,90.240234375,90.4931640625,turing-3,0.13.4,,euclidean__mamut-orleans-n201-k62-poi__seed__seed8__t482
euclidean,mamut-orleans-n201-k62-poi,201,62,main,seed,9,482,482.046,186474,399147.274,66,True,399124.0329999998,0.00582,0,,90.240234375,90.4931640625,turing-3,0.13.4,,euclidean__mamut-orleans-n201-k62-poi__seed__seed9__t482
euclidean,mamut-orleans-n201-k62-poi,201,62,main,seed,10,482,482.047,181588,399258.16699999996,66,True,399124.0329999998,0.03361,0,,90.240234375,90.4931640625,turing-3,0.13.4,,euclidean__mamut-orleans-n201-k62-poi__seed__seed10__t482
euclidean,mamut-luxembourg-n206-k65-poi,206,65,polish,polish,1054,988,988.014,356526,1875183.285000001,65,True,1876173.459,-0.05278,1,kept_existing,90.18896484375,90.13330078125,turing-3,0.13.4,euclidean__mamut-luxembourg-n206-k65-poi__seed__seed10__t494,euclidean__mamut-luxembourg-n206-k65-poi__polish__seed1054__t988
euclidean,mamut-luxembourg-n206-k65-poi,206,65,main,seed,1,494,494.048,179053,1877630.8440000017,65,True,1876173.459,0.07768,0,,90.46240234375,90.11181640625,turing-3,0.13.4,,euclidean__mamut-luxembourg-n206-k65-poi__seed__seed1__t494
euclidean,mamut-luxembourg-n206-k65-poi,206,65,main,seed,2,494,494.052,172930,1877487.8570000008,66,True,1876173.459,0.07006,0,,90.46240234375,90.11181640625,turing-3,0.13.4,,euclidean__mamut-luxembourg-n206-k65-poi__seed__seed2__t494
euclidean,mamut-luxembourg-n206-k65-poi,206,65,main,seed,3,494,494.045,144614,1878044.7410000018,66,True,1876173.459,0.09974,0,,90.46240234375,90.11181640625,turing-3,0.13.4,,euclidean__mamut-luxembourg-n206-k65-poi__seed__seed3__t494
euclidean,mamut-luxembourg-n206-k65-poi,206,65,main,seed,4,494,494.047,197131,1876164.8930000013,66,True,1876173.459,-0.00046,0,,90.46240234375,90.11181640625,turing-3,0.13.4,,euclidean__mamut-luxembourg-n206-k65-poi__seed__seed4__t494
euclidean,mamut-luxembourg-n206-k65-poi,206,65,main,seed,5,494,494.044,138639,1876164.8929999997,66,True,1876173.459,-0.00046,0,,90.46240234375,90.11181640625,turing-3,0.13.4,,euclidean__mamut-luxembourg-n206-k65-poi__seed__seed5__t494
euclidean,mamut-luxembourg-n206-k65-poi,206,65,main,seed,6,494,494.043,172034,1875915.7960000006,66,True,1876173.459,-0.01373,0,,90.46240234375,90.11181640625,turing-3,0.13.4,,euclidean__mamut-luxembourg-n206-k65-poi__seed__seed6__t494
euclidean,mamut-luxembourg-n206-k65-poi,206,65,main,seed,7,494,494.047,123665,1878017.509000002,66,True,1876173.459,0.09829,0,,90.46240234375,90.11181640625,turing-3,0.13.4,,euclidean__mamut-luxembourg-n206-k65-poi__seed__seed7__t494
euclidean,mamut-luxembourg-n206-k65-poi,206,65,main,seed,8,494,494.043,132500,1877511.6659999995,66,True,1876173.459,0.07133,0,,90.46240234375,90.11181640625,turing-3,0.13.4,,euclidean__mamut-luxembourg-n206-k65-poi__seed__seed8__t494
euclidean,mamut-luxembourg-n206-k65-poi,206,65,main,seed,9,494,494.049,130386,1877778.9700000016,66,True,1876173.459,0.08557,0,,90.46240234375,90.11181640625,turing-3,0.13.4,,euclidean__mamut-luxembourg-n206-k65-poi__seed__seed9__t494
euclidean,mamut-luxembourg-n206-k65-poi,206,65,main,seed,10,494,494.046,140496,1875183.285000001,65,True,1876173.459,-0.05278,0,,90.46240234375,90.11181640625,turing-3,0.13.4,,euclidean__mamut-luxembourg-n206-k65-poi__seed__seed10__t494
euclidean,mamut-lagos-n210-k66-poi,210,66,polish,polish,1045,1008,1008.026,410014,2016330.6440000003,66,True,2018640.4780000008,-0.11443,1,replaced,90.18896484375,90.18359375,turing-3,0.13.4,euclidean__mamut-lagos-n210-k66-poi__seed__seed1__t504,euclidean__mamut-lagos-n210-k66-poi__polish__seed1045__t1008
euclidean,mamut-lagos-n210-k66-poi,210,66,main,seed,1,504,504.042,175468,2018132.0700000003,66,True,2018640.4780000008,-0.02519,0,,90.56689453125,90.2841796875,turing-3,0.13.4,,euclidean__mamut-lagos-n210-k66-poi__seed__seed1__t504
euclidean,mamut-lagos-n210-k66-poi,210,66,main,seed,2,504,504.041,292392,2018504.346,66,True,2018640.4780000008,-0.00674,0,,90.56689453125,90.2841796875,turing-3,0.13.4,,euclidean__mamut-lagos-n210-k66-poi__seed__seed2__t504
euclidean,mamut-lagos-n210-k66-poi,210,66,main,seed,3,504,504.049,176771,2018447.8640000008,66,True,2018640.4780000008,-0.00954,0,,90.56689453125,90.2841796875,turing-3,0.13.4,,euclidean__mamut-lagos-n210-k66-poi__seed__seed3__t504
euclidean,mamut-lagos-n210-k66-poi,210,66,main,seed,4,504,504.04,191310,2018362.235000001,66,True,2018640.4780000008,-0.01378,0,,90.56689453125,90.2841796875,turing-3,0.13.4,,euclidean__mamut-lagos-n210-k66-poi__seed__seed4__t504
euclidean,mamut-lagos-n210-k66-poi,210,66,main,seed,5,504,504.044,175629,2018974.37,66,True,2018640.4780000008,0.01654,0,,90.56689453125,90.2841796875,turing-3,0.13.4,,euclidean__mamut-lagos-n210-k66-poi__seed__seed5__t504
euclidean,mamut-lagos-n210-k66-poi,210,66,main,seed,6,504,504.033,276591,2018259.7190000003,66,True,2018640.4780000008,-0.01886,0,,90.56689453125,90.2841796875,turing-3,0.13.4,,euclidean__mamut-lagos-n210-k66-poi__seed__seed6__t504
euclidean,mamut-lagos-n210-k66-poi,210,66,main,seed,7,504,504.049,189440,2018485.838000001,66,True,2018640.4780000008,-0.00766,0,,90.56689453125,90.2841796875,turing-3,0.13.4,,euclidean__mamut-lagos-n210-k66-poi__seed__seed7__t504
euclidean,mamut-lagos-n210-k66-poi,210,66,main,seed,8,504,504.044,276012,2018302.8769999994,66,True,2018640.4780000008,-0.01672,0,,90.56689453125,90.2841796875,turing-3,0.13.4,,euclidean__mamut-lagos-n210-k66-poi__seed__seed8__t504
euclidean,mamut-lagos-n210-k66-poi,210,66,main,seed,9,504,504.056,178565,2018533.4279999998,66,True,2018640.4780000008,-0.0053,0,,90.56689453125,90.2841796875,turing-3,0.13.4,,euclidean__mamut-lagos-n210-k66-poi__seed__seed9__t504
euclidean,mamut-lagos-n210-k66-poi,210,66,main,seed,10,504,504.046,183026,2018485.8380000014,66,True,2018640.4780000008,-0.00766,0,,90.56689453125,90.2841796875,turing-3,0.13.4,,euclidean__mamut-lagos-n210-k66-poi__seed__seed10__t504
euclidean,mamut-buenos_aires-n215-k53-hyb,215,53,polish,polish,1025,1032,1032.02,428811,1621787.5140000002,56,True,1626384.8139999998,-0.28267,1,kept_existing,90.2236328125,90.564453125,turing-3,0.13.4,euclidean__mamut-buenos_aires-n215-k53-hyb__seed__seed8__t516,euclidean__mamut-buenos_aires-n215-k53-hyb__polish__seed1025__t1032
euclidean,mamut-buenos_aires-n215-k53-hyb,215,53,main,seed,1,516,516.039,260697,1623616.6699999988,55,True,1626384.8139999998,-0.1702,0,,90.56689453125,90.240234375,turing-3,0.13.4,,euclidean__mamut-buenos_aires-n215-k53-hyb__seed__seed1__t516
euclidean,mamut-buenos_aires-n215-k53-hyb,215,53,main,seed,2,516,516.042,213079,1623616.6700000002,55,True,1626384.8139999998,-0.1702,0,,90.56689453125,90.240234375,turing-3,0.13.4,,euclidean__mamut-buenos_aires-n215-k53-hyb__seed__seed2__t516
euclidean,mamut-buenos_aires-n215-k53-hyb,215,53,main,seed,3,516,516.04,203069,1623616.669999999,55,True,1626384.8139999998,-0.1702,0,,90.56689453125,90.240234375,turing-3,0.13.4,,euclidean__mamut-buenos_aires-n215-k53-hyb__seed__seed3__t516
euclidean,mamut-buenos_aires-n215-k53-hyb,215,53,main,seed,4,516,516.04,205858,1624603.7989999987,55,True,1626384.8139999998,-0.10951,0,,90.56689453125,90.240234375,turing-3,0.13.4,,euclidean__mamut-buenos_aires-n215-k53-hyb__seed__seed4__t516
euclidean,mamut-buenos_aires-n215-k53-hyb,215,53,main,seed,5,516,516.037,204543,1622890.2810000002,55,True,1626384.8139999998,-0.21487,0,,90.56689453125,90.240234375,turing-3,0.13.4,,euclidean__mamut-buenos_aires-n215-k53-hyb__seed__seed5__t516
euclidean,mamut-buenos_aires-n215-k53-hyb,215,53,main,seed,6,516,516.037,238961,1624154.5589999997,55,True,1626384.8139999998,-0.13713,0,,90.56689453125,90.240234375,turing-3,0.13.4,,euclidean__mamut-buenos_aires-n215-k53-hyb__seed__seed6__t516
euclidean,mamut-buenos_aires-n215-k53-hyb,215,53,main,seed,7,516,516.037,237183,1623749.0989999997,55,True,1626384.8139999998,-0.16206,0,,90.56689453125,90.240234375,turing-3,0.13.4,,euclidean__mamut-buenos_aires-n215-k53-hyb__seed__seed7__t516
euclidean,mamut-buenos_aires-n215-k53-hyb,215,53,main,seed,8,516,516.04,226562,1621787.5140000002,56,True,1626384.8139999998,-0.28267,0,,90.56689453125,90.240234375,turing-3,0.13.4,,euclidean__mamut-buenos_aires-n215-k53-hyb__seed__seed8__t516
euclidean,mamut-buenos_aires-n215-k53-hyb,215,53,main,seed,9,516,516.028,293423,1623960.9749999994,55,True,1626384.8139999998,-0.14903,0,,90.56689453125,90.240234375,turing-3,0.13.4,,euclidean__mamut-buenos_aires-n215-k53-hyb__seed__seed9__t516
euclidean,mamut-buenos_aires-n215-k53-hyb,215,53,main,seed,10,516,516.041,287689,1623833.9650000003,55,True,1626384.8139999998,-0.15684,0,,90.56689453125,90.240234375,turing-3,0.13.4,,euclidean__mamut-buenos_aires-n215-k53-hyb__seed__seed10__t516
euclidean,mamut-manila-n221-k48-hyb,221,48,pilot,long,101,2120,2120.041,943061,688116.9069999997,50,True,688323.5019999995,-0.03001,0,,1.15380859375,61.2890625,turing-3,0.13.4,,euclidean__mamut-manila-n221-k48-hyb__long__seed101__t2120
euclidean,mamut-manila-n221-k48-hyb,221,48,polish,polish,1057,1060,1060.021,446089,687390.9939999997,50,True,688323.5019999995,-0.13548,1,kept_existing,90.2431640625,90.6083984375,turing-3,0.13.4,euclidean__mamut-manila-n221-k48-hyb__seed__seed3__t530,euclidean__mamut-manila-n221-k48-hyb__polish__seed1057__t1060
euclidean,mamut-manila-n221-k48-hyb,221,48,pilot,seed,1,530,530.031,311544,688329.3440000002,50,True,688323.5019999995,0.00085,0,,90.21630859375,90.2412109375,turing-3,0.13.4,,euclidean__mamut-manila-n221-k48-hyb__seed__seed1__t530
euclidean,mamut-manila-n221-k48-hyb,221,48,pilot,seed,2,530,530.049,288955,687390.9939999998,50,True,688323.5019999995,-0.13548,0,,90.21630859375,90.2412109375,turing-3,0.13.4,,euclidean__mamut-manila-n221-k48-hyb__seed__seed2__t530
euclidean,mamut-manila-n221-k48-hyb,221,48,pilot,seed,3,530,530.042,239475,687390.9939999997,50,True,688323.5019999995,-0.13548,0,,90.21630859375,90.2412109375,turing-3,0.13.4,,euclidean__mamut-manila-n221-k48-hyb__seed__seed3__t530
euclidean,mamut-manila-n221-k48-hyb,221,48,main,seed,4,530,530.048,207880,688116.9069999999,50,True,688323.5019999995,-0.03001,0,,90.4619140625,90.41552734375,turing-3,0.13.4,,euclidean__mamut-manila-n221-k48-hyb__seed__seed4__t530
euclidean,mamut-manila-n221-k48-hyb,221,48,main,seed,5,530,530.056,232427,689277.5200000003,49,True,688323.5019999995,0.1386,0,,90.4619140625,90.41552734375,turing-3,0.13.4,,euclidean__mamut-manila-n221-k48-hyb__seed__seed5__t530
euclidean,mamut-manila-n221-k48-hyb,221,48,main,seed,6,530,530.046,335516,687390.994,50,True,688323.5019999995,-0.13548,0,,90.4248046875,90.46240234375,turing-3,0.13.4,,euclidean__mamut-manila-n221-k48-hyb__seed__seed6__t530
euclidean,mamut-manila-n221-k48-hyb,221,48,main,seed,7,530,530.048,272658,687390.9940000004,50,True,688323.5019999995,-0.13548,0,,90.4248046875,90.46240234375,turing-3,0.13.4,,euclidean__mamut-manila-n221-k48-hyb__seed__seed7__t530
euclidean,mamut-manila-n221-k48-hyb,221,48,main,seed,8,530,530.047,226218,689597.3509999997,50,True,688323.5019999995,0.18507,0,,90.4248046875,90.46240234375,turing-3,0.13.4,,euclidean__mamut-manila-n221-k48-hyb__seed__seed8__t530
euclidean,mamut-manila-n221-k48-hyb,221,48,main,seed,9,530,530.047,218180,687735.222,50,True,688323.5019999995,-0.08547,0,,90.44189453125,90.20263671875,turing-3,0.13.4,,euclidean__mamut-manila-n221-k48-hyb__seed__seed9__t530
euclidean,mamut-manila-n221-k48-hyb,221,48,main,seed,10,530,530.044,248472,687390.9940000002,50,True,688323.5019999995,-0.13548,0,,90.50244140625,90.4521484375,turing-3,0.13.4,,euclidean__mamut-manila-n221-k48-hyb__seed__seed10__t530
euclidean,mamut-biarritz-n226-k60-par,226,60,polish,polish,1017,1084,1084.034,402481,418859.948,62,True,419867.7940000002,-0.24004,1,replaced,90.2646484375,90.54736328125,turing-3,0.13.4,euclidean__mamut-biarritz-n226-k60-par__seed__seed3__t542,euclidean__mamut-biarritz-n226-k60-par__polish__seed1017__t1084
euclidean,mamut-biarritz-n226-k60-par,226,60,main,seed,1,542,542.05,191739,420040.5870000003,63,True,419867.7940000002,0.04115,0,,90.216796875,90.33984375,turing-3,0.13.4,,euclidean__mamut-biarritz-n226-k60-par__seed__seed1__t542
euclidean,mamut-biarritz-n226-k60-par,226,60,main,seed,2,542,542.057,295361,419984.76100000023,62,True,419867.7940000002,0.02786,0,,90.216796875,90.33984375,turing-3,0.13.4,,euclidean__mamut-biarritz-n226-k60-par__seed__seed2__t542
euclidean,mamut-biarritz-n226-k60-par,226,60,main,seed,3,542,542.046,288796,418984.6730000005,62,True,419867.7940000002,-0.21033,0,,90.216796875,90.33984375,turing-3,0.13.4,,euclidean__mamut-biarritz-n226-k60-par__seed__seed3__t542
euclidean,mamut-biarritz-n226-k60-par,226,60,main,seed,4,542,542.057,256395,420068.2400000003,63,True,419867.7940000002,0.04774,0,,90.216796875,90.33984375,turing-3,0.13.4,,euclidean__mamut-biarritz-n226-k60-par__seed__seed4__t542
euclidean,mamut-biarritz-n226-k60-par,226,60,main,seed,5,542,542.057,244155,420037.83800000005,62,True,419867.7940000002,0.0405,0,,90.216796875,90.33984375,turing-3,0.13.4,,euclidean__mamut-biarritz-n226-k60-par__seed__seed5__t542
euclidean,mamut-biarritz-n226-k60-par,226,60,main,seed,6,542,542.035,216161,420034.3390000001,63,True,419867.7940000002,0.03967,0,,90.37158203125,90.41552734375,turing-3,0.13.4,,euclidean__mamut-biarritz-n226-k60-par__seed__seed6__t542
euclidean,mamut-biarritz-n226-k60-par,226,60,main,seed,7,542,542.059,199864,419905.9100000004,62,True,419867.7940000002,0.00908,0,,90.37158203125,90.41552734375,turing-3,0.13.4,,euclidean__mamut-biarritz-n226-k60-par__seed__seed7__t542
euclidean,mamut-biarritz-n226-k60-par,226,60,main,seed,8,542,542.055,195722,420088.34000000026,63,True,419867.7940000002,0.05253,0,,90.37158203125,90.41552734375,turing-3,0.13.4,,euclidean__mamut-biarritz-n226-k60-par__seed__seed8__t542
euclidean,mamut-biarritz-n226-k60-par,226,60,main,seed,9,542,542.056,261775,420022.6839999997,62,True,419867.7940000002,0.03689,0,,90.37158203125,90.41552734375,turing-3,0.13.4,,euclidean__mamut-biarritz-n226-k60-par__seed__seed9__t542
euclidean,mamut-biarritz-n226-k60-par,226,60,main,seed,10,542,542.047,195236,420079.055,63,True,419867.7940000002,0.05032,0,,90.216796875,90.33984375,turing-3,0.13.4,,euclidean__mamut-biarritz-n226-k60-par__seed__seed10__t542
euclidean,mamut-dijon-n231-k38-poi,231,38,polish,polish,1037,1108,1108.014,304442,377373.30700000015,38,True,377721.75599999994,-0.09225,1,kept_existing,90.3134765625,90.3916015625,turing-3,0.13.4,euclidean__mamut-dijon-n231-k38-poi__seed__seed10__t554,euclidean__mamut-dijon-n231-k38-poi__polish__seed1037__t1108
euclidean,mamut-dijon-n231-k38-poi,231,38,main,seed,1,554,554.055,139717,377717.0650000002,38,True,377721.75599999994,-0.00124,0,,90.23583984375,90.44189453125,turing-3,0.13.4,,euclidean__mamut-dijon-n231-k38-poi__seed__seed1__t554
euclidean,mamut-dijon-n231-k38-poi,231,38,main,seed,2,554,554.052,138827,377949.5920000001,38,True,377721.75599999994,0.06032,0,,90.23583984375,90.44189453125,turing-3,0.13.4,,euclidean__mamut-dijon-n231-k38-poi__seed__seed2__t554
euclidean,mamut-dijon-n231-k38-poi,231,38,main,seed,3,554,554.055,194508,380147.7039999999,38,True,377721.75599999994,0.64226,0,,90.23583984375,90.44189453125,turing-3,0.13.4,,euclidean__mamut-dijon-n231-k38-poi__seed__seed3__t554
euclidean,mamut-dijon-n231-k38-poi,231,38,main,seed,4,554,554.056,148365,377955.2610000002,38,True,377721.75599999994,0.06182,0,,90.23583984375,90.44189453125,turing-3,0.13.4,,euclidean__mamut-dijon-n231-k38-poi__seed__seed4__t554
euclidean,mamut-dijon-n231-k38-poi,231,38,main,seed,5,554,554.054,208545,377611.4129999998,38,True,377721.75599999994,-0.02921,0,,90.216796875,90.44189453125,turing-3,0.13.4,,euclidean__mamut-dijon-n231-k38-poi__seed__seed5__t554
euclidean,mamut-dijon-n231-k38-poi,231,38,main,seed,6,554,554.056,182310,377516.313,38,True,377721.75599999994,-0.05439,0,,90.216796875,90.44189453125,turing-3,0.13.4,,euclidean__mamut-dijon-n231-k38-poi__seed__seed6__t554
euclidean,mamut-dijon-n231-k38-poi,231,38,main,seed,7,554,554.056,149778,377525.27499999997,38,True,377721.75599999994,-0.05202,0,,90.216796875,90.44189453125,turing-3,0.13.4,,euclidean__mamut-dijon-n231-k38-poi__seed__seed7__t554
euclidean,mamut-dijon-n231-k38-poi,231,38,main,seed,8,554,554.035,209046,377798.92499999993,38,True,377721.75599999994,0.02043,0,,90.216796875,90.44189453125,turing-3,0.13.4,,euclidean__mamut-dijon-n231-k38-poi__seed__seed8__t554
euclidean,mamut-dijon-n231-k38-poi,231,38,main,seed,9,554,554.051,149570,378086.0,38,True,377721.75599999994,0.09643,0,,90.216796875,90.44189453125,turing-3,0.13.4,,euclidean__mamut-dijon-n231-k38-poi__seed__seed9__t554
euclidean,mamut-dijon-n231-k38-poi,231,38,main,seed,10,554,554.037,196165,377373.30700000015,38,True,377721.75599999994,-0.09225,0,,90.23583984375,90.44189453125,turing-3,0.13.4,,euclidean__mamut-dijon-n231-k38-poi__seed__seed10__t554
euclidean,mamut-chambery-n236-k48-par,236,48,polish,polish,1030,1132,1132.02,298525,826369.8630000004,48,True,826832.1249999999,-0.05591,1,kept_existing,90.3134765625,90.34765625,turing-3,0.13.4,euclidean__mamut-chambery-n236-k48-par__seed__seed7__t566,euclidean__mamut-chambery-n236-k48-par__polish__seed1030__t1132
euclidean,mamut-chambery-n236-k48-par,236,48,main,seed,1,566,566.048,129157,826858.0800000003,48,True,826832.1249999999,0.00314,0,,90.44873046875,90.37158203125,turing-3,0.13.4,,euclidean__mamut-chambery-n236-k48-par__seed__seed1__t566
euclidean,mamut-chambery-n236-k48-par,236,48,main,seed,2,566,566.047,117494,826559.8760000002,48,True,826832.1249999999,-0.03293,0,,90.44873046875,90.37158203125,turing-3,0.13.4,,euclidean__mamut-chambery-n236-k48-par__seed__seed2__t566
euclidean,mamut-chambery-n236-k48-par,236,48,main,seed,3,566,566.048,132907,826863.0239999999,48,True,826832.1249999999,0.00374,0,,90.44873046875,90.37158203125,turing-3,0.13.4,,euclidean__mamut-chambery-n236-k48-par__seed__seed3__t566
euclidean,mamut-chambery-n236-k48-par,236,48,main,seed,4,566,566.045,119043,826499.7480000001,48,True,826832.1249999999,-0.0402,0,,90.44873046875,90.37158203125,turing-3,0.13.4,,euclidean__mamut-chambery-n236-k48-par__seed__seed4__t566
euclidean,mamut-chambery-n236-k48-par,236,48,main,seed,5,566,566.05,138953,826671.4669999992,48,True,826832.1249999999,-0.01943,0,,90.44873046875,90.37158203125,turing-3,0.13.4,,euclidean__mamut-chambery-n236-k48-par__seed__seed5__t566
euclidean,mamut-chambery-n236-k48-par,236,48,main,seed,6,566,566.045,123274,826672.6860000001,48,True,826832.1249999999,-0.01928,0,,90.279296875,90.44189453125,turing-3,0.13.4,,euclidean__mamut-chambery-n236-k48-par__seed__seed6__t566
euclidean,mamut-chambery-n236-k48-par,236,48,main,seed,7,566,566.049,124811,826369.8630000004,48,True,826832.1249999999,-0.05591,0,,90.2568359375,90.56689453125,turing-3,0.13.4,,euclidean__mamut-chambery-n236-k48-par__seed__seed7__t566
euclidean,mamut-chambery-n236-k48-par,236,48,main,seed,8,566,566.048,146711,826864.9249999999,48,True,826832.1249999999,0.00397,0,,90.279296875,90.44189453125,turing-3,0.13.4,,euclidean__mamut-chambery-n236-k48-par__seed__seed8__t566
euclidean,mamut-chambery-n236-k48-par,236,48,main,seed,9,566,566.045,135498,826863.0239999999,48,True,826832.1249999999,0.00374,0,,90.2568359375,90.56689453125,turing-3,0.13.4,,euclidean__mamut-chambery-n236-k48-par__seed__seed9__t566
euclidean,mamut-chambery-n236-k48-par,236,48,main,seed,10,566,566.051,133101,826617.0209999997,48,True,826832.1249999999,-0.02602,0,,90.44873046875,90.37158203125,turing-3,0.13.4,,euclidean__mamut-chambery-n236-k48-par__seed__seed10__t566
euclidean,mamut-bangkok-n242-k49-hyb,242,49,polish,polish,1011,1160,1160.02,385806,2298634.1409999966,49,True,2301497.2330000014,-0.1244,1,kept_existing,90.3134765625,90.208984375,turing-3,0.13.4,euclidean__mamut-bangkok-n242-k49-hyb__seed__seed2__t580,euclidean__mamut-bangkok-n242-k49-hyb__polish__seed1011__t1160
euclidean,mamut-bangkok-n242-k49-hyb,242,49,main,seed,1,580,580.051,152853,2306943.509000003,49,True,2301497.2330000014,0.23664,0,,90.85302734375,90.279296875,turing-3,0.13.4,,euclidean__mamut-bangkok-n242-k49-hyb__seed__seed1__t580
euclidean,mamut-bangkok-n242-k49-hyb,242,49,main,seed,2,580,580.049,140274,2298634.1409999966,49,True,2301497.2330000014,-0.1244,0,,90.85302734375,90.279296875,turing-3,0.13.4,,euclidean__mamut-bangkok-n242-k49-hyb__seed__seed2__t580
euclidean,mamut-bangkok-n242-k49-hyb,242,49,main,seed,3,580,580.045,227848,2298634.140999998,49,True,2301497.2330000014,-0.1244,0,,90.85302734375,90.279296875,turing-3,0.13.4,,euclidean__mamut-bangkok-n242-k49-hyb__seed__seed3__t580
euclidean,mamut-bangkok-n242-k49-hyb,242,49,main,seed,4,580,580.056,139028,2298858.3030000003,49,True,2301497.2330000014,-0.11466,0,,90.85302734375,90.279296875,turing-3,0.13.4,,euclidean__mamut-bangkok-n242-k49-hyb__seed__seed4__t580
euclidean,mamut-bangkok-n242-k49-hyb,242,49,main,seed,5,580,580.055,176073,2301598.976999999,49,True,2301497.2330000014,0.00442,0,,90.85302734375,90.279296875,turing-3,0.13.4,,euclidean__mamut-bangkok-n242-k49-hyb__seed__seed5__t580
euclidean,mamut-bangkok-n242-k49-hyb,242,49,main,seed,6,580,580.047,234515,2301497.6159999995,49,True,2301497.2330000014,2e-05,0,,90.57763671875,90.37158203125,turing-3,0.13.4,,euclidean__mamut-bangkok-n242-k49-hyb__seed__seed6__t580
euclidean,mamut-bangkok-n242-k49-hyb,242,49,main,seed,7,580,580.05,143313,2302735.714000001,49,True,2301497.2330000014,0.05381,0,,90.57763671875,90.37158203125,turing-3,0.13.4,,euclidean__mamut-bangkok-n242-k49-hyb__seed__seed7__t580
euclidean,mamut-bangkok-n242-k49-hyb,242,49,main,seed,8,580,580.037,154398,2298696.9539999985,49,True,2301497.2330000014,-0.12167,0,,90.57763671875,90.37158203125,turing-3,0.13.4,,euclidean__mamut-bangkok-n242-k49-hyb__seed__seed8__t580
euclidean,mamut-bangkok-n242-k49-hyb,242,49,main,seed,9,580,580.05,137602,2301540.800999999,49,True,2301497.2330000014,0.00189,0,,90.57763671875,90.37158203125,turing-3,0.13.4,,euclidean__mamut-bangkok-n242-k49-hyb__seed__seed9__t580
euclidean,mamut-bangkok-n242-k49-hyb,242,49,main,seed,10,580,580.046,203606,2298634.1410000008,49,True,2301497.2330000014,-0.1244,0,,90.85302734375,90.279296875,turing-3,0.13.4,,euclidean__mamut-bangkok-n242-k49-hyb__seed__seed10__t580
euclidean,mamut-saint_etienne-n248-k43-poi,248,43,polish,polish,1088,1190,1190.021,365123,984742.6779999997,44,True,984895.1860000002,-0.01548,1,kept_existing,90.3134765625,90.4111328125,turing-3,0.13.4,euclidean__mamut-saint_etienne-n248-k43-poi__seed__seed5__t595,euclidean__mamut-saint_etienne-n248-k43-poi__polish__seed1088__t1190
euclidean,mamut-saint_etienne-n248-k43-poi,248,43,main,seed,1,595,595.059,145098,985688.7359999995,44,True,984895.1860000002,0.08057,0,,90.51806640625,90.279296875,turing-3,0.13.4,,euclidean__mamut-saint_etienne-n248-k43-poi__seed__seed1__t595
euclidean,mamut-saint_etienne-n248-k43-poi,248,43,main,seed,2,595,595.061,160558,985519.7229999995,44,True,984895.1860000002,0.06341,0,,90.51806640625,90.279296875,turing-3,0.13.4,,euclidean__mamut-saint_etienne-n248-k43-poi__seed__seed2__t595
euclidean,mamut-saint_etienne-n248-k43-poi,248,43,main,seed,3,595,595.055,144188,985048.6769999997,44,True,984895.1860000002,0.01558,0,,90.51806640625,90.279296875,turing-3,0.13.4,,euclidean__mamut-saint_etienne-n248-k43-poi__seed__seed3__t595
euclidean,mamut-saint_etienne-n248-k43-poi,248,43,main,seed,4,595,595.063,156494,985441.9939999995,44,True,984895.1860000002,0.05552,0,,90.51806640625,90.279296875,turing-3,0.13.4,,euclidean__mamut-saint_etienne-n248-k43-poi__seed__seed4__t595
euclidean,mamut-saint_etienne-n248-k43-poi,248,43,main,seed,5,595,595.059,176727,984742.6779999997,44,True,984895.1860000002,-0.01548,0,,90.51806640625,90.279296875,turing-3,0.13.4,,euclidean__mamut-saint_etienne-n248-k43-poi__seed__seed5__t595
euclidean,mamut-saint_etienne-n248-k43-poi,248,43,main,seed,6,595,595.054,140915,984959.7639999994,44,True,984895.1860000002,0.00656,0,,90.51806640625,90.279296875,turing-3,0.13.4,,euclidean__mamut-saint_etienne-n248-k43-poi__seed__seed6__t595
euclidean,mamut-saint_etienne-n248-k43-poi,248,43,main,seed,7,595,595.059,165006,986232.7450000001,44,True,984895.1860000002,0.13581,0,,90.55712890625,90.2568359375,turing-3,0.13.4,,euclidean__mamut-saint_etienne-n248-k43-poi__seed__seed7__t595
euclidean,mamut-saint_etienne-n248-k43-poi,248,43,main,seed,8,595,595.06,151165,986901.5729999996,44,True,984895.1860000002,0.20372,0,,90.55712890625,90.2568359375,turing-3,0.13.4,,euclidean__mamut-saint_etienne-n248-k43-poi__seed__seed8__t595
euclidean,mamut-saint_etienne-n248-k43-poi,248,43,main,seed,9,595,595.057,207880,986933.4449999997,44,True,984895.1860000002,0.20695,0,,90.55712890625,90.2568359375,turing-3,0.13.4,,euclidean__mamut-saint_etienne-n248-k43-poi__seed__seed9__t595
euclidean,mamut-saint_etienne-n248-k43-poi,248,43,main,seed,10,595,595.058,243951,985305.4680000005,44,True,984895.1860000002,0.04166,0,,90.51806640625,90.279296875,turing-3,0.13.4,,euclidean__mamut-saint_etienne-n248-k43-poi__seed__seed10__t595
euclidean,mamut-mulhouse-n254-k42-par,254,42,polish,polish,1065,1218,1218.024,320414,919304.011,42,True,921504.2729999999,-0.23877,1,kept_existing,90.267578125,90.603515625,turing-3,0.13.4,euclidean__mamut-mulhouse-n254-k42-par__seed__seed5__t609,euclidean__mamut-mulhouse-n254-k42-par__polish__seed1065__t1218
euclidean,mamut-mulhouse-n254-k42-par,254,42,main,seed,1,609,609.051,170327,923575.0599999994,42,True,921504.2729999999,0.22472,0,,90.23193359375,90.57763671875,turing-3,0.13.4,,euclidean__mamut-mulhouse-n254-k42-par__seed__seed1__t609
euclidean,mamut-mulhouse-n254-k42-par,254,42,main,seed,2,609,609.059,139087,923027.4309999999,42,True,921504.2729999999,0.16529,0,,90.23193359375,90.57763671875,turing-3,0.13.4,,euclidean__mamut-mulhouse-n254-k42-par__seed__seed2__t609
euclidean,mamut-mulhouse-n254-k42-par,254,42,main,seed,3,609,609.059,129809,923882.9850000001,42,True,921504.2729999999,0.25813,0,,90.23193359375,90.57763671875,turing-3,0.13.4,,euclidean__mamut-mulhouse-n254-k42-par__seed__seed3__t609
euclidean,mamut-mulhouse-n254-k42-par,254,42,main,seed,4,609,609.062,140426,923913.0939999997,42,True,921504.2729999999,0.2614,0,,90.23193359375,90.57763671875,turing-3,0.13.4,,euclidean__mamut-mulhouse-n254-k42-par__seed__seed4__t609
euclidean,mamut-mulhouse-n254-k42-par,254,42,main,seed,5,609,609.058,140692,919304.011,42,True,921504.2729999999,-0.23877,0,,90.23193359375,90.57763671875,turing-3,0.13.4,,euclidean__mamut-mulhouse-n254-k42-par__seed__seed5__t609
euclidean,mamut-mulhouse-n254-k42-par,254,42,main,seed,6,609,609.057,156290,922587.1819999999,42,True,921504.2729999999,0.11752,0,,90.4755859375,90.23583984375,turing-3,0.13.4,,euclidean__mamut-mulhouse-n254-k42-par__seed__seed6__t609
euclidean,mamut-mulhouse-n254-k42-par,254,42,main,seed,7,609,609.066,148544,922287.2860000002,42,True,921504.2729999999,0.08497,0,,90.4755859375,90.23583984375,turing-3,0.13.4,,euclidean__mamut-mulhouse-n254-k42-par__seed__seed7__t609
euclidean,mamut-mulhouse-n254-k42-par,254,42,main,seed,8,609,609.053,136805,923452.6589999998,42,True,921504.2729999999,0.21144,0,,90.51806640625,90.23583984375,turing-3,0.13.4,,euclidean__mamut-mulhouse-n254-k42-par__seed__seed8__t609
euclidean,mamut-mulhouse-n254-k42-par,254,42,main,seed,9,609,609.062,187199,922341.9890000001,42,True,921504.2729999999,0.09091,0,,90.51806640625,90.23583984375,turing-3,0.13.4,,euclidean__mamut-mulhouse-n254-k42-par__seed__seed9__t609
euclidean,mamut-mulhouse-n254-k42-par,254,42,main,seed,10,609,609.062,136503,920062.6630000001,42,True,921504.2729999999,-0.15644,0,,90.23193359375,90.57763671875,turing-3,0.13.4,,euclidean__mamut-mulhouse-n254-k42-par__seed__seed10__t609
euclidean,mamut-saint_malo-n260-k35-par,260,35,polish,polish,1089,1248,1248.032,481377,263074.04699999996,36,True,263240.55699999986,-0.06325,1,replaced,90.18115234375,90.22705078125,turing-3,0.13.4,euclidean__mamut-saint_malo-n260-k35-par__seed__seed9__t624,euclidean__mamut-saint_malo-n260-k35-par__polish__seed1089__t1248
euclidean,mamut-saint_malo-n260-k35-par,260,35,main,seed,1,624,624.068,308192,263085.532,36,True,263240.55699999986,-0.05889,0,,90.3740234375,90.4755859375,turing-3,0.13.4,,euclidean__mamut-saint_malo-n260-k35-par__seed__seed1__t624
euclidean,mamut-saint_malo-n260-k35-par,260,35,main,seed,2,624,624.061,339699,263307.212,36,True,263240.55699999986,0.02532,0,,90.42431640625,90.4755859375,turing-3,0.13.4,,euclidean__mamut-saint_malo-n260-k35-par__seed__seed2__t624
euclidean,mamut-saint_malo-n260-k35-par,260,35,main,seed,3,624,624.078,253745,263245.1089999998,36,True,263240.55699999986,0.00173,0,,90.42431640625,90.4755859375,turing-3,0.13.4,,euclidean__mamut-saint_malo-n260-k35-par__seed__seed3__t624
euclidean,mamut-saint_malo-n260-k35-par,260,35,main,seed,4,624,624.065,228776,263609.00700000004,37,True,263240.55699999986,0.13997,0,,90.42431640625,90.4755859375,turing-3,0.13.4,,euclidean__mamut-saint_malo-n260-k35-par__seed__seed4__t624
euclidean,mamut-saint_malo-n260-k35-par,260,35,main,seed,5,624,624.073,233182,263406.75899999996,36,True,263240.55699999986,0.06314,0,,90.42431640625,90.51806640625,turing-3,0.13.4,,euclidean__mamut-saint_malo-n260-k35-par__seed__seed5__t624
euclidean,mamut-saint_malo-n260-k35-par,260,35,main,seed,6,624,624.063,273919,263628.50900000014,37,True,263240.55699999986,0.14738,0,,90.29931640625,90.57763671875,turing-3,0.13.4,,euclidean__mamut-saint_malo-n260-k35-par__seed__seed6__t624
euclidean,mamut-saint_malo-n260-k35-par,260,35,main,seed,7,624,624.061,226062,263332.44299999997,36,True,263240.55699999986,0.03491,0,,90.29931640625,90.57763671875,turing-3,0.13.4,,euclidean__mamut-saint_malo-n260-k35-par__seed__seed7__t624
euclidean,mamut-saint_malo-n260-k35-par,260,35,main,seed,8,624,624.066,278004,263463.27300000004,36,True,263240.55699999986,0.08461,0,,90.27490234375,90.57763671875,turing-3,0.13.4,,euclidean__mamut-saint_malo-n260-k35-par__seed__seed8__t624
euclidean,mamut-saint_malo-n260-k35-par,260,35,main,seed,9,624,624.058,248535,263078.10199999996,36,True,263240.55699999986,-0.06171,0,,90.27490234375,90.57763671875,turing-3,0.13.4,,euclidean__mamut-saint_malo-n260-k35-par__seed__seed9__t624
euclidean,mamut-saint_malo-n260-k35-par,260,35,main,seed,10,624,624.044,297131,263426.9149999999,36,True,263240.55699999986,0.07079,0,,90.3740234375,90.4755859375,turing-3,0.13.4,,euclidean__mamut-saint_malo-n260-k35-par__seed__seed10__t624
euclidean,mamut-rouen-n266-k36-poi,266,36,polish,polish,1087,1276,1276.026,306924,420712.3780000003,36,True,424319.4499999999,-0.85008,1,replaced,90.38671875,90.24267578125,turing-3,0.13.4,euclidean__mamut-rouen-n266-k36-poi__seed__seed4__t638,euclidean__mamut-rouen-n266-k36-poi__polish__seed1087__t1276
euclidean,mamut-rouen-n266-k36-poi,266,36,main,seed,1,638,638.076,125300,424477.7769999999,37,True,424319.4499999999,0.03731,0,,90.34716796875,90.51806640625,turing-3,0.13.4,,euclidean__mamut-rouen-n266-k36-poi__seed__seed1__t638
euclidean,mamut-rouen-n266-k36-poi,266,36,main,seed,2,638,638.038,266457,423723.1130000001,37,True,424319.4499999999,-0.14054,0,,90.34716796875,90.51806640625,turing-3,0.13.4,,euclidean__mamut-rouen-n266-k36-poi__seed__seed2__t638
euclidean,mamut-rouen-n266-k36-poi,266,36,main,seed,3,638,638.064,154483,422658.53399999987,36,True,424319.4499999999,-0.39143,0,,90.34716796875,90.51806640625,turing-3,0.13.4,,euclidean__mamut-rouen-n266-k36-poi__seed__seed3__t638
euclidean,mamut-rouen-n266-k36-poi,266,36,main,seed,4,638,638.041,144721,421103.7550000002,36,True,424319.4499999999,-0.75785,0,,90.34716796875,90.51806640625,turing-3,0.13.4,,euclidean__mamut-rouen-n266-k36-poi__seed__seed4__t638
euclidean,mamut-rouen-n266-k36-poi,266,36,main,seed,5,638,638.086,130428,424344.40600000025,37,True,424319.4499999999,0.00588,0,,90.34716796875,90.51806640625,turing-3,0.13.4,,euclidean__mamut-rouen-n266-k36-poi__seed__seed5__t638
euclidean,mamut-rouen-n266-k36-poi,266,36,main,seed,6,638,638.06,119733,423308.52300000016,36,True,424319.4499999999,-0.23825,0,,90.34716796875,90.51806640625,turing-3,0.13.4,,euclidean__mamut-rouen-n266-k36-poi__seed__seed6__t638
euclidean,mamut-rouen-n266-k36-poi,266,36,main,seed,7,638,638.069,210170,422155.73400000035,36,True,424319.4499999999,-0.50993,0,,90.34716796875,90.51806640625,turing-3,0.13.4,,euclidean__mamut-rouen-n266-k36-poi__seed__seed7__t638
euclidean,mamut-rouen-n266-k36-poi,266,36,main,seed,8,638,638.061,208815,422247.2340000003,36,True,424319.4499999999,-0.48836,0,,90.34716796875,90.51806640625,turing-3,0.13.4,,euclidean__mamut-rouen-n266-k36-poi__seed__seed8__t638
euclidean,mamut-rouen-n266-k36-poi,266,36,main,seed,9,638,638.058,256943,422200.8450000002,36,True,424319.4499999999,-0.49929,0,,90.34716796875,90.51806640625,turing-3,0.13.4,,euclidean__mamut-rouen-n266-k36-poi__seed__seed9__t638
euclidean,mamut-rouen-n266-k36-poi,266,36,main,seed,10,638,638.071,180004,421445.775,36,True,424319.4499999999,-0.67724,0,,90.34716796875,90.51806640625,turing-3,0.13.4,,euclidean__mamut-rouen-n266-k36-poi__seed__seed10__t638
euclidean,mamut-aix_en_provence-n272-k39-poi,272,39,polish,polish,1000,1304,1304.027,323753,1547830.702,39,True,1557408.2450000006,-0.61497,1,replaced,90.32666015625,90.16796875,turing-3,0.13.4,euclidean__mamut-aix_en_provence-n272-k39-poi__seed__seed6__t652,euclidean__mamut-aix_en_provence-n272-k39-poi__polish__seed1000__t1304
euclidean,mamut-aix_en_provence-n272-k39-poi,272,39,main,seed,1,652,652.074,147471,1550130.8510000007,39,True,1557408.2450000006,-0.46728,0,,90.6748046875,90.29931640625,turing-3,0.13.4,,euclidean__mamut-aix_en_provence-n272-k39-poi__seed__seed1__t652
euclidean,mamut-aix_en_provence-n272-k39-poi,272,39,main,seed,2,652,652.063,79897,1558178.38,39,True,1557408.2450000006,0.04945,0,,90.6748046875,90.29931640625,turing-3,0.13.4,,euclidean__mamut-aix_en_provence-n272-k39-poi__seed__seed2__t652
euclidean,mamut-aix_en_provence-n272-k39-poi,272,39,main,seed,3,652,652.066,215430,1552841.553,39,True,1557408.2450000006,-0.29322,0,,90.6748046875,90.29931640625,turing-3,0.13.4,,euclidean__mamut-aix_en_provence-n272-k39-poi__seed__seed3__t652
euclidean,mamut-aix_en_provence-n272-k39-poi,272,39,main,seed,4,652,652.069,150958,1549020.3920000002,39,True,1557408.2450000006,-0.53858,0,,90.6748046875,90.29931640625,turing-3,0.13.4,,euclidean__mamut-aix_en_provence-n272-k39-poi__seed__seed4__t652
euclidean,mamut-aix_en_provence-n272-k39-poi,272,39,main,seed,5,652,652.086,121089,1553053.3719999993,39,True,1557408.2450000006,-0.27962,0,,90.6748046875,90.29931640625,turing-3,0.13.4,,euclidean__mamut-aix_en_provence-n272-k39-poi__seed__seed5__t652
euclidean,mamut-aix_en_provence-n272-k39-poi,272,39,main,seed,6,652,652.081,176015,1548352.3789999986,39,True,1557408.2450000006,-0.58147,0,,90.41064453125,90.55712890625,turing-3,0.13.4,,euclidean__mamut-aix_en_provence-n272-k39-poi__seed__seed6__t652
euclidean,mamut-aix_en_provence-n272-k39-poi,272,39,main,seed,7,652,652.076,118900,1556764.6500000004,39,True,1557408.2450000006,-0.04132,0,,90.44677734375,90.51806640625,turing-3,0.13.4,,euclidean__mamut-aix_en_provence-n272-k39-poi__seed__seed7__t652
euclidean,mamut-aix_en_provence-n272-k39-poi,272,39,main,seed,8,652,652.077,220922,1549584.3159999987,39,True,1557408.2450000006,-0.50237,0,,90.41064453125,90.55712890625,turing-3,0.13.4,,euclidean__mamut-aix_en_provence-n272-k39-poi__seed__seed8__t652
euclidean,mamut-aix_en_provence-n272-k39-poi,272,39,main,seed,9,652,652.068,128305,1550673.1239999991,39,True,1557408.2450000006,-0.43246,0,,90.41064453125,90.55712890625,turing-3,0.13.4,,euclidean__mamut-aix_en_provence-n272-k39-poi__seed__seed9__t652
euclidean,mamut-aix_en_provence-n272-k39-poi,272,39,main,seed,10,652,652.075,118013,1556896.5860000004,39,True,1557408.2450000006,-0.03285,0,,90.6748046875,90.29931640625,turing-3,0.13.4,,euclidean__mamut-aix_en_provence-n272-k39-poi__seed__seed10__t652
euclidean,mamut-quimper-n278-k48-par,278,48,polish,polish,1081,1334,1334.038,336681,548973.327,48,True,550268.6340000002,-0.2354,1,replaced,90.38134765625,90.13427734375,turing-3,0.13.4,euclidean__mamut-quimper-n278-k48-par__seed__seed1__t667,euclidean__mamut-quimper-n278-k48-par__polish__seed1081__t1334
euclidean,mamut-quimper-n278-k48-par,278,48,main,seed,1,667,667.04,157261,549129.8939999999,48,True,550268.6340000002,-0.20694,0,,90.59521484375,90.44677734375,turing-3,0.13.4,,euclidean__mamut-quimper-n278-k48-par__seed__seed1__t667
euclidean,mamut-quimper-n278-k48-par,278,48,main,seed,2,667,667.062,138338,551008.9490000005,48,True,550268.6340000002,0.13454,0,,90.59521484375,90.44677734375,turing-3,0.13.4,,euclidean__mamut-quimper-n278-k48-par__seed__seed2__t667
euclidean,mamut-quimper-n278-k48-par,278,48,main,seed,3,667,667.06,140665,549945.517,48,True,550268.6340000002,-0.05872,0,,90.59521484375,90.44677734375,turing-3,0.13.4,,euclidean__mamut-quimper-n278-k48-par__seed__seed3__t667
euclidean,mamut-quimper-n278-k48-par,278,48,main,seed,4,667,667.061,151622,550293.2280000004,48,True,550268.6340000002,0.00447,0,,90.59521484375,90.44677734375,turing-3,0.13.4,,euclidean__mamut-quimper-n278-k48-par__seed__seed4__t667
euclidean,mamut-quimper-n278-k48-par,278,48,main,seed,5,667,667.088,128197,551230.6560000003,48,True,550268.6340000002,0.17483,0,,90.59521484375,90.41064453125,turing-3,0.13.4,,euclidean__mamut-quimper-n278-k48-par__seed__seed5__t667
euclidean,mamut-quimper-n278-k48-par,278,48,main,seed,6,667,667.07,121602,551504.7520000001,48,True,550268.6340000002,0.22464,0,,90.30517578125,90.27490234375,turing-3,0.13.4,,euclidean__mamut-quimper-n278-k48-par__seed__seed6__t667
euclidean,mamut-quimper-n278-k48-par,278,48,main,seed,7,667,667.068,150207,550886.8030000003,48,True,550268.6340000002,0.11234,0,,90.44091796875,90.25244140625,turing-3,0.13.4,,euclidean__mamut-quimper-n278-k48-par__seed__seed7__t667
euclidean,mamut-quimper-n278-k48-par,278,48,main,seed,8,667,667.062,169158,550505.6970000003,48,True,550268.6340000002,0.04308,0,,90.30517578125,90.27490234375,turing-3,0.13.4,,euclidean__mamut-quimper-n278-k48-par__seed__seed8__t667
euclidean,mamut-quimper-n278-k48-par,278,48,main,seed,9,667,667.065,127391,551032.7920000004,48,True,550268.6340000002,0.13887,0,,90.30517578125,90.27490234375,turing-3,0.13.4,,euclidean__mamut-quimper-n278-k48-par__seed__seed9__t667
euclidean,mamut-quimper-n278-k48-par,278,48,main,seed,10,667,667.074,119350,553666.0229999999,48,True,550268.6340000002,0.61741,0,,90.59521484375,90.44677734375,turing-3,0.13.4,,euclidean__mamut-quimper-n278-k48-par__seed__seed10__t667
euclidean,mamut-chicago-n285-k91-poi,285,91,polish,polish,1032,1368,1368.043,304511,7893114.278999999,93,True,7896660.152999994,-0.0449,1,replaced,90.33984375,90.18896484375,turing-3,0.13.4,bks:pyvrp-ils-v1:seed42,euclidean__mamut-chicago-n285-k91-poi__polish__seed1032__t1368
euclidean,mamut-chicago-n285-k91-poi,285,91,main,seed,1,684,684.063,209065,7910286.859000003,93,True,7896660.152999994,0.17256,0,,90.5595703125,90.34716796875,turing-3,0.13.4,,euclidean__mamut-chicago-n285-k91-poi__seed__seed1__t684
euclidean,mamut-chicago-n285-k91-poi,285,91,main,seed,2,684,684.041,256042,7924070.061999999,93,True,7896660.152999994,0.34711,0,,90.5595703125,90.34716796875,turing-3,0.13.4,,euclidean__mamut-chicago-n285-k91-poi__seed__seed2__t684
euclidean,mamut-chicago-n285-k91-poi,285,91,main,seed,3,684,684.054,180423,7925535.053999998,93,True,7896660.152999994,0.36566,0,,90.5595703125,90.34716796875,turing-3,0.13.4,,euclidean__mamut-chicago-n285-k91-poi__seed__seed3__t684
euclidean,mamut-chicago-n285-k91-poi,285,91,main,seed,4,684,684.062,214739,7922643.062000001,93,True,7896660.152999994,0.32904,0,,90.5595703125,90.34716796875,turing-3,0.13.4,,euclidean__mamut-chicago-n285-k91-poi__seed__seed4__t684
euclidean,mamut-chicago-n285-k91-poi,285,91,main,seed,5,684,684.072,184218,7927497.826999997,93,True,7896660.152999994,0.39052,0,,90.5595703125,90.34716796875,turing-3,0.13.4,,euclidean__mamut-chicago-n285-k91-poi__seed__seed5__t684
euclidean,mamut-chicago-n285-k91-poi,285,91,main,seed,6,684,684.061,196500,7929466.741999996,93,True,7896660.152999994,0.41545,0,,90.5595703125,90.34716796875,turing-3,0.13.4,,euclidean__mamut-chicago-n285-k91-poi__seed__seed6__t684
euclidean,mamut-chicago-n285-k91-poi,285,91,main,seed,7,684,684.055,215213,7911696.425000001,93,True,7896660.152999994,0.19041,0,,90.5595703125,90.34716796875,turing-3,0.13.4,,euclidean__mamut-chicago-n285-k91-poi__seed__seed7__t684
euclidean,mamut-chicago-n285-k91-poi,285,91,main,seed,8,684,684.061,265648,7927590.882999999,93,True,7896660.152999994,0.39169,0,,90.5595703125,90.34716796875,turing-3,0.13.4,,euclidean__mamut-chicago-n285-k91-poi__seed__seed8__t684
euclidean,mamut-chicago-n285-k91-poi,285,91,main,seed,9,684,684.066,258393,7905224.7140000025,93,True,7896660.152999994,0.10846,0,,90.5595703125,90.34716796875,turing-3,0.13.4,,euclidean__mamut-chicago-n285-k91-poi__seed__seed9__t684
euclidean,mamut-chicago-n285-k91-poi,285,91,main,seed,10,684,684.067,224948,7922823.255,93,True,7896660.152999994,0.33132,0,,90.5595703125,90.34716796875,turing-3,0.13.4,,euclidean__mamut-chicago-n285-k91-poi__seed__seed10__t684
euclidean,mamut-bayonne-n292-k33-hyb,292,33,polish,polish,1014,1400,1400.038,333296,670787.7670000008,33,True,671908.419,-0.16679,1,replaced,90.32373046875,90.2236328125,turing-3,0.13.4,euclidean__mamut-bayonne-n292-k33-hyb__seed__seed2__t700,euclidean__mamut-bayonne-n292-k33-hyb__polish__seed1014__t1400
euclidean,mamut-bayonne-n292-k33-hyb,292,33,main,seed,1,700,700.077,161465,670889.9630000001,33,True,671908.419,-0.15158,0,,90.12841796875,90.30517578125,turing-3,0.13.4,,euclidean__mamut-bayonne-n292-k33-hyb__seed__seed1__t700
euclidean,mamut-bayonne-n292-k33-hyb,292,33,main,seed,2,700,700.052,196754,670813.2730000006,33,True,671908.419,-0.16299,0,,90.12841796875,90.30517578125,turing-3,0.13.4,,euclidean__mamut-bayonne-n292-k33-hyb__seed__seed2__t700
euclidean,mamut-bayonne-n292-k33-hyb,292,33,main,seed,3,700,700.069,179756,671311.2640000002,33,True,671908.419,-0.08887,0,,90.12841796875,90.30517578125,turing-3,0.13.4,,euclidean__mamut-bayonne-n292-k33-hyb__seed__seed3__t700
euclidean,mamut-bayonne-n292-k33-hyb,292,33,main,seed,4,700,700.081,152196,672978.1759999996,33,True,671908.419,0.15921,0,,90.12841796875,90.30517578125,turing-3,0.13.4,,euclidean__mamut-bayonne-n292-k33-hyb__seed__seed4__t700
euclidean,mamut-bayonne-n292-k33-hyb,292,33,main,seed,5,700,700.096,185317,670827.5890000004,33,True,671908.419,-0.16086,0,,90.12841796875,90.30517578125,turing-3,0.13.4,,euclidean__mamut-bayonne-n292-k33-hyb__seed__seed5__t700
euclidean,mamut-bayonne-n292-k33-hyb,292,33,main,seed,6,700,700.078,188525,671450.688,33,True,671908.419,-0.06812,0,,90.47900390625,90.3193359375,turing-3,0.13.4,,euclidean__mamut-bayonne-n292-k33-hyb__seed__seed6__t700
euclidean,mamut-bayonne-n292-k33-hyb,292,33,main,seed,7,700,700.072,195528,672815.642,33,True,671908.419,0.13502,0,,90.47900390625,90.3193359375,turing-3,0.13.4,,euclidean__mamut-bayonne-n292-k33-hyb__seed__seed7__t700
euclidean,mamut-bayonne-n292-k33-hyb,292,33,main,seed,8,700,700.082,160928,671893.9589999996,33,True,671908.419,-0.00215,0,,90.47900390625,90.3193359375,turing-3,0.13.4,,euclidean__mamut-bayonne-n292-k33-hyb__seed__seed8__t700
euclidean,mamut-bayonne-n292-k33-hyb,292,33,main,seed,9,700,700.08,240209,672136.4470000005,33,True,671908.419,0.03394,0,,90.47900390625,90.3193359375,turing-3,0.13.4,,euclidean__mamut-bayonne-n292-k33-hyb__seed__seed9__t700
euclidean,mamut-bayonne-n292-k33-hyb,292,33,main,seed,10,700,700.079,216485,671339.1950000005,33,True,671908.419,-0.08472,0,,90.12841796875,90.30517578125,turing-3,0.13.4,,euclidean__mamut-bayonne-n292-k33-hyb__seed__seed10__t700
euclidean,mamut-vienna-n298-k36-poi,298,36,polish,polish,1106,1430,1430.034,465218,885221.2299999993,36,True,885221.2299999993,0.0,1,,90.294921875,90.2880859375,turing-3,0.13.4,bks:pyvrp-ils-v1:seed42,euclidean__mamut-vienna-n298-k36-poi__polish__seed1106__t1430
euclidean,mamut-vienna-n298-k36-poi,298,36,main,seed,1,715,715.078,199773,887457.4119999995,36,True,885221.2299999993,0.25261,0,,90.3271484375,90.25927734375,turing-3,0.13.4,,euclidean__mamut-vienna-n298-k36-poi__seed__seed1__t715
euclidean,mamut-vienna-n298-k36-poi,298,36,main,seed,2,715,715.076,141798,888243.7929999992,36,True,885221.2299999993,0.34145,0,,90.3271484375,90.25927734375,turing-3,0.13.4,,euclidean__mamut-vienna-n298-k36-poi__seed__seed2__t715
euclidean,mamut-vienna-n298-k36-poi,298,36,main,seed,3,715,715.073,143750,887215.9269999997,36,True,885221.2299999993,0.22533,0,,90.3271484375,90.25927734375,turing-3,0.13.4,,euclidean__mamut-vienna-n298-k36-poi__seed__seed3__t715
euclidean,mamut-vienna-n298-k36-poi,298,36,main,seed,4,715,715.051,145937,886907.9029999997,36,True,885221.2299999993,0.19054,0,,90.3271484375,90.25927734375,turing-3,0.13.4,,euclidean__mamut-vienna-n298-k36-poi__seed__seed4__t715
euclidean,mamut-vienna-n298-k36-poi,298,36,main,seed,5,715,715.082,165803,888547.4970000001,36,True,885221.2299999993,0.37576,0,,90.3271484375,90.25927734375,turing-3,0.13.4,,euclidean__mamut-vienna-n298-k36-poi__seed__seed5__t715
euclidean,mamut-vienna-n298-k36-poi,298,36,main,seed,6,715,715.079,190148,887405.6279999991,36,True,885221.2299999993,0.24676,0,,90.16552734375,90.30517578125,turing-3,0.13.4,,euclidean__mamut-vienna-n298-k36-poi__seed__seed6__t715
euclidean,mamut-vienna-n298-k36-poi,298,36,main,seed,7,715,715.049,143691,887860.6069999995,36,True,885221.2299999993,0.29816,0,,90.15185546875,90.44091796875,turing-3,0.13.4,,euclidean__mamut-vienna-n298-k36-poi__seed__seed7__t715
euclidean,mamut-vienna-n298-k36-poi,298,36,main,seed,8,715,715.088,180364,886795.4129999996,36,True,885221.2299999993,0.17783,0,,90.16552734375,90.30517578125,turing-3,0.13.4,,euclidean__mamut-vienna-n298-k36-poi__seed__seed8__t715
euclidean,mamut-vienna-n298-k36-poi,298,36,main,seed,9,715,715.082,234688,885945.3549999989,36,True,885221.2299999993,0.0818,0,,90.1396484375,90.64599609375,turing-3,0.13.4,,euclidean__mamut-vienna-n298-k36-poi__seed__seed9__t715
euclidean,mamut-vienna-n298-k36-poi,298,36,main,seed,10,715,715.084,150911,888894.8889999993,36,True,885221.2299999993,0.415,0,,90.3271484375,90.25927734375,turing-3,0.13.4,,euclidean__mamut-vienna-n298-k36-poi__seed__seed10__t715
euclidean,mamut-kuala_lumpur-n305-k42-poi,305,42,polish,polish,1044,1464,1464.036,307163,2054835.227999998,43,True,2058754.954999999,-0.19039,1,replaced,90.470703125,90.3134765625,turing-3,0.13.4,euclidean__mamut-kuala_lumpur-n305-k42-poi__seed__seed2__t732,euclidean__mamut-kuala_lumpur-n305-k42-poi__polish__seed1044__t1464
euclidean,mamut-kuala_lumpur-n305-k42-poi,305,42,main,seed,1,732,732.082,139053,2059965.5659999978,43,True,2058754.954999999,0.0588,0,,90.33349609375,90.25927734375,turing-3,0.13.4,,euclidean__mamut-kuala_lumpur-n305-k42-poi__seed__seed1__t732
euclidean,mamut-kuala_lumpur-n305-k42-poi,305,42,main,seed,2,732,732.072,156916,2055272.3419999979,43,True,2058754.954999999,-0.16916,0,,90.33349609375,90.25927734375,turing-3,0.13.4,,euclidean__mamut-kuala_lumpur-n305-k42-poi__seed__seed2__t732
euclidean,mamut-kuala_lumpur-n305-k42-poi,305,42,main,seed,3,732,732.074,152407,2064920.9279999975,43,True,2058754.954999999,0.2995,0,,90.33349609375,90.25927734375,turing-3,0.13.4,,euclidean__mamut-kuala_lumpur-n305-k42-poi__seed__seed3__t732
euclidean,mamut-kuala_lumpur-n305-k42-poi,305,42,main,seed,4,732,732.062,145950,2060669.2269999995,43,True,2058754.954999999,0.09298,0,,90.33349609375,90.25927734375,turing-3,0.13.4,,euclidean__mamut-kuala_lumpur-n305-k42-poi__seed__seed4__t732
euclidean,mamut-kuala_lumpur-n305-k42-poi,305,42,main,seed,5,732,732.081,151798,2061291.1739999985,43,True,2058754.954999999,0.12319,0,,90.33349609375,90.25927734375,turing-3,0.13.4,,euclidean__mamut-kuala_lumpur-n305-k42-poi__seed__seed5__t732
euclidean,mamut-kuala_lumpur-n305-k42-poi,305,42,main,seed,6,732,732.066,242496,2056439.4729999995,43,True,2058754.954999999,-0.11247,0,,90.33349609375,90.25927734375,turing-3,0.13.4,,euclidean__mamut-kuala_lumpur-n305-k42-poi__seed__seed6__t732
euclidean,mamut-kuala_lumpur-n305-k42-poi,305,42,main,seed,7,732,732.083,126954,2062477.7819999987,43,True,2058754.954999999,0.18083,0,,90.33349609375,90.25927734375,turing-3,0.13.4,,euclidean__mamut-kuala_lumpur-n305-k42-poi__seed__seed7__t732
euclidean,mamut-kuala_lumpur-n305-k42-poi,305,42,main,seed,8,732,732.078,132813,2060189.5349999983,43,True,2058754.954999999,0.06968,0,,90.33349609375,90.25927734375,turing-3,0.13.4,,euclidean__mamut-kuala_lumpur-n305-k42-poi__seed__seed8__t732
euclidean,mamut-kuala_lumpur-n305-k42-poi,305,42,main,seed,9,732,732.075,145467,2059136.612999997,43,True,2058754.954999999,0.01854,0,,90.33349609375,90.47900390625,turing-3,0.13.4,,euclidean__mamut-kuala_lumpur-n305-k42-poi__seed__seed9__t732
euclidean,mamut-kuala_lumpur-n305-k42-poi,305,42,main,seed,10,732,732.071,109573,2057120.3199999984,43,True,2058754.954999999,-0.0794,0,,90.275390625,90.25927734375,turing-3,0.13.4,,euclidean__mamut-kuala_lumpur-n305-k42-poi__seed__seed10__t732
euclidean,mamut-prague-n313-k11-poi,313,11,polish,polish,1080,1502,1502.03,662479,910712.2769999999,11,True,912442.3010000004,-0.1896,1,replaced,90.357421875,90.3134765625,turing-3,0.13.4,euclidean__mamut-prague-n313-k11-poi__seed__seed9__t751,euclidean__mamut-prague-n313-k11-poi__polish__seed1080__t1502
euclidean,mamut-prague-n313-k11-poi,313,11,main,seed,1,751,751.053,333836,911842.5059999999,11,True,912442.3010000004,-0.06574,0,,90.419921875,90.16552734375,turing-3,0.13.4,,euclidean__mamut-prague-n313-k11-poi__seed__seed1__t751
euclidean,mamut-prague-n313-k11-poi,313,11,main,seed,2,751,751.113,372996,911893.6950000006,11,True,912442.3010000004,-0.06013,0,,90.419921875,90.16552734375,turing-3,0.13.4,,euclidean__mamut-prague-n313-k11-poi__seed__seed2__t751
euclidean,mamut-prague-n313-k11-poi,313,11,main,seed,3,751,751.095,310915,911570.4000000003,11,True,912442.3010000004,-0.09556,0,,90.42919921875,90.1396484375,turing-3,0.13.4,,euclidean__mamut-prague-n313-k11-poi__seed__seed3__t751
euclidean,mamut-prague-n313-k11-poi,313,11,main,seed,4,751,751.1,309567,911746.2790000002,11,True,912442.3010000004,-0.07628,0,,90.47509765625,90.12841796875,turing-3,0.13.4,,euclidean__mamut-prague-n313-k11-poi__seed__seed4__t751
euclidean,mamut-prague-n313-k11-poi,313,11,main,seed,5,751,751.108,387447,912011.8780000001,11,True,912442.3010000004,-0.04717,0,,90.47509765625,90.12841796875,turing-3,0.13.4,,euclidean__mamut-prague-n313-k11-poi__seed__seed5__t751
euclidean,mamut-prague-n313-k11-poi,313,11,main,seed,6,751,751.092,396739,910863.6860000001,11,True,912442.3010000004,-0.17301,0,,90.33349609375,90.59521484375,turing-3,0.13.4,,euclidean__mamut-prague-n313-k11-poi__seed__seed6__t751
euclidean,mamut-prague-n313-k11-poi,313,11,main,seed,7,751,751.083,360597,911993.0810000002,11,True,912442.3010000004,-0.04923,0,,90.275390625,90.5595703125,turing-3,0.13.4,,euclidean__mamut-prague-n313-k11-poi__seed__seed7__t751
euclidean,mamut-prague-n313-k11-poi,313,11,main,seed,8,751,751.106,382491,911462.4990000003,11,True,912442.3010000004,-0.10738,0,,90.275390625,90.5595703125,turing-3,0.13.4,,euclidean__mamut-prague-n313-k11-poi__seed__seed8__t751
euclidean,mamut-prague-n313-k11-poi,313,11,main,seed,9,751,751.085,520304,910750.708,11,True,912442.3010000004,-0.18539,0,,90.275390625,90.5595703125,turing-3,0.13.4,,euclidean__mamut-prague-n313-k11-poi__seed__seed9__t751
euclidean,mamut-prague-n313-k11-poi,313,11,main,seed,10,751,751.055,327939,911409.2289999996,11,True,912442.3010000004,-0.11322,0,,90.419921875,90.16552734375,turing-3,0.13.4,,euclidean__mamut-prague-n313-k11-poi__seed__seed10__t751
euclidean,mamut-reims-n320-k64-hyb,320,64,polish,polish,1082,1536,1536.043,356547,1562974.9159999997,64,True,1566688.451999999,-0.23703,1,replaced,90.3876953125,90.3408203125,turing-3,0.13.4,euclidean__mamut-reims-n320-k64-hyb__seed__seed8__t768,euclidean__mamut-reims-n320-k64-hyb__polish__seed1082__t1536
euclidean,mamut-reims-n320-k64-hyb,320,64,main,seed,1,768,768.095,169720,1564759.489,64,True,1566688.451999999,-0.12312,0,,90.2216796875,90.275390625,turing-3,0.13.4,,euclidean__mamut-reims-n320-k64-hyb__seed__seed1__t768
euclidean,mamut-reims-n320-k64-hyb,320,64,main,seed,2,768,768.095,201071,1565901.689,64,True,1566688.451999999,-0.05022,0,,90.2216796875,90.275390625,turing-3,0.13.4,,euclidean__mamut-reims-n320-k64-hyb__seed__seed2__t768
euclidean,mamut-reims-n320-k64-hyb,320,64,main,seed,3,768,768.082,228192,1564035.6950000005,64,True,1566688.451999999,-0.16932,0,,90.20361328125,90.33349609375,turing-3,0.13.4,,euclidean__mamut-reims-n320-k64-hyb__seed__seed3__t768
euclidean,mamut-reims-n320-k64-hyb,320,64,main,seed,4,768,768.08,216346,1564466.0520000006,64,True,1566688.451999999,-0.14185,0,,90.20361328125,90.33349609375,turing-3,0.13.4,,euclidean__mamut-reims-n320-k64-hyb__seed__seed4__t768
euclidean,mamut-reims-n320-k64-hyb,320,64,main,seed,5,768,768.087,222435,1564915.3559999994,64,True,1566688.451999999,-0.11317,0,,90.20361328125,90.33349609375,turing-3,0.13.4,,euclidean__mamut-reims-n320-k64-hyb__seed__seed5__t768
euclidean,mamut-reims-n320-k64-hyb,320,64,main,seed,6,768,768.091,170356,1563845.6289999993,64,True,1566688.451999999,-0.18145,0,,90.369140625,90.12841796875,turing-3,0.13.4,,euclidean__mamut-reims-n320-k64-hyb__seed__seed6__t768
euclidean,mamut-reims-n320-k64-hyb,320,64,main,seed,7,768,768.093,210779,1564711.8999999987,64,True,1566688.451999999,-0.12616,0,,90.31396484375,90.1396484375,turing-3,0.13.4,,euclidean__mamut-reims-n320-k64-hyb__seed__seed7__t768
euclidean,mamut-reims-n320-k64-hyb,320,64,main,seed,8,768,768.085,169759,1563443.1209999996,64,True,1566688.451999999,-0.20715,0,,90.31396484375,90.1396484375,turing-3,0.13.4,,euclidean__mamut-reims-n320-k64-hyb__seed__seed8__t768
euclidean,mamut-reims-n320-k64-hyb,320,64,main,seed,9,768,768.075,248738,1565614.2879999997,64,True,1566688.451999999,-0.06856,0,,90.31396484375,90.1396484375,turing-3,0.13.4,,euclidean__mamut-reims-n320-k64-hyb__seed__seed9__t768
euclidean,mamut-reims-n320-k64-hyb,320,64,main,seed,10,768,768.089,156048,1564976.5829999999,64,True,1566688.451999999,-0.10927,0,,90.2216796875,90.275390625,turing-3,0.13.4,,euclidean__mamut-reims-n320-k64-hyb__seed__seed10__t768
euclidean,mamut-pau-n327-k46-hyb,327,46,polish,polish,1077,1568,1568.033,454122,551003.2649999998,46,True,551744.6459999998,-0.13437,1,replaced,90.45947265625,90.3134765625,turing-3,0.13.4,euclidean__mamut-pau-n327-k46-hyb__seed__seed8__t784,euclidean__mamut-pau-n327-k46-hyb__polish__seed1077__t1568
euclidean,mamut-pau-n327-k46-hyb,327,46,main,seed,1,784,784.051,212702,554355.6080000001,46,True,551744.6459999998,0.47322,0,,90.28564453125,90.275390625,turing-3,0.13.4,,euclidean__mamut-pau-n327-k46-hyb__seed__seed1__t784
euclidean,mamut-pau-n327-k46-hyb,327,46,main,seed,2,784,784.054,224809,552449.4660000006,46,True,551744.6459999998,0.12774,0,,90.28564453125,90.275390625,turing-3,0.13.4,,euclidean__mamut-pau-n327-k46-hyb__seed__seed2__t784
euclidean,mamut-pau-n327-k46-hyb,327,46,main,seed,3,784,784.084,225645,554080.1970000007,46,True,551744.6459999998,0.4233,0,,90.28564453125,90.275390625,turing-3,0.13.4,,euclidean__mamut-pau-n327-k46-hyb__seed__seed3__t784
euclidean,mamut-pau-n327-k46-hyb,327,46,main,seed,4,784,784.089,238953,552093.7050000003,46,True,551744.6459999998,0.06326,0,,90.28564453125,90.275390625,turing-3,0.13.4,,euclidean__mamut-pau-n327-k46-hyb__seed__seed4__t784
euclidean,mamut-pau-n327-k46-hyb,327,46,main,seed,5,784,784.078,247714,551417.4659999997,46,True,551744.6459999998,-0.0593,0,,90.28564453125,90.275390625,turing-3,0.13.4,,euclidean__mamut-pau-n327-k46-hyb__seed__seed5__t784
euclidean,mamut-pau-n327-k46-hyb,327,46,main,seed,6,784,784.105,267013,551428.064,46,True,551744.6459999998,-0.05738,0,,90.28564453125,90.275390625,turing-3,0.13.4,,euclidean__mamut-pau-n327-k46-hyb__seed__seed6__t784
euclidean,mamut-pau-n327-k46-hyb,327,46,main,seed,7,784,784.087,301775,554189.7440000002,46,True,551744.6459999998,0.44316,0,,90.28564453125,90.275390625,turing-3,0.13.4,,euclidean__mamut-pau-n327-k46-hyb__seed__seed7__t784
euclidean,mamut-pau-n327-k46-hyb,327,46,main,seed,8,784,784.085,297850,551030.2679999997,46,True,551744.6459999998,-0.12948,0,,90.28564453125,90.275390625,turing-3,0.13.4,,euclidean__mamut-pau-n327-k46-hyb__seed__seed8__t784
euclidean,mamut-pau-n327-k46-hyb,327,46,main,seed,9,784,784.086,244109,553278.1529999997,46,True,551744.6459999998,0.27794,0,,90.28564453125,90.275390625,turing-3,0.13.4,,euclidean__mamut-pau-n327-k46-hyb__seed__seed9__t784
euclidean,mamut-pau-n327-k46-hyb,327,46,main,seed,10,784,784.106,325376,551476.849,46,True,551744.6459999998,-0.04854,0,,90.28564453125,90.275390625,turing-3,0.13.4,,euclidean__mamut-pau-n327-k46-hyb__seed__seed10__t784
euclidean,mamut-vannes-n335-k16-par,335,16,polish,polish,1104,1608,1608.032,859954,207375.19899999988,16,True,208220.5540000001,-0.40599,1,replaced,90.24560546875,90.2431640625,turing-3,0.13.4,euclidean__mamut-vannes-n335-k16-par__seed__seed5__t804,euclidean__mamut-vannes-n335-k16-par__polish__seed1104__t1608
euclidean,mamut-vannes-n335-k16-par,335,16,main,seed,1,804,804.107,466385,208010.66099999985,16,True,208220.5540000001,-0.1008,0,,90.20166015625,90.369140625,turing-3,0.13.4,,euclidean__mamut-vannes-n335-k16-par__seed__seed1__t804
euclidean,mamut-vannes-n335-k16-par,335,16,main,seed,2,804,804.118,465300,208184.077,16,True,208220.5540000001,-0.01752,0,,90.20166015625,90.369140625,turing-3,0.13.4,,euclidean__mamut-vannes-n335-k16-par__seed__seed2__t804
euclidean,mamut-vannes-n335-k16-par,335,16,main,seed,3,804,804.09,397518,208141.429,16,True,208220.5540000001,-0.038,0,,90.345703125,90.419921875,turing-3,0.13.4,,euclidean__mamut-vannes-n335-k16-par__seed__seed3__t804
euclidean,mamut-vannes-n335-k16-par,335,16,main,seed,4,804,804.092,395002,208347.026,16,True,208220.5540000001,0.06074,0,,90.345703125,90.419921875,turing-3,0.13.4,,euclidean__mamut-vannes-n335-k16-par__seed__seed4__t804
euclidean,mamut-vannes-n335-k16-par,335,16,main,seed,5,804,804.066,404423,207771.67000000007,16,True,208220.5540000001,-0.21558,0,,90.345703125,90.419921875,turing-3,0.13.4,,euclidean__mamut-vannes-n335-k16-par__seed__seed5__t804
euclidean,mamut-vannes-n335-k16-par,335,16,main,seed,6,804,804.103,530239,208065.74399999995,16,True,208220.5540000001,-0.07435,0,,90.36767578125,90.33349609375,turing-3,0.13.4,,euclidean__mamut-vannes-n335-k16-par__seed__seed6__t804
euclidean,mamut-vannes-n335-k16-par,335,16,main,seed,7,804,804.103,422120,208139.69200000004,16,True,208220.5540000001,-0.03883,0,,90.36767578125,90.33349609375,turing-3,0.13.4,,euclidean__mamut-vannes-n335-k16-par__seed__seed7__t804
euclidean,mamut-vannes-n335-k16-par,335,16,main,seed,8,804,804.116,516369,207960.57099999997,16,True,208220.5540000001,-0.12486,0,,90.36767578125,90.33349609375,turing-3,0.13.4,,euclidean__mamut-vannes-n335-k16-par__seed__seed8__t804
euclidean,mamut-vannes-n335-k16-par,335,16,main,seed,9,804,804.12,383296,208195.44500000007,16,True,208220.5540000001,-0.01206,0,,90.337890625,90.33349609375,turing-3,0.13.4,,euclidean__mamut-vannes-n335-k16-par__seed__seed9__t804
euclidean,mamut-vannes-n335-k16-par,335,16,main,seed,10,804,804.103,444432,208729.77,16,True,208220.5540000001,0.24456,0,,90.20166015625,90.369140625,turing-3,0.13.4,,euclidean__mamut-vannes-n335-k16-par__seed__seed10__t804
euclidean,mamut-brussels-n343-k46-poi,343,46,polish,polish,1023,1646,1646.054,539317,534163.8269999999,47,True,535744.107,-0.29497,1,replaced,90.28662109375,90.18896484375,turing-3,0.13.4,euclidean__mamut-brussels-n343-k46-poi__seed__seed9__t823,euclidean__mamut-brussels-n343-k46-poi__polish__seed1023__t1646
euclidean,mamut-brussels-n343-k46-poi,343,46,main,seed,1,823,823.111,274240,535173.5850000004,47,True,535744.107,-0.10649,0,,90.7822265625,90.36767578125,turing-3,0.13.4,,euclidean__mamut-brussels-n343-k46-poi__seed__seed1__t823
euclidean,mamut-brussels-n343-k46-poi,343,46,main,seed,2,823,823.104,284135,536254.3240000001,47,True,535744.107,0.09524,0,,90.7822265625,90.36767578125,turing-3,0.13.4,,euclidean__mamut-brussels-n343-k46-poi__seed__seed2__t823
euclidean,mamut-brussels-n343-k46-poi,343,46,main,seed,3,823,823.105,284899,536136.794,47,True,535744.107,0.0733,0,,90.71923828125,90.36767578125,turing-3,0.13.4,,euclidean__mamut-brussels-n343-k46-poi__seed__seed3__t823
euclidean,mamut-brussels-n343-k46-poi,343,46,main,seed,4,823,823.119,313637,536349.4110000003,47,True,535744.107,0.11298,0,,90.71923828125,90.337890625,turing-3,0.13.4,,euclidean__mamut-brussels-n343-k46-poi__seed__seed4__t823
euclidean,mamut-brussels-n343-k46-poi,343,46,main,seed,5,823,823.105,240883,537158.8869999999,47,True,535744.107,0.26408,0,,90.71923828125,90.337890625,turing-3,0.13.4,,euclidean__mamut-brussels-n343-k46-poi__seed__seed5__t823
euclidean,mamut-brussels-n343-k46-poi,343,46,main,seed,6,823,823.101,240853,534446.5750000003,47,True,535744.107,-0.24219,0,,90.26025390625,90.369140625,turing-3,0.13.4,,euclidean__mamut-brussels-n343-k46-poi__seed__seed6__t823
euclidean,mamut-brussels-n343-k46-poi,343,46,main,seed,7,823,823.111,341978,535894.7940000003,47,True,535744.107,0.02813,0,,90.26025390625,90.369140625,turing-3,0.13.4,,euclidean__mamut-brussels-n343-k46-poi__seed__seed7__t823
euclidean,mamut-brussels-n343-k46-poi,343,46,main,seed,8,823,823.104,241934,536410.3750000003,47,True,535744.107,0.12436,0,,90.283203125,90.31396484375,turing-3,0.13.4,,euclidean__mamut-brussels-n343-k46-poi__seed__seed8__t823
euclidean,mamut-brussels-n343-k46-poi,343,46,main,seed,9,823,823.102,227170,534228.6290000001,47,True,535744.107,-0.28287,0,,90.283203125,90.31396484375,turing-3,0.13.4,,euclidean__mamut-brussels-n343-k46-poi__seed__seed9__t823
euclidean,mamut-brussels-n343-k46-poi,343,46,main,seed,10,823,823.065,229554,534382.2160000004,47,True,535744.107,-0.25421,0,,90.7822265625,90.36767578125,turing-3,0.13.4,,euclidean__mamut-brussels-n343-k46-poi__seed__seed10__t823
euclidean,mamut-vilnius-n351-k9-poi,351,9,pilot,long,101,3368,3368.13,1597528,610234.6119999995,9,True,610809.451,-0.09411,0,,8.2685546875,48.0126953125,turing-3,0.13.4,,euclidean__mamut-vilnius-n351-k9-poi__long__seed101__t3368
euclidean,mamut-vilnius-n351-k9-poi,351,9,polish,polish,1107,1684,1684.039,638156,608761.1579999999,9,True,610809.451,-0.33534,1,replaced,90.18505859375,90.146484375,turing-3,0.13.4,euclidean__mamut-vilnius-n351-k9-poi__seed__seed9__t842,euclidean__mamut-vilnius-n351-k9-poi__polish__seed1107__t1684
euclidean,mamut-vilnius-n351-k9-poi,351,9,pilot,seed,1,842,842.077,299922,611272.0619999998,9,True,610809.451,0.07574,0,,1.15380859375,90.21630859375,turing-3,0.13.4,,euclidean__mamut-vilnius-n351-k9-poi__seed__seed1__t842
euclidean,mamut-vilnius-n351-k9-poi,351,9,pilot,seed,2,842,842.054,427530,611978.4949999998,9,True,610809.451,0.19139,0,,1.15380859375,90.21630859375,turing-3,0.13.4,,euclidean__mamut-vilnius-n351-k9-poi__seed__seed2__t842
euclidean,mamut-vilnius-n351-k9-poi,351,9,pilot,seed,3,842,842.104,268226,610295.9680000003,9,True,610809.451,-0.08407,0,,1.15380859375,90.21630859375,turing-3,0.13.4,,euclidean__mamut-vilnius-n351-k9-poi__seed__seed3__t842
euclidean,mamut-vilnius-n351-k9-poi,351,9,main,seed,4,842,842.138,308120,610288.1359999996,9,True,610809.451,-0.08535,0,,90.76318359375,90.28564453125,turing-3,0.13.4,,euclidean__mamut-vilnius-n351-k9-poi__seed__seed4__t842
euclidean,mamut-vilnius-n351-k9-poi,351,9,main,seed,5,842,842.162,284631,610485.9970000001,9,True,610809.451,-0.05295,0,,90.76318359375,90.28564453125,turing-3,0.13.4,,euclidean__mamut-vilnius-n351-k9-poi__seed__seed5__t842
euclidean,mamut-vilnius-n351-k9-poi,351,9,main,seed,6,842,842.149,264290,610886.266,9,True,610809.451,0.01258,0,,90.76318359375,90.28564453125,turing-3,0.13.4,,euclidean__mamut-vilnius-n351-k9-poi__seed__seed6__t842
euclidean,mamut-vilnius-n351-k9-poi,351,9,main,seed,7,842,842.138,258201,611964.9430000002,9,True,610809.451,0.18917,0,,90.7822265625,90.28564453125,turing-3,0.13.4,,euclidean__mamut-vilnius-n351-k9-poi__seed__seed7__t842
euclidean,mamut-vilnius-n351-k9-poi,351,9,main,seed,8,842,842.119,394443,610927.5090000001,9,True,610809.451,0.01933,0,,90.7822265625,90.28564453125,turing-3,0.13.4,,euclidean__mamut-vilnius-n351-k9-poi__seed__seed8__t842
euclidean,mamut-vilnius-n351-k9-poi,351,9,main,seed,9,842,842.107,255478,609297.5340000003,9,True,610809.451,-0.24753,0,,90.7822265625,90.28564453125,turing-3,0.13.4,,euclidean__mamut-vilnius-n351-k9-poi__seed__seed9__t842
euclidean,mamut-vilnius-n351-k9-poi,351,9,main,seed,10,842,842.124,257955,610219.2859999995,9,True,610809.451,-0.09662,0,,90.76318359375,90.310546875,turing-3,0.13.4,,euclidean__mamut-vilnius-n351-k9-poi__seed__seed10__t842
euclidean,mamut-mumbai-n359-k44-poi,359,44,polish,polish,1066,1722,1722.043,603451,1608059.744,44,True,1610984.8040000014,-0.18157,1,replaced,90.26025390625,90.103515625,turing-3,0.13.4,euclidean__mamut-mumbai-n359-k44-poi__seed__seed4__t861,euclidean__mamut-mumbai-n359-k44-poi__polish__seed1066__t1722
euclidean,mamut-mumbai-n359-k44-poi,359,44,main,seed,1,861,861.061,201633,1615184.731000001,44,True,1610984.8040000014,0.26071,0,,90.9814453125,90.28564453125,turing-3,0.13.4,,euclidean__mamut-mumbai-n359-k44-poi__seed__seed1__t861
euclidean,mamut-mumbai-n359-k44-poi,359,44,main,seed,2,861,861.065,229470,1610177.0540000005,44,True,1610984.8040000014,-0.05014,0,,90.9814453125,90.28564453125,turing-3,0.13.4,,euclidean__mamut-mumbai-n359-k44-poi__seed__seed2__t861
euclidean,mamut-mumbai-n359-k44-poi,359,44,main,seed,3,861,861.098,202575,1614723.6480000012,44,True,1610984.8040000014,0.23208,0,,90.9814453125,90.28564453125,turing-3,0.13.4,,euclidean__mamut-mumbai-n359-k44-poi__seed__seed3__t861
euclidean,mamut-mumbai-n359-k44-poi,359,44,main,seed,4,861,861.102,262431,1609192.4679999994,44,True,1610984.8040000014,-0.11126,0,,90.9814453125,90.28564453125,turing-3,0.13.4,,euclidean__mamut-mumbai-n359-k44-poi__seed__seed4__t861
euclidean,mamut-mumbai-n359-k44-poi,359,44,main,seed,5,861,861.096,310866,1614927.098,44,True,1610984.8040000014,0.24471,0,,90.9814453125,90.28564453125,turing-3,0.13.4,,euclidean__mamut-mumbai-n359-k44-poi__seed__seed5__t861
euclidean,mamut-mumbai-n359-k44-poi,359,44,main,seed,6,861,861.103,217700,1610033.636,44,True,1610984.8040000014,-0.05904,0,,90.9814453125,90.28564453125,turing-3,0.13.4,,euclidean__mamut-mumbai-n359-k44-poi__seed__seed6__t861
euclidean,mamut-mumbai-n359-k44-poi,359,44,main,seed,7,861,861.094,227688,1610559.032000001,44,True,1610984.8040000014,-0.02643,0,,90.9814453125,90.28564453125,turing-3,0.13.4,,euclidean__mamut-mumbai-n359-k44-poi__seed__seed7__t861
euclidean,mamut-mumbai-n359-k44-poi,359,44,main,seed,8,861,861.099,226106,1609727.1130000001,44,True,1610984.8040000014,-0.07807,0,,90.9814453125,90.28564453125,turing-3,0.13.4,,euclidean__mamut-mumbai-n359-k44-poi__seed__seed8__t861
euclidean,mamut-mumbai-n359-k44-poi,359,44,main,seed,9,861,861.107,283635,1614017.8890000004,44,True,1610984.8040000014,0.18828,0,,90.9814453125,90.28564453125,turing-3,0.13.4,,euclidean__mamut-mumbai-n359-k44-poi__seed__seed9__t861
euclidean,mamut-mumbai-n359-k44-poi,359,44,main,seed,10,861,861.089,294673,1613415.7020000005,44,True,1610984.8040000014,0.1509,0,,90.9814453125,90.28564453125,turing-3,0.13.4,,euclidean__mamut-mumbai-n359-k44-poi__seed__seed10__t861
euclidean,mamut-albi-n368-k10-par,368,10,polish,polish,1002,1766,1766.044,1179034,139105.07600000006,10,True,139485.61699999994,-0.27282,1,kept_existing,90.220703125,90.28759765625,turing-3,0.13.4,euclidean__mamut-albi-n368-k10-par__seed__seed8__t883,euclidean__mamut-albi-n368-k10-par__polish__seed1002__t1766
euclidean,mamut-albi-n368-k10-par,368,10,main,seed,1,883,883.128,561018,139236.91499999992,10,True,139485.61699999994,-0.1783,0,,90.265625,90.30810546875,turing-3,0.13.4,,euclidean__mamut-albi-n368-k10-par__seed__seed1__t883
euclidean,mamut-albi-n368-k10-par,368,10,main,seed,2,883,883.107,472587,141232.863,10,True,139485.61699999994,1.25264,0,,90.265625,90.30810546875,turing-3,0.13.4,,euclidean__mamut-albi-n368-k10-par__seed__seed2__t883
euclidean,mamut-albi-n368-k10-par,368,10,main,seed,3,883,883.105,614080,139143.46500000014,10,True,139485.61699999994,-0.2453,0,,90.265625,90.30810546875,turing-3,0.13.4,,euclidean__mamut-albi-n368-k10-par__seed__seed3__t883
euclidean,mamut-albi-n368-k10-par,368,10,main,seed,4,883,883.08,579498,139145.33300000004,10,True,139485.61699999994,-0.24396,0,,90.265625,90.30810546875,turing-3,0.13.4,,euclidean__mamut-albi-n368-k10-par__seed__seed4__t883
euclidean,mamut-albi-n368-k10-par,368,10,main,seed,5,883,883.117,469817,139237.41099999996,10,True,139485.61699999994,-0.17794,0,,90.265625,90.30810546875,turing-3,0.13.4,,euclidean__mamut-albi-n368-k10-par__seed__seed5__t883
euclidean,mamut-albi-n368-k10-par,368,10,main,seed,6,883,883.115,496360,139137.7270000001,10,True,139485.61699999994,-0.24941,0,,90.265625,90.30810546875,turing-3,0.13.4,,euclidean__mamut-albi-n368-k10-par__seed__seed6__t883
euclidean,mamut-albi-n368-k10-par,368,10,main,seed,7,883,883.116,489761,139375.401,10,True,139485.61699999994,-0.07902,0,,90.265625,90.30810546875,turing-3,0.13.4,,euclidean__mamut-albi-n368-k10-par__seed__seed7__t883
euclidean,mamut-albi-n368-k10-par,368,10,main,seed,8,883,883.064,698680,139105.07600000006,10,True,139485.61699999994,-0.27282,0,,90.265625,90.283203125,turing-3,0.13.4,,euclidean__mamut-albi-n368-k10-par__seed__seed8__t883
euclidean,mamut-albi-n368-k10-par,368,10,main,seed,9,883,883.125,531558,139191.44799999997,10,True,139485.61699999994,-0.2109,0,,90.265625,90.283203125,turing-3,0.13.4,,euclidean__mamut-albi-n368-k10-par__seed__seed9__t883
euclidean,mamut-albi-n368-k10-par,368,10,main,seed,10,883,883.118,506348,139196.4480000001,10,True,139485.61699999994,-0.20731,0,,90.265625,90.30810546875,turing-3,0.13.4,,euclidean__mamut-albi-n368-k10-par__seed__seed10__t883
euclidean,mamut-grenoble-n376-k34-poi,376,34,polish,polish,1039,1804,1804.048,725794,264733.0219999997,34,True,265928.89099999995,-0.4497,1,replaced,90.2841796875,90.26904296875,turing-3,0.13.4,euclidean__mamut-grenoble-n376-k34-poi__seed__seed2__t902,euclidean__mamut-grenoble-n376-k34-poi__polish__seed1039__t1804
euclidean,mamut-grenoble-n376-k34-poi,376,34,main,seed,1,902,902.109,327244,265955.9829999999,35,True,265928.89099999995,0.01019,0,,90.2353515625,91.0673828125,turing-3,0.13.4,,euclidean__mamut-grenoble-n376-k34-poi__seed__seed1__t902
euclidean,mamut-grenoble-n376-k34-poi,376,34,main,seed,2,902,902.063,514502,264743.72899999976,34,True,265928.89099999995,-0.44567,0,,90.2353515625,91.0673828125,turing-3,0.13.4,,euclidean__mamut-grenoble-n376-k34-poi__seed__seed2__t902
euclidean,mamut-grenoble-n376-k34-poi,376,34,main,seed,3,902,902.099,316157,265948.2539999999,34,True,265928.89099999995,0.00728,0,,90.2353515625,91.0673828125,turing-3,0.13.4,,euclidean__mamut-grenoble-n376-k34-poi__seed__seed3__t902
euclidean,mamut-grenoble-n376-k34-poi,376,34,main,seed,4,902,902.111,338308,266394.9099999999,34,True,265928.89099999995,0.17524,0,,90.2353515625,91.0673828125,turing-3,0.13.4,,euclidean__mamut-grenoble-n376-k34-poi__seed__seed4__t902
euclidean,mamut-grenoble-n376-k34-poi,376,34,main,seed,5,902,902.096,402477,265057.0309999998,34,True,265928.89099999995,-0.32785,0,,90.2353515625,91.0673828125,turing-3,0.13.4,,euclidean__mamut-grenoble-n376-k34-poi__seed__seed5__t902
euclidean,mamut-grenoble-n376-k34-poi,376,34,main,seed,6,902,902.066,339492,265196.4079999999,34,True,265928.89099999995,-0.27544,0,,90.2353515625,91.0673828125,turing-3,0.13.4,,euclidean__mamut-grenoble-n376-k34-poi__seed__seed6__t902
euclidean,mamut-grenoble-n376-k34-poi,376,34,main,seed,7,902,902.096,280463,266489.23799999995,34,True,265928.89099999995,0.21071,0,,90.2353515625,90.9814453125,turing-3,0.13.4,,euclidean__mamut-grenoble-n376-k34-poi__seed__seed7__t902
euclidean,mamut-grenoble-n376-k34-poi,376,34,main,seed,8,902,902.079,349705,265991.9249999999,34,True,265928.89099999995,0.0237,0,,90.2353515625,91.0673828125,turing-3,0.13.4,,euclidean__mamut-grenoble-n376-k34-poi__seed__seed8__t902
euclidean,mamut-grenoble-n376-k34-poi,376,34,main,seed,9,902,902.108,334366,266156.5279999999,34,True,265928.89099999995,0.0856,0,,90.2353515625,90.9814453125,turing-3,0.13.4,,euclidean__mamut-grenoble-n376-k34-poi__seed__seed9__t902
euclidean,mamut-grenoble-n376-k34-poi,376,34,main,seed,10,902,902.102,297748,266415.81699999986,34,True,265928.89099999995,0.1831,0,,90.2353515625,91.0673828125,turing-3,0.13.4,,euclidean__mamut-grenoble-n376-k34-poi__seed__seed10__t902
euclidean,mamut-nice-n385-k12-poi,385,12,polish,polish,1071,1848,1848.04,1015634,457439.4429999999,12,True,457933.7550000005,-0.10794,1,replaced,90.2841796875,90.56884765625,turing-3,0.13.4,euclidean__mamut-nice-n385-k12-poi__seed__seed7__t924,euclidean__mamut-nice-n385-k12-poi__polish__seed1071__t1848
euclidean,mamut-nice-n385-k12-poi,385,12,main,seed,1,924,924.145,413657,457667.3789999997,12,True,457933.7550000005,-0.05817,0,,90.2783203125,90.830078125,turing-3,0.13.4,,euclidean__mamut-nice-n385-k12-poi__seed__seed1__t924
euclidean,mamut-nice-n385-k12-poi,385,12,main,seed,2,924,924.138,431193,458009.88300000003,12,True,457933.7550000005,0.01662,0,,90.255859375,90.830078125,turing-3,0.13.4,,euclidean__mamut-nice-n385-k12-poi__seed__seed2__t924
euclidean,mamut-nice-n385-k12-poi,385,12,main,seed,3,924,924.139,381632,457992.12000000017,12,True,457933.7550000005,0.01275,0,,90.255859375,90.830078125,turing-3,0.13.4,,euclidean__mamut-nice-n385-k12-poi__seed__seed3__t924
euclidean,mamut-nice-n385-k12-poi,385,12,main,seed,4,924,924.147,470339,457614.5970000001,12,True,457933.7550000005,-0.0697,0,,90.255859375,90.830078125,turing-3,0.13.4,,euclidean__mamut-nice-n385-k12-poi__seed__seed4__t924
euclidean,mamut-nice-n385-k12-poi,385,12,main,seed,5,924,924.09,412694,458005.70200000016,12,True,457933.7550000005,0.01571,0,,90.255859375,90.76318359375,turing-3,0.13.4,,euclidean__mamut-nice-n385-k12-poi__seed__seed5__t924
euclidean,mamut-nice-n385-k12-poi,385,12,main,seed,6,924,924.173,523361,457745.49099999975,12,True,457933.7550000005,-0.04111,0,,90.255859375,90.76318359375,turing-3,0.13.4,,euclidean__mamut-nice-n385-k12-poi__seed__seed6__t924
euclidean,mamut-nice-n385-k12-poi,385,12,main,seed,7,924,924.164,370032,457598.2199999999,12,True,457933.7550000005,-0.07327,0,,90.255859375,90.76318359375,turing-3,0.13.4,,euclidean__mamut-nice-n385-k12-poi__seed__seed7__t924
euclidean,mamut-nice-n385-k12-poi,385,12,main,seed,8,924,924.138,567131,457776.5490000002,12,True,457933.7550000005,-0.03433,0,,90.255859375,90.76318359375,turing-3,0.13.4,,euclidean__mamut-nice-n385-k12-poi__seed__seed8__t924
euclidean,mamut-nice-n385-k12-poi,385,12,main,seed,9,924,924.084,473177,457807.27200000023,12,True,457933.7550000005,-0.02762,0,,90.255859375,90.76318359375,turing-3,0.13.4,,euclidean__mamut-nice-n385-k12-poi__seed__seed9__t924
euclidean,mamut-nice-n385-k12-poi,385,12,main,seed,10,924,924.138,370588,457961.8249999998,12,True,457933.7550000005,0.00613,0,,90.2783203125,90.830078125,turing-3,0.13.4,,euclidean__mamut-nice-n385-k12-poi__seed__seed10__t924
euclidean,mamut-carcassonne-n394-k20-par,394,20,polish,polish,1028,1890,1890.056,1056393,238991.74100000007,20,True,239210.03599999996,-0.09126,1,replaced,90.26123046875,90.43359375,turing-3,0.13.4,euclidean__mamut-carcassonne-n394-k20-par__seed__seed6__t945,euclidean__mamut-carcassonne-n394-k20-par__polish__seed1028__t1890
euclidean,mamut-carcassonne-n394-k20-par,394,20,main,seed,1,945,945.141,411405,239232.44400000013,20,True,239210.03599999996,0.00937,0,,90.20263671875,90.265625,turing-3,0.13.4,,euclidean__mamut-carcassonne-n394-k20-par__seed__seed1__t945
euclidean,mamut-carcassonne-n394-k20-par,394,20,main,seed,2,945,945.14,406705,239471.04200000004,20,True,239210.03599999996,0.10911,0,,90.20263671875,90.265625,turing-3,0.13.4,,euclidean__mamut-carcassonne-n394-k20-par__seed__seed2__t945
euclidean,mamut-carcassonne-n394-k20-par,394,20,main,seed,3,945,945.131,503706,239139.3320000003,20,True,239210.03599999996,-0.02956,0,,90.20263671875,90.265625,turing-3,0.13.4,,euclidean__mamut-carcassonne-n394-k20-par__seed__seed3__t945
euclidean,mamut-carcassonne-n394-k20-par,394,20,main,seed,4,945,945.136,424114,239266.7990000002,20,True,239210.03599999996,0.02373,0,,90.20263671875,90.265625,turing-3,0.13.4,,euclidean__mamut-carcassonne-n394-k20-par__seed__seed4__t945
euclidean,mamut-carcassonne-n394-k20-par,394,20,main,seed,5,945,945.136,531917,239322.30000000013,20,True,239210.03599999996,0.04693,0,,90.20263671875,90.265625,turing-3,0.13.4,,euclidean__mamut-carcassonne-n394-k20-par__seed__seed5__t945
euclidean,mamut-carcassonne-n394-k20-par,394,20,main,seed,6,945,945.127,552318,239008.30400000006,20,True,239210.03599999996,-0.08433,0,,90.20263671875,90.265625,turing-3,0.13.4,,euclidean__mamut-carcassonne-n394-k20-par__seed__seed6__t945
euclidean,mamut-carcassonne-n394-k20-par,394,20,main,seed,7,945,945.142,430359,239182.29700000008,20,True,239210.03599999996,-0.0116,0,,90.20263671875,90.265625,turing-3,0.13.4,,euclidean__mamut-carcassonne-n394-k20-par__seed__seed7__t945
euclidean,mamut-carcassonne-n394-k20-par,394,20,main,seed,8,945,945.132,425177,239030.8200000001,20,True,239210.03599999996,-0.07492,0,,90.20263671875,90.265625,turing-3,0.13.4,,euclidean__mamut-carcassonne-n394-k20-par__seed__seed8__t945
euclidean,mamut-carcassonne-n394-k20-par,394,20,main,seed,9,945,945.148,406857,240478.85399999996,20,True,239210.03599999996,0.53042,0,,90.20263671875,90.265625,turing-3,0.13.4,,euclidean__mamut-carcassonne-n394-k20-par__seed__seed9__t945
euclidean,mamut-carcassonne-n394-k20-par,394,20,main,seed,10,945,945.093,471913,239175.93500000017,20,True,239210.03599999996,-0.01426,0,,90.20263671875,90.20166015625,turing-3,0.13.4,,euclidean__mamut-carcassonne-n394-k20-par__seed__seed10__t945
euclidean,mamut-annecy-n404-k11-hyb,404,11,polish,polish,1006,1938,1938.035,1273708,227312.11000000004,11,True,228348.32900000017,-0.45379,1,replaced,90.169921875,90.267578125,turing-3,0.13.4,euclidean__mamut-annecy-n404-k11-hyb__seed__seed10__t969,euclidean__mamut-annecy-n404-k11-hyb__polish__seed1006__t1938
euclidean,mamut-annecy-n404-k11-hyb,404,11,main,seed,1,969,969.131,526192,228047.2370000002,11,True,228348.32900000017,-0.13186,0,,90.330078125,90.21533203125,turing-3,0.13.4,,euclidean__mamut-annecy-n404-k11-hyb__seed__seed1__t969
euclidean,mamut-annecy-n404-k11-hyb,404,11,main,seed,2,969,969.134,733149,228437.57100000003,11,True,228348.32900000017,0.03908,0,,90.330078125,90.21533203125,turing-3,0.13.4,,euclidean__mamut-annecy-n404-k11-hyb__seed__seed2__t969
euclidean,mamut-annecy-n404-k11-hyb,404,11,main,seed,3,969,969.143,651063,228569.3599999999,11,True,228348.32900000017,0.0968,0,,90.30322265625,90.2783203125,turing-3,0.13.4,,euclidean__mamut-annecy-n404-k11-hyb__seed__seed3__t969
euclidean,mamut-annecy-n404-k11-hyb,404,11,main,seed,4,969,969.152,530776,228599.43099999995,11,True,228348.32900000017,0.10996,0,,90.27880859375,90.2783203125,turing-3,0.13.4,,euclidean__mamut-annecy-n404-k11-hyb__seed__seed4__t969
euclidean,mamut-annecy-n404-k11-hyb,404,11,main,seed,5,969,969.139,660486,228599.43099999998,11,True,228348.32900000017,0.10996,0,,90.27880859375,90.255859375,turing-3,0.13.4,,euclidean__mamut-annecy-n404-k11-hyb__seed__seed5__t969
euclidean,mamut-annecy-n404-k11-hyb,404,11,main,seed,6,969,969.144,567787,228382.27599999984,11,True,228348.32900000017,0.01487,0,,90.27880859375,90.255859375,turing-3,0.13.4,,euclidean__mamut-annecy-n404-k11-hyb__seed__seed6__t969
euclidean,mamut-annecy-n404-k11-hyb,404,11,main,seed,7,969,969.133,552245,227486.8640000002,11,True,228348.32900000017,-0.37726,0,,90.27880859375,90.255859375,turing-3,0.13.4,,euclidean__mamut-annecy-n404-k11-hyb__seed__seed7__t969
euclidean,mamut-annecy-n404-k11-hyb,404,11,main,seed,8,969,969.127,720295,228261.73600000003,11,True,228348.32900000017,-0.03792,0,,90.27880859375,90.255859375,turing-3,0.13.4,,euclidean__mamut-annecy-n404-k11-hyb__seed__seed8__t969
euclidean,mamut-annecy-n404-k11-hyb,404,11,main,seed,9,969,969.134,645003,228599.43100000013,11,True,228348.32900000017,0.10996,0,,90.27880859375,90.255859375,turing-3,0.13.4,,euclidean__mamut-annecy-n404-k11-hyb__seed__seed9__t969
euclidean,mamut-annecy-n404-k11-hyb,404,11,main,seed,10,969,969.165,581558,227366.70900000006,11,True,228348.32900000017,-0.42988,0,,90.330078125,90.234375,turing-3,0.13.4,,euclidean__mamut-annecy-n404-k11-hyb__seed__seed10__t969
euclidean,mamut-angers-n413-k95-hyb,413,95,polish,polish,1005,1982,1982.076,420776,2583711.2649999997,96,True,2589683.370000001,-0.23061,1,replaced,90.310546875,90.18115234375,turing-3,0.13.4,euclidean__mamut-angers-n413-k95-hyb__seed__seed8__t991,euclidean__mamut-angers-n413-k95-hyb__polish__seed1005__t1982
euclidean,mamut-angers-n413-k95-hyb,413,95,main,seed,1,991,991.133,259529,2586622.567999997,96,True,2589683.370000001,-0.11819,0,,90.35888671875,90.2353515625,turing-3,0.13.4,,euclidean__mamut-angers-n413-k95-hyb__seed__seed1__t991
euclidean,mamut-angers-n413-k95-hyb,413,95,main,seed,2,991,991.133,262692,2585361.621,96,True,2589683.370000001,-0.16688,0,,90.35888671875,90.2353515625,turing-3,0.13.4,,euclidean__mamut-angers-n413-k95-hyb__seed__seed2__t991
euclidean,mamut-angers-n413-k95-hyb,413,95,main,seed,3,991,991.139,236232,2591932.973999998,96,True,2589683.370000001,0.08687,0,,90.35888671875,90.2353515625,turing-3,0.13.4,,euclidean__mamut-angers-n413-k95-hyb__seed__seed3__t991
euclidean,mamut-angers-n413-k95-hyb,413,95,main,seed,4,991,991.088,308480,2591988.834,96,True,2589683.370000001,0.08902,0,,90.35888671875,90.2353515625,turing-3,0.13.4,,euclidean__mamut-angers-n413-k95-hyb__seed__seed4__t991
euclidean,mamut-angers-n413-k95-hyb,413,95,main,seed,5,991,991.119,275689,2587167.1939999997,96,True,2589683.370000001,-0.09716,0,,90.35888671875,90.2353515625,turing-3,0.13.4,,euclidean__mamut-angers-n413-k95-hyb__seed__seed5__t991
euclidean,mamut-angers-n413-k95-hyb,413,95,main,seed,6,991,991.138,256074,2585126.768000001,96,True,2589683.370000001,-0.17595,0,,90.35888671875,90.2353515625,turing-3,0.13.4,,euclidean__mamut-angers-n413-k95-hyb__seed__seed6__t991
euclidean,mamut-angers-n413-k95-hyb,413,95,main,seed,7,991,991.124,215347,2584744.5059999987,96,True,2589683.370000001,-0.19071,0,,90.35888671875,90.2353515625,turing-3,0.13.4,,euclidean__mamut-angers-n413-k95-hyb__seed__seed7__t991
euclidean,mamut-angers-n413-k95-hyb,413,95,main,seed,8,991,991.128,270671,2583785.2870000005,96,True,2589683.370000001,-0.22775,0,,90.35888671875,90.2353515625,turing-3,0.13.4,,euclidean__mamut-angers-n413-k95-hyb__seed__seed8__t991
euclidean,mamut-angers-n413-k95-hyb,413,95,main,seed,9,991,991.132,233421,2586487.400999998,96,True,2589683.370000001,-0.12341,0,,90.35888671875,90.2353515625,turing-3,0.13.4,,euclidean__mamut-angers-n413-k95-hyb__seed__seed9__t991
euclidean,mamut-angers-n413-k95-hyb,413,95,main,seed,10,991,991.133,293474,2589474.698000001,96,True,2589683.370000001,-0.00806,0,,90.35888671875,90.2353515625,turing-3,0.13.4,,euclidean__mamut-angers-n413-k95-hyb__seed__seed10__t991
euclidean,mamut-riga-n423-k105-poi,423,105,polish,polish,1085,2030,2030.097,402931,3611224.2189999954,108,True,3629705.4319999986,-0.50917,1,replaced,90.37548828125,90.38671875,turing-3,0.13.4,euclidean__mamut-riga-n423-k105-poi__seed__seed3__t1015,euclidean__mamut-riga-n423-k105-poi__polish__seed1085__t2030
euclidean,mamut-riga-n423-k105-poi,423,105,main,seed,1,1015,1015.17,233621,3648886.415,110,True,3629705.4319999986,0.52844,0,,90.3798828125,90.220703125,turing-3,0.13.4,,euclidean__mamut-riga-n423-k105-poi__seed__seed1__t1015
euclidean,mamut-riga-n423-k105-poi,423,105,main,seed,2,1015,1015.149,190858,3633426.7109999997,109,True,3629705.4319999986,0.10252,0,,90.3798828125,90.220703125,turing-3,0.13.4,,euclidean__mamut-riga-n423-k105-poi__seed__seed2__t1015
euclidean,mamut-riga-n423-k105-poi,423,105,main,seed,3,1015,1015.189,220101,3618442.259999998,108,True,3629705.4319999986,-0.31031,0,,90.3798828125,90.220703125,turing-3,0.13.4,,euclidean__mamut-riga-n423-k105-poi__seed__seed3__t1015
euclidean,mamut-riga-n423-k105-poi,423,105,main,seed,4,1015,1015.16,200915,3646358.4129999983,110,True,3629705.4319999986,0.4588,0,,90.3798828125,90.220703125,turing-3,0.13.4,,euclidean__mamut-riga-n423-k105-poi__seed__seed4__t1015
euclidean,mamut-riga-n423-k105-poi,423,105,main,seed,5,1015,1015.151,180659,3632479.790999997,109,True,3629705.4319999986,0.07643,0,,90.3798828125,90.220703125,turing-3,0.13.4,,euclidean__mamut-riga-n423-k105-poi__seed__seed5__t1015
euclidean,mamut-riga-n423-k105-poi,423,105,main,seed,6,1015,1015.163,219707,3630278.7510000016,109,True,3629705.4319999986,0.0158,0,,90.34912109375,90.220703125,turing-3,0.13.4,,euclidean__mamut-riga-n423-k105-poi__seed__seed6__t1015
euclidean,mamut-riga-n423-k105-poi,423,105,main,seed,7,1015,1015.178,194530,3630240.1339999964,109,True,3629705.4319999986,0.01473,0,,90.34912109375,90.220703125,turing-3,0.13.4,,euclidean__mamut-riga-n423-k105-poi__seed__seed7__t1015
euclidean,mamut-riga-n423-k105-poi,423,105,main,seed,8,1015,1015.184,210475,3637490.791999998,110,True,3629705.4319999986,0.21449,0,,90.34912109375,90.20263671875,turing-3,0.13.4,,euclidean__mamut-riga-n423-k105-poi__seed__seed8__t1015
euclidean,mamut-riga-n423-k105-poi,423,105,main,seed,9,1015,1015.149,216770,3629790.1330000004,109,True,3629705.4319999986,0.00233,0,,90.34912109375,90.20263671875,turing-3,0.13.4,,euclidean__mamut-riga-n423-k105-poi__seed__seed9__t1015
euclidean,mamut-riga-n423-k105-poi,423,105,main,seed,10,1015,1015.155,179420,3634456.218000001,109,True,3629705.4319999986,0.13089,0,,90.3798828125,90.220703125,turing-3,0.13.4,,euclidean__mamut-riga-n423-k105-poi__seed__seed10__t1015
euclidean,mamut-nancy-n433-k9-hyb,433,9,polish,polish,1068,2078,2078.058,1565033,156666.19200000004,9,True,156839.8560000001,-0.11073,1,kept_existing,90.24169921875,90.32666015625,turing-3,0.13.4,euclidean__mamut-nancy-n433-k9-hyb__seed__seed2__t1039,euclidean__mamut-nancy-n433-k9-hyb__polish__seed1068__t2078
euclidean,mamut-nancy-n433-k9-hyb,433,9,main,seed,1,1039,1039.157,767348,157341.817,9,True,156839.8560000001,0.32005,0,,90.16796875,90.35888671875,turing-3,0.13.4,,euclidean__mamut-nancy-n433-k9-hyb__seed__seed1__t1039
euclidean,mamut-nancy-n433-k9-hyb,433,9,main,seed,2,1039,1039.096,779455,156666.19200000004,9,True,156839.8560000001,-0.11073,0,,90.16796875,90.35888671875,turing-3,0.13.4,,euclidean__mamut-nancy-n433-k9-hyb__seed__seed2__t1039
euclidean,mamut-nancy-n433-k9-hyb,433,9,main,seed,3,1039,1039.113,754286,157263.955,9,True,156839.8560000001,0.2704,0,,90.16796875,90.35888671875,turing-3,0.13.4,,euclidean__mamut-nancy-n433-k9-hyb__seed__seed3__t1039
euclidean,mamut-nancy-n433-k9-hyb,433,9,main,seed,4,1039,1039.135,618816,156666.19200000007,9,True,156839.8560000001,-0.11073,0,,90.16796875,90.35888671875,turing-3,0.13.4,,euclidean__mamut-nancy-n433-k9-hyb__seed__seed4__t1039
euclidean,mamut-nancy-n433-k9-hyb,433,9,main,seed,5,1039,1039.149,746156,156745.23,9,True,156839.8560000001,-0.06033,0,,90.16796875,90.35888671875,turing-3,0.13.4,,euclidean__mamut-nancy-n433-k9-hyb__seed__seed5__t1039
euclidean,mamut-nancy-n433-k9-hyb,433,9,main,seed,6,1039,1039.147,598610,157701.45799999998,9,True,156839.8560000001,0.54935,0,,90.16796875,90.35888671875,turing-3,0.13.4,,euclidean__mamut-nancy-n433-k9-hyb__seed__seed6__t1039
euclidean,mamut-nancy-n433-k9-hyb,433,9,main,seed,7,1039,1039.145,688716,156742.54400000002,9,True,156839.8560000001,-0.06205,0,,90.16796875,90.35888671875,turing-3,0.13.4,,euclidean__mamut-nancy-n433-k9-hyb__seed__seed7__t1039
euclidean,mamut-nancy-n433-k9-hyb,433,9,main,seed,8,1039,1039.137,768490,156862.8920000001,9,True,156839.8560000001,0.01469,0,,90.16796875,90.35888671875,turing-3,0.13.4,,euclidean__mamut-nancy-n433-k9-hyb__seed__seed8__t1039
euclidean,mamut-nancy-n433-k9-hyb,433,9,main,seed,9,1039,1039.158,691108,157584.24799999988,9,True,156839.8560000001,0.47462,0,,90.16796875,90.35888671875,turing-3,0.13.4,,euclidean__mamut-nancy-n433-k9-hyb__seed__seed9__t1039
euclidean,mamut-nancy-n433-k9-hyb,433,9,main,seed,10,1039,1039.161,690330,157107.36800000005,9,True,156839.8560000001,0.17056,0,,90.16796875,90.35888671875,turing-3,0.13.4,,euclidean__mamut-nancy-n433-k9-hyb__seed__seed10__t1039
euclidean,mamut-bourges-n443-k46-par,443,46,polish,polish,1021,2126,2126.074,643911,385891.2539999997,46,True,385906.59199999995,-0.00397,1,replaced,90.26513671875,90.3505859375,turing-3,0.13.4,euclidean__mamut-bourges-n443-k46-par__seed__seed6__t1063,euclidean__mamut-bourges-n443-k46-par__polish__seed1021__t2126
euclidean,mamut-bourges-n443-k46-par,443,46,main,seed,1,1063,1063.17,356235,387292.2260000002,46,True,385906.59199999995,0.35906,0,,90.255859375,90.39013671875,turing-3,0.13.4,,euclidean__mamut-bourges-n443-k46-par__seed__seed1__t1063
euclidean,mamut-bourges-n443-k46-par,443,46,main,seed,2,1063,1063.196,281966,387021.40600000013,46,True,385906.59199999995,0.28888,0,,90.255859375,90.39013671875,turing-3,0.13.4,,euclidean__mamut-bourges-n443-k46-par__seed__seed2__t1063
euclidean,mamut-bourges-n443-k46-par,443,46,main,seed,3,1063,1063.171,260247,387592.18499999976,46,True,385906.59199999995,0.43679,0,,90.255859375,90.35888671875,turing-3,0.13.4,,euclidean__mamut-bourges-n443-k46-par__seed__seed3__t1063
euclidean,mamut-bourges-n443-k46-par,443,46,main,seed,4,1063,1063.162,281023,388962.11799999996,47,True,385906.59199999995,0.79178,0,,90.255859375,90.35888671875,turing-3,0.13.4,,euclidean__mamut-bourges-n443-k46-par__seed__seed4__t1063
euclidean,mamut-bourges-n443-k46-par,443,46,main,seed,5,1063,1063.157,340559,386586.2089999999,46,True,385906.59199999995,0.17611,0,,90.255859375,90.35888671875,turing-3,0.13.4,,euclidean__mamut-bourges-n443-k46-par__seed__seed5__t1063
euclidean,mamut-bourges-n443-k46-par,443,46,main,seed,6,1063,1063.157,358523,385904.5439999997,46,True,385906.59199999995,-0.00053,0,,90.255859375,90.35888671875,turing-3,0.13.4,,euclidean__mamut-bourges-n443-k46-par__seed__seed6__t1063
euclidean,mamut-bourges-n443-k46-par,443,46,main,seed,7,1063,1063.149,255365,386815.28600000014,46,True,385906.59199999995,0.23547,0,,90.255859375,90.35888671875,turing-3,0.13.4,,euclidean__mamut-bourges-n443-k46-par__seed__seed7__t1063
euclidean,mamut-bourges-n443-k46-par,443,46,main,seed,8,1063,1063.171,278293,386667.0900000001,46,True,385906.59199999995,0.19707,0,,90.255859375,90.35888671875,turing-3,0.13.4,,euclidean__mamut-bourges-n443-k46-par__seed__seed8__t1063
euclidean,mamut-bourges-n443-k46-par,443,46,main,seed,9,1063,1063.168,280698,388912.1319999999,47,True,385906.59199999995,0.77883,0,,90.2353515625,90.35888671875,turing-3,0.13.4,,euclidean__mamut-bourges-n443-k46-par__seed__seed9__t1063
euclidean,mamut-bourges-n443-k46-par,443,46,main,seed,10,1063,1063.161,322113,386857.05100000015,46,True,385906.59199999995,0.24629,0,,90.255859375,90.39013671875,turing-3,0.13.4,,euclidean__mamut-bourges-n443-k46-par__seed__seed10__t1063
euclidean,mamut-lorient-n453-k114-par,453,114,polish,polish,1052,2174,2174.081,504001,631378.6909999998,114,True,631574.8019999994,-0.03105,1,replaced,90.24072265625,90.33984375,turing-3,0.13.4,euclidean__mamut-lorient-n453-k114-par__seed__seed4__t1087,euclidean__mamut-lorient-n453-k114-par__polish__seed1052__t2174
euclidean,mamut-lorient-n453-k114-par,453,114,main,seed,1,1087,1087.093,260638,631430.9889999994,114,True,631574.8019999994,-0.02277,0,,90.24658203125,90.3798828125,turing-3,0.13.4,,euclidean__mamut-lorient-n453-k114-par__seed__seed1__t1087
euclidean,mamut-lorient-n453-k114-par,453,114,main,seed,2,1087,1087.132,206630,631426.7079999993,114,True,631574.8019999994,-0.02345,0,,90.24658203125,90.3798828125,turing-3,0.13.4,,euclidean__mamut-lorient-n453-k114-par__seed__seed2__t1087
euclidean,mamut-lorient-n453-k114-par,453,114,main,seed,3,1087,1087.133,270237,631430.9889999994,114,True,631574.8019999994,-0.02277,0,,90.24658203125,90.3798828125,turing-3,0.13.4,,euclidean__mamut-lorient-n453-k114-par__seed__seed3__t1087
euclidean,mamut-lorient-n453-k114-par,453,114,main,seed,4,1087,1087.135,269995,631395.5249999992,114,True,631574.8019999994,-0.02839,0,,90.24658203125,90.3798828125,turing-3,0.13.4,,euclidean__mamut-lorient-n453-k114-par__seed__seed4__t1087
euclidean,mamut-lorient-n453-k114-par,453,114,main,seed,5,1087,1087.139,252616,631489.4539999997,114,True,631574.8019999994,-0.01351,0,,90.24658203125,90.3798828125,turing-3,0.13.4,,euclidean__mamut-lorient-n453-k114-par__seed__seed5__t1087
euclidean,mamut-lorient-n453-k114-par,453,114,main,seed,6,1087,1087.137,209076,631447.9719999995,114,True,631574.8019999994,-0.02008,0,,90.24658203125,90.3798828125,turing-3,0.13.4,,euclidean__mamut-lorient-n453-k114-par__seed__seed6__t1087
euclidean,mamut-lorient-n453-k114-par,453,114,main,seed,7,1087,1087.131,253164,631787.7469999999,114,True,631574.8019999994,0.03372,0,,90.24658203125,90.3798828125,turing-3,0.13.4,,euclidean__mamut-lorient-n453-k114-par__seed__seed7__t1087
euclidean,mamut-lorient-n453-k114-par,453,114,main,seed,8,1087,1087.135,259296,631451.8349999994,114,True,631574.8019999994,-0.01947,0,,90.24658203125,90.3798828125,turing-3,0.13.4,,euclidean__mamut-lorient-n453-k114-par__seed__seed8__t1087
euclidean,mamut-lorient-n453-k114-par,453,114,main,seed,9,1087,1087.15,207120,631890.0509999995,114,True,631574.8019999994,0.04991,0,,90.24658203125,90.3798828125,turing-3,0.13.4,,euclidean__mamut-lorient-n453-k114-par__seed__seed9__t1087
euclidean,mamut-lorient-n453-k114-par,453,114,main,seed,10,1087,1087.135,199751,631899.9380000007,114,True,631574.8019999994,0.05148,0,,90.24658203125,90.3798828125,turing-3,0.13.4,,euclidean__mamut-lorient-n453-k114-par__seed__seed10__t1087
euclidean,mamut-ajaccio-n464-k10-par,464,10,polish,polish,1001,2226,2226.067,1279508,210703.42699999994,10,True,211181.6029999999,-0.22643,1,kept_existing,90.25,90.29736328125,turing-3,0.13.4,euclidean__mamut-ajaccio-n464-k10-par__seed__seed5__t1113,euclidean__mamut-ajaccio-n464-k10-par__polish__seed1001__t2226
euclidean,mamut-ajaccio-n464-k10-par,464,10,main,seed,1,1113,1113.231,494926,211264.21799999982,10,True,211181.6029999999,0.03912,0,,90.2724609375,90.2783203125,turing-3,0.13.4,,euclidean__mamut-ajaccio-n464-k10-par__seed__seed1__t1113
euclidean,mamut-ajaccio-n464-k10-par,464,10,main,seed,2,1113,1113.204,758562,210996.81399999984,10,True,211181.6029999999,-0.0875,0,,90.2724609375,90.255859375,turing-3,0.13.4,,euclidean__mamut-ajaccio-n464-k10-par__seed__seed2__t1113
euclidean,mamut-ajaccio-n464-k10-par,464,10,main,seed,3,1113,1113.192,540995,211004.78500000003,10,True,211181.6029999999,-0.08373,0,,90.2724609375,90.255859375,turing-3,0.13.4,,euclidean__mamut-ajaccio-n464-k10-par__seed__seed3__t1113
euclidean,mamut-ajaccio-n464-k10-par,464,10,main,seed,4,1113,1113.132,531387,211211.01899999997,10,True,211181.6029999999,0.01393,0,,90.2724609375,90.255859375,turing-3,0.13.4,,euclidean__mamut-ajaccio-n464-k10-par__seed__seed4__t1113
euclidean,mamut-ajaccio-n464-k10-par,464,10,main,seed,5,1113,1113.192,598688,210703.42699999994,10,True,211181.6029999999,-0.22643,0,,90.2724609375,90.255859375,turing-3,0.13.4,,euclidean__mamut-ajaccio-n464-k10-par__seed__seed5__t1113
euclidean,mamut-ajaccio-n464-k10-par,464,10,main,seed,6,1113,1113.217,579122,211336.36099999977,10,True,211181.6029999999,0.07328,0,,90.2724609375,90.255859375,turing-3,0.13.4,,euclidean__mamut-ajaccio-n464-k10-par__seed__seed6__t1113
euclidean,mamut-ajaccio-n464-k10-par,464,10,main,seed,7,1113,1113.208,539709,211182.37299999985,10,True,211181.6029999999,0.00036,0,,90.2724609375,90.255859375,turing-3,0.13.4,,euclidean__mamut-ajaccio-n464-k10-par__seed__seed7__t1113
euclidean,mamut-ajaccio-n464-k10-par,464,10,main,seed,8,1113,1113.215,577665,210830.75699999972,10,True,211181.6029999999,-0.16613,0,,90.2724609375,90.255859375,turing-3,0.13.4,,euclidean__mamut-ajaccio-n464-k10-par__seed__seed8__t1113
euclidean,mamut-ajaccio-n464-k10-par,464,10,main,seed,9,1113,1113.178,698740,211140.52400000003,10,True,211181.6029999999,-0.01945,0,,90.3310546875,90.255859375,turing-3,0.13.4,,euclidean__mamut-ajaccio-n464-k10-par__seed__seed9__t1113
euclidean,mamut-ajaccio-n464-k10-par,464,10,main,seed,10,1113,1113.196,609200,211228.382,10,True,211181.6029999999,0.02215,0,,90.2724609375,90.2783203125,turing-3,0.13.4,,euclidean__mamut-ajaccio-n464-k10-par__seed__seed10__t1113
euclidean,mamut-chartres-n475-k53-par,475,53,polish,polish,1031,2280,2280.082,430204,742350.5960000001,53,True,743104.5610000003,-0.10146,1,kept_existing,90.255859375,90.32080078125,turing-3,0.13.4,euclidean__mamut-chartres-n475-k53-par__seed__seed2__t1140,euclidean__mamut-chartres-n475-k53-par__polish__seed1031__t2280
euclidean,mamut-chartres-n475-k53-par,475,53,main,seed,1,1140,1140.176,281392,742695.4819999995,53,True,743104.5610000003,-0.05505,0,,90.322265625,90.19873046875,turing-3,0.13.4,,euclidean__mamut-chartres-n475-k53-par__seed__seed1__t1140
euclidean,mamut-chartres-n475-k53-par,475,53,main,seed,2,1140,1140.182,224357,742350.5960000001,53,True,743104.5610000003,-0.10146,0,,90.322265625,90.19873046875,turing-3,0.13.4,,euclidean__mamut-chartres-n475-k53-par__seed__seed2__t1140
euclidean,mamut-chartres-n475-k53-par,475,53,main,seed,3,1140,1140.195,216556,742764.895,53,True,743104.5610000003,-0.04571,0,,90.322265625,90.19873046875,turing-3,0.13.4,,euclidean__mamut-chartres-n475-k53-par__seed__seed3__t1140
euclidean,mamut-chartres-n475-k53-par,475,53,main,seed,4,1140,1140.205,220296,743237.3209999999,53,True,743104.5610000003,0.01787,0,,90.322265625,90.19873046875,turing-3,0.13.4,,euclidean__mamut-chartres-n475-k53-par__seed__seed4__t1140
euclidean,mamut-chartres-n475-k53-par,475,53,main,seed,5,1140,1140.198,211886,744619.3640000002,53,True,743104.5610000003,0.20385,0,,90.322265625,90.19873046875,turing-3,0.13.4,,euclidean__mamut-chartres-n475-k53-par__seed__seed5__t1140
euclidean,mamut-chartres-n475-k53-par,475,53,main,seed,6,1140,1140.185,216119,742837.3859999997,53,True,743104.5610000003,-0.03595,0,,90.322265625,90.19873046875,turing-3,0.13.4,,euclidean__mamut-chartres-n475-k53-par__seed__seed6__t1140
euclidean,mamut-chartres-n475-k53-par,475,53,main,seed,7,1140,1140.123,247376,742922.1909999998,53,True,743104.5610000003,-0.02454,0,,90.29638671875,90.19873046875,turing-3,0.13.4,,euclidean__mamut-chartres-n475-k53-par__seed__seed7__t1140
euclidean,mamut-chartres-n475-k53-par,475,53,main,seed,8,1140,1140.167,221849,743231.5429999997,53,True,743104.5610000003,0.01709,0,,90.29638671875,90.1826171875,turing-3,0.13.4,,euclidean__mamut-chartres-n475-k53-par__seed__seed8__t1140
euclidean,mamut-chartres-n475-k53-par,475,53,main,seed,9,1140,1140.177,231230,742853.4690000005,53,True,743104.5610000003,-0.03379,0,,90.29638671875,90.1826171875,turing-3,0.13.4,,euclidean__mamut-chartres-n475-k53-par__seed__seed9__t1140
euclidean,mamut-chartres-n475-k53-par,475,53,main,seed,10,1140,1140.198,233954,743034.1830000004,53,True,743104.5610000003,-0.00947,0,,90.322265625,90.19873046875,turing-3,0.13.4,,euclidean__mamut-chartres-n475-k53-par__seed__seed10__t1140
euclidean,mamut-bastia-n486-k22-par,486,22,polish,polish,1013,2332,2332.088,846576,428230.03700000007,22,True,428728.748,-0.11632,1,replaced,90.3876953125,90.470703125,turing-3,0.13.4,euclidean__mamut-bastia-n486-k22-par__seed__seed3__t1166,euclidean__mamut-bastia-n486-k22-par__polish__seed1013__t2332
euclidean,mamut-bastia-n486-k22-par,486,22,main,seed,1,1166,1166.23,362174,429022.4059999999,22,True,428728.748,0.0685,0,,90.3046875,90.3759765625,turing-3,0.13.4,,euclidean__mamut-bastia-n486-k22-par__seed__seed1__t1166
euclidean,mamut-bastia-n486-k22-par,486,22,main,seed,2,1166,1166.215,364548,428915.0190000001,22,True,428728.748,0.04345,0,,90.3046875,90.3759765625,turing-3,0.13.4,,euclidean__mamut-bastia-n486-k22-par__seed__seed2__t1166
euclidean,mamut-bastia-n486-k22-par,486,22,main,seed,3,1166,1166.219,331894,428305.8180000001,22,True,428728.748,-0.09865,0,,91.68017578125,90.24658203125,turing-3,0.13.4,,euclidean__mamut-bastia-n486-k22-par__seed__seed3__t1166
euclidean,mamut-bastia-n486-k22-par,486,22,main,seed,4,1166,1166.209,387881,429047.43699999974,22,True,428728.748,0.07433,0,,91.68017578125,90.24658203125,turing-3,0.13.4,,euclidean__mamut-bastia-n486-k22-par__seed__seed4__t1166
euclidean,mamut-bastia-n486-k22-par,486,22,main,seed,5,1166,1166.207,413313,429005.025,22,True,428728.748,0.06444,0,,91.68017578125,90.24658203125,turing-3,0.13.4,,euclidean__mamut-bastia-n486-k22-par__seed__seed5__t1166
euclidean,mamut-bastia-n486-k22-par,486,22,main,seed,6,1166,1166.185,394546,429035.6580000003,22,True,428728.748,0.07159,0,,91.68017578125,90.24658203125,turing-3,0.13.4,,euclidean__mamut-bastia-n486-k22-par__seed__seed6__t1166
euclidean,mamut-bastia-n486-k22-par,486,22,main,seed,7,1166,1166.198,350657,429057.26700000034,22,True,428728.748,0.07663,0,,91.68017578125,90.24658203125,turing-3,0.13.4,,euclidean__mamut-bastia-n486-k22-par__seed__seed7__t1166
euclidean,mamut-bastia-n486-k22-par,486,22,main,seed,8,1166,1166.206,339481,429223.69999999966,22,True,428728.748,0.11545,0,,91.68017578125,90.24658203125,turing-3,0.13.4,,euclidean__mamut-bastia-n486-k22-par__seed__seed8__t1166
euclidean,mamut-bastia-n486-k22-par,486,22,main,seed,9,1166,1166.139,375491,428849.76099999977,22,True,428728.748,0.02823,0,,91.68017578125,90.24658203125,turing-3,0.13.4,,euclidean__mamut-bastia-n486-k22-par__seed__seed9__t1166
euclidean,mamut-bastia-n486-k22-par,486,22,main,seed,10,1166,1166.197,403940,428835.2990000002,22,True,428728.748,0.02485,0,,90.3046875,90.4091796875,turing-3,0.13.4,,euclidean__mamut-bastia-n486-k22-par__seed__seed10__t1166
euclidean,mamut-nantes-n498-k11-poi,498,11,polish,polish,1069,2390,2390.082,1294343,241793.90199999997,11,True,244444.60500000024,-1.08438,1,replaced,90.3193359375,90.357421875,turing-3,0.13.4,euclidean__mamut-nantes-n498-k11-poi__seed__seed3__t1195,euclidean__mamut-nantes-n498-k11-poi__polish__seed1069__t2390
euclidean,mamut-nantes-n498-k11-poi,498,11,main,seed,1,1195,1195.217,760633,243568.78400000004,11,True,244444.60500000024,-0.35829,0,,90.2958984375,90.26318359375,turing-3,0.13.4,,euclidean__mamut-nantes-n498-k11-poi__seed__seed1__t1195
euclidean,mamut-nantes-n498-k11-poi,498,11,main,seed,2,1195,1195.186,752201,242039.75499999998,11,True,244444.60500000024,-0.9838,0,,90.2958984375,90.26318359375,turing-3,0.13.4,,euclidean__mamut-nantes-n498-k11-poi__seed__seed2__t1195
euclidean,mamut-nantes-n498-k11-poi,498,11,main,seed,3,1195,1195.224,749337,241885.4440000001,11,True,244444.60500000024,-1.04693,0,,90.2958984375,90.26318359375,turing-3,0.13.4,,euclidean__mamut-nantes-n498-k11-poi__seed__seed3__t1195
euclidean,mamut-nantes-n498-k11-poi,498,11,main,seed,4,1195,1195.256,686979,243233.53099999987,11,True,244444.60500000024,-0.49544,0,,90.2958984375,90.26318359375,turing-3,0.13.4,,euclidean__mamut-nantes-n498-k11-poi__seed__seed4__t1195
euclidean,mamut-nantes-n498-k11-poi,498,11,main,seed,5,1195,1195.207,735376,242675.897,11,True,244444.60500000024,-0.72356,0,,90.27197265625,90.322265625,turing-3,0.13.4,,euclidean__mamut-nantes-n498-k11-poi__seed__seed5__t1195
euclidean,mamut-nantes-n498-k11-poi,498,11,main,seed,6,1195,1195.179,716455,242872.90399999998,11,True,244444.60500000024,-0.64297,0,,90.27197265625,90.322265625,turing-3,0.13.4,,euclidean__mamut-nantes-n498-k11-poi__seed__seed6__t1195
euclidean,mamut-nantes-n498-k11-poi,498,11,main,seed,7,1195,1195.225,657525,243804.3119999999,11,True,244444.60500000024,-0.26194,0,,90.27197265625,90.322265625,turing-3,0.13.4,,euclidean__mamut-nantes-n498-k11-poi__seed__seed7__t1195
euclidean,mamut-nantes-n498-k11-poi,498,11,main,seed,8,1195,1195.222,722856,243873.89000000016,11,True,244444.60500000024,-0.23347,0,,90.27197265625,90.322265625,turing-3,0.13.4,,euclidean__mamut-nantes-n498-k11-poi__seed__seed8__t1195
euclidean,mamut-nantes-n498-k11-poi,498,11,main,seed,9,1195,1195.226,697996,243809.5740000001,11,True,244444.60500000024,-0.25979,0,,90.27197265625,90.322265625,turing-3,0.13.4,,euclidean__mamut-nantes-n498-k11-poi__seed__seed9__t1195
euclidean,mamut-nantes-n498-k11-poi,498,11,main,seed,10,1195,1195.228,816418,243219.93899999984,11,True,244444.60500000024,-0.501,0,,90.2958984375,90.26318359375,turing-3,0.13.4,,euclidean__mamut-nantes-n498-k11-poi__seed__seed10__t1195
euclidean,mamut-tours-n509-k48-hyb,509,48,pilot,long,101,4884,4884.179,2389463,553885.2200000003,48,True,554908.0440000006,-0.18432,0,,8.2685546875,36.173828125,turing-3,0.13.4,,euclidean__mamut-tours-n509-k48-hyb__long__seed101__t4884
euclidean,mamut-tours-n509-k48-hyb,509,48,polish,polish,1103,2442,2442.099,765735,552817.236,48,True,554908.0440000006,-0.37678,1,replaced,90.33837890625,90.3876953125,turing-3,0.13.4,euclidean__mamut-tours-n509-k48-hyb__seed__seed2__t1221,euclidean__mamut-tours-n509-k48-hyb__polish__seed1103__t2442
euclidean,mamut-tours-n509-k48-hyb,509,48,pilot,seed,1,1221,1221.164,387986,554043.852,49,True,554908.0440000006,-0.15574,0,,1.15380859375,90.232421875,turing-3,0.13.4,,euclidean__mamut-tours-n509-k48-hyb__seed__seed1__t1221
euclidean,mamut-tours-n509-k48-hyb,509,48,pilot,seed,2,1221,1221.16,340681,552879.2760000001,49,True,554908.0440000006,-0.3656,0,,1.15380859375,90.232421875,turing-3,0.13.4,,euclidean__mamut-tours-n509-k48-hyb__seed__seed2__t1221
euclidean,mamut-tours-n509-k48-hyb,509,48,pilot,seed,3,1221,1221.106,365183,554181.0880000005,49,True,554908.0440000006,-0.131,0,,1.15380859375,90.232421875,turing-3,0.13.4,,euclidean__mamut-tours-n509-k48-hyb__seed__seed3__t1221
euclidean,mamut-tours-n509-k48-hyb,509,48,main,seed,4,1221,1221.192,474917,553075.2620000005,49,True,554908.0440000006,-0.33029,0,,90.27734375,90.2724609375,turing-3,0.13.4,,euclidean__mamut-tours-n509-k48-hyb__seed__seed4__t1221
euclidean,mamut-tours-n509-k48-hyb,509,48,main,seed,5,1221,1221.196,376602,554134.442,49,True,554908.0440000006,-0.13941,0,,90.27734375,90.2724609375,turing-3,0.13.4,,euclidean__mamut-tours-n509-k48-hyb__seed__seed5__t1221
euclidean,mamut-tours-n509-k48-hyb,509,48,main,seed,6,1221,1221.196,374873,556421.757,49,True,554908.0440000006,0.27279,0,,90.27734375,90.2724609375,turing-3,0.13.4,,euclidean__mamut-tours-n509-k48-hyb__seed__seed6__t1221
euclidean,mamut-tours-n509-k48-hyb,509,48,main,seed,7,1221,1221.207,389190,555770.1079999999,48,True,554908.0440000006,0.15535,0,,90.27734375,90.2724609375,turing-3,0.13.4,,euclidean__mamut-tours-n509-k48-hyb__seed__seed7__t1221
euclidean,mamut-tours-n509-k48-hyb,509,48,main,seed,8,1221,1221.23,434734,553425.8899999999,49,True,554908.0440000006,-0.2671,0,,90.27734375,90.2724609375,turing-3,0.13.4,,euclidean__mamut-tours-n509-k48-hyb__seed__seed8__t1221
euclidean,mamut-tours-n509-k48-hyb,509,48,main,seed,9,1221,1221.2,538195,555693.4009999993,49,True,554908.0440000006,0.14153,0,,90.27734375,90.2724609375,turing-3,0.13.4,,euclidean__mamut-tours-n509-k48-hyb__seed__seed9__t1221
euclidean,mamut-tours-n509-k48-hyb,509,48,main,seed,10,1221,1221.193,431572,554204.1820000003,49,True,554908.0440000006,-0.12684,0,,90.27734375,90.2724609375,turing-3,0.13.4,,euclidean__mamut-tours-n509-k48-hyb__seed__seed10__t1221
euclidean,mamut-dakar-n521-k12-poi,521,12,polish,polish,1036,2500,2500.076,1503210,275060.2140000002,12,True,276017.5859999999,-0.34685,1,replaced,90.38623046875,90.45947265625,turing-3,0.13.4,euclidean__mamut-dakar-n521-k12-poi__seed__seed1__t1250,euclidean__mamut-dakar-n521-k12-poi__polish__seed1036__t2500
euclidean,mamut-dakar-n521-k12-poi,521,12,main,seed,1,1250,1250.197,712449,275104.5670000004,12,True,276017.5859999999,-0.33078,0,,90.4345703125,90.3046875,turing-3,0.13.4,,euclidean__mamut-dakar-n521-k12-poi__seed__seed1__t1250
euclidean,mamut-dakar-n521-k12-poi,521,12,main,seed,2,1250,1250.233,667954,276283.35400000017,12,True,276017.5859999999,0.09629,0,,90.4345703125,90.3046875,turing-3,0.13.4,,euclidean__mamut-dakar-n521-k12-poi__seed__seed2__t1250
euclidean,mamut-dakar-n521-k12-poi,521,12,main,seed,3,1250,1250.193,689320,277162.8880000003,12,True,276017.5859999999,0.41494,0,,90.4345703125,90.3046875,turing-3,0.13.4,,euclidean__mamut-dakar-n521-k12-poi__seed__seed3__t1250
euclidean,mamut-dakar-n521-k12-poi,521,12,main,seed,4,1250,1250.221,671253,276104.10399999993,12,True,276017.5859999999,0.03135,0,,90.4345703125,90.3046875,turing-3,0.13.4,,euclidean__mamut-dakar-n521-k12-poi__seed__seed4__t1250
euclidean,mamut-dakar-n521-k12-poi,521,12,main,seed,5,1250,1250.233,708579,275143.20100000035,12,True,276017.5859999999,-0.31679,0,,90.4345703125,90.3046875,turing-3,0.13.4,,euclidean__mamut-dakar-n521-k12-poi__seed__seed5__t1250
euclidean,mamut-dakar-n521-k12-poi,521,12,main,seed,6,1250,1250.245,656042,275151.94700000016,12,True,276017.5859999999,-0.31362,0,,90.28515625,91.68017578125,turing-3,0.13.4,,euclidean__mamut-dakar-n521-k12-poi__seed__seed6__t1250
euclidean,mamut-dakar-n521-k12-poi,521,12,main,seed,7,1250,1250.236,839588,275275.6580000002,12,True,276017.5859999999,-0.2688,0,,90.28515625,91.68017578125,turing-3,0.13.4,,euclidean__mamut-dakar-n521-k12-poi__seed__seed7__t1250
euclidean,mamut-dakar-n521-k12-poi,521,12,main,seed,8,1250,1250.247,793155,276387.1680000001,12,True,276017.5859999999,0.1339,0,,90.28515625,91.68017578125,turing-3,0.13.4,,euclidean__mamut-dakar-n521-k12-poi__seed__seed8__t1250
euclidean,mamut-dakar-n521-k12-poi,521,12,main,seed,9,1250,1250.144,792043,275162.3890000004,12,True,276017.5859999999,-0.30983,0,,90.28515625,91.68017578125,turing-3,0.13.4,,euclidean__mamut-dakar-n521-k12-poi__seed__seed9__t1250
euclidean,mamut-dakar-n521-k12-poi,521,12,main,seed,10,1250,1250.22,744225,275373.9450000002,12,True,276017.5859999999,-0.23319,0,,90.4345703125,90.3046875,turing-3,0.13.4,,euclidean__mamut-dakar-n521-k12-poi__seed__seed10__t1250
euclidean,mamut-oslo-n534-k27-poi,534,27,polish,polish,1074,2562,2562.079,933292,944380.0359999998,27,True,946624.5420000004,-0.23711,1,replaced,90.4833984375,90.26708984375,turing-3,0.13.4,euclidean__mamut-oslo-n534-k27-poi__seed__seed3__t1281,euclidean__mamut-oslo-n534-k27-poi__polish__seed1074__t2562
euclidean,mamut-oslo-n534-k27-poi,534,27,main,seed,1,1281,1281.249,400243,945682.3679999987,27,True,946624.5420000004,-0.09953,0,,90.3505859375,90.3017578125,turing-3,0.13.4,,euclidean__mamut-oslo-n534-k27-poi__seed__seed1__t1281
euclidean,mamut-oslo-n534-k27-poi,534,27,main,seed,2,1281,1281.266,442747,945273.9850000002,27,True,946624.5420000004,-0.14267,0,,90.3505859375,90.3017578125,turing-3,0.13.4,,euclidean__mamut-oslo-n534-k27-poi__seed__seed2__t1281
euclidean,mamut-oslo-n534-k27-poi,534,27,main,seed,3,1281,1281.272,451793,944686.4500000003,27,True,946624.5420000004,-0.20474,0,,90.322265625,90.27734375,turing-3,0.13.4,,euclidean__mamut-oslo-n534-k27-poi__seed__seed3__t1281
euclidean,mamut-oslo-n534-k27-poi,534,27,main,seed,4,1281,1281.309,489196,946141.8109999995,27,True,946624.5420000004,-0.05099,0,,90.322265625,90.27734375,turing-3,0.13.4,,euclidean__mamut-oslo-n534-k27-poi__seed__seed4__t1281
euclidean,mamut-oslo-n534-k27-poi,534,27,main,seed,5,1281,1281.235,461719,945945.0039999997,27,True,946624.5420000004,-0.07179,0,,90.322265625,90.27734375,turing-3,0.13.4,,euclidean__mamut-oslo-n534-k27-poi__seed__seed5__t1281
euclidean,mamut-oslo-n534-k27-poi,534,27,main,seed,6,1281,1281.251,385032,946468.0169999995,27,True,946624.5420000004,-0.01654,0,,90.322265625,90.27734375,turing-3,0.13.4,,euclidean__mamut-oslo-n534-k27-poi__seed__seed6__t1281
euclidean,mamut-oslo-n534-k27-poi,534,27,main,seed,7,1281,1281.309,390019,944834.2340000003,27,True,946624.5420000004,-0.18913,0,,90.322265625,90.27734375,turing-3,0.13.4,,euclidean__mamut-oslo-n534-k27-poi__seed__seed7__t1281
euclidean,mamut-oslo-n534-k27-poi,534,27,main,seed,8,1281,1281.286,487607,945220.4769999994,27,True,946624.5420000004,-0.14832,0,,90.322265625,90.27734375,turing-3,0.13.4,,euclidean__mamut-oslo-n534-k27-poi__seed__seed8__t1281
euclidean,mamut-oslo-n534-k27-poi,534,27,main,seed,9,1281,1281.269,598083,945097.8760000005,27,True,946624.5420000004,-0.16127,0,,90.322265625,90.27734375,turing-3,0.13.4,,euclidean__mamut-oslo-n534-k27-poi__seed__seed9__t1281
euclidean,mamut-oslo-n534-k27-poi,534,27,main,seed,10,1281,1281.282,434483,946465.4280000001,27,True,946624.5420000004,-0.01681,0,,90.3505859375,90.3017578125,turing-3,0.13.4,,euclidean__mamut-oslo-n534-k27-poi__seed__seed10__t1281
euclidean,mamut-cairo-n546-k26-poi,546,26,polish,polish,1027,2620,2620.082,1315555,1409555.6490000011,26,True,1411514.3270000007,-0.13876,1,replaced,90.3203125,90.28662109375,turing-3,0.13.4,euclidean__mamut-cairo-n546-k26-poi__seed__seed4__t1310,euclidean__mamut-cairo-n546-k26-poi__polish__seed1027__t2620
euclidean,mamut-cairo-n546-k26-poi,546,26,main,seed,1,1310,1310.215,543234,1411101.0100000002,26,True,1411514.3270000007,-0.02928,0,,90.4375,90.27734375,turing-3,0.13.4,,euclidean__mamut-cairo-n546-k26-poi__seed__seed1__t1310
euclidean,mamut-cairo-n546-k26-poi,546,26,main,seed,2,1310,1310.266,436459,1417461.688999999,26,True,1411514.3270000007,0.42135,0,,90.4375,90.27734375,turing-3,0.13.4,,euclidean__mamut-cairo-n546-k26-poi__seed__seed2__t1310
euclidean,mamut-cairo-n546-k26-poi,546,26,main,seed,3,1310,1310.306,458526,1420501.157,26,True,1411514.3270000007,0.63668,0,,90.4375,90.27734375,turing-3,0.13.4,,euclidean__mamut-cairo-n546-k26-poi__seed__seed3__t1310
euclidean,mamut-cairo-n546-k26-poi,546,26,main,seed,4,1310,1310.283,532344,1410129.728,26,True,1411514.3270000007,-0.09809,0,,90.4375,90.27734375,turing-3,0.13.4,,euclidean__mamut-cairo-n546-k26-poi__seed__seed4__t1310
euclidean,mamut-cairo-n546-k26-poi,546,26,main,seed,5,1310,1310.239,531022,1410220.5780000014,26,True,1411514.3270000007,-0.09166,0,,90.4375,90.27734375,turing-3,0.13.4,,euclidean__mamut-cairo-n546-k26-poi__seed__seed5__t1310
euclidean,mamut-cairo-n546-k26-poi,546,26,main,seed,6,1310,1310.279,536775,1416007.2909999997,26,True,1411514.3270000007,0.31831,0,,90.4375,90.27734375,turing-3,0.13.4,,euclidean__mamut-cairo-n546-k26-poi__seed__seed6__t1310
euclidean,mamut-cairo-n546-k26-poi,546,26,main,seed,7,1310,1310.286,464185,1418253.7999999993,26,True,1411514.3270000007,0.47746,0,,90.4375,90.27734375,turing-3,0.13.4,,euclidean__mamut-cairo-n546-k26-poi__seed__seed7__t1310
euclidean,mamut-cairo-n546-k26-poi,546,26,main,seed,8,1310,1310.262,531717,1411739.2100000007,26,True,1411514.3270000007,0.01593,0,,90.4375,90.27734375,turing-3,0.13.4,,euclidean__mamut-cairo-n546-k26-poi__seed__seed8__t1310
euclidean,mamut-cairo-n546-k26-poi,546,26,main,seed,9,1310,1310.263,479586,1413626.0099999998,26,True,1411514.3270000007,0.1496,0,,90.4375,90.27734375,turing-3,0.13.4,,euclidean__mamut-cairo-n546-k26-poi__seed__seed9__t1310
euclidean,mamut-cairo-n546-k26-poi,546,26,main,seed,10,1310,1310.248,572040,1411694.1750000005,26,True,1411514.3270000007,0.01274,0,,90.4375,90.27734375,turing-3,0.13.4,,euclidean__mamut-cairo-n546-k26-poi__seed__seed10__t1310
euclidean,mamut-lille-n559-k66-poi,559,66,polish,polish,1048,2682,2682.109,816632,677745.2900000003,67,True,681272.5390000013,-0.51774,1,replaced,90.36767578125,90.18505859375,turing-3,0.13.4,euclidean__mamut-lille-n559-k66-poi__seed__seed8__t1341,euclidean__mamut-lille-n559-k66-poi__polish__seed1048__t2682
euclidean,mamut-lille-n559-k66-poi,559,66,main,seed,1,1341,1341.247,377743,678279.0410000004,67,True,681272.5390000013,-0.4394,0,,90.35107421875,90.47265625,turing-3,0.13.4,,euclidean__mamut-lille-n559-k66-poi__seed__seed1__t1341
euclidean,mamut-lille-n559-k66-poi,559,66,main,seed,2,1341,1341.138,451617,680617.5390000007,67,True,681272.5390000013,-0.09614,0,,90.35107421875,90.47265625,turing-3,0.13.4,,euclidean__mamut-lille-n559-k66-poi__seed__seed2__t1341
euclidean,mamut-lille-n559-k66-poi,559,66,main,seed,3,1341,1341.147,422610,677882.0350000005,67,True,681272.5390000013,-0.49767,0,,90.35107421875,90.47265625,turing-3,0.13.4,,euclidean__mamut-lille-n559-k66-poi__seed__seed3__t1341
euclidean,mamut-lille-n559-k66-poi,559,66,main,seed,4,1341,1341.218,389624,679863.9360000003,67,True,681272.5390000013,-0.20676,0,,90.35107421875,90.47265625,turing-3,0.13.4,,euclidean__mamut-lille-n559-k66-poi__seed__seed4__t1341
euclidean,mamut-lille-n559-k66-poi,559,66,main,seed,5,1341,1341.225,406514,679813.9430000014,67,True,681272.5390000013,-0.2141,0,,90.35107421875,90.47265625,turing-3,0.13.4,,euclidean__mamut-lille-n559-k66-poi__seed__seed5__t1341
euclidean,mamut-lille-n559-k66-poi,559,66,main,seed,6,1341,1341.243,369004,678241.8480000005,67,True,681272.5390000013,-0.44486,0,,90.35107421875,90.47265625,turing-3,0.13.4,,euclidean__mamut-lille-n559-k66-poi__seed__seed6__t1341
euclidean,mamut-lille-n559-k66-poi,559,66,main,seed,7,1341,1341.24,388405,679382.8130000021,67,True,681272.5390000013,-0.27738,0,,90.35107421875,90.47265625,turing-3,0.13.4,,euclidean__mamut-lille-n559-k66-poi__seed__seed7__t1341
euclidean,mamut-lille-n559-k66-poi,559,66,main,seed,8,1341,1341.236,390301,677775.8900000005,67,True,681272.5390000013,-0.51325,0,,90.35107421875,90.47265625,turing-3,0.13.4,,euclidean__mamut-lille-n559-k66-poi__seed__seed8__t1341
euclidean,mamut-lille-n559-k66-poi,559,66,main,seed,9,1341,1341.237,445495,680002.7820000005,67,True,681272.5390000013,-0.18638,0,,90.35107421875,90.4345703125,turing-3,0.13.4,,euclidean__mamut-lille-n559-k66-poi__seed__seed9__t1341
euclidean,mamut-lille-n559-k66-poi,559,66,main,seed,10,1341,1341.229,370827,680238.904,67,True,681272.5390000013,-0.15172,0,,90.35107421875,90.47265625,turing-3,0.13.4,,euclidean__mamut-lille-n559-k66-poi__seed__seed10__t1341
euclidean,mamut-casablanca-n572-k191-poi,572,191,polish,polish,1029,2744,2744.112,475644,8766914.212000001,191,True,8766943.088000003,-0.00033,1,kept_existing,90.2177734375,90.26025390625,turing-3,0.13.4,euclidean__mamut-casablanca-n572-k191-poi__seed__seed3__t1372,euclidean__mamut-casablanca-n572-k191-poi__polish__seed1029__t2744
euclidean,mamut-casablanca-n572-k191-poi,572,191,main,seed,1,1372,1372.191,199507,8767070.524,191,True,8766943.088000003,0.00145,0,,90.4951171875,90.4755859375,turing-3,0.13.4,,euclidean__mamut-casablanca-n572-k191-poi__seed__seed1__t1372
euclidean,mamut-casablanca-n572-k191-poi,572,191,main,seed,2,1372,1372.214,220127,8767212.327000009,191,True,8766943.088000003,0.00307,0,,90.4951171875,90.4755859375,turing-3,0.13.4,,euclidean__mamut-casablanca-n572-k191-poi__seed__seed2__t1372
euclidean,mamut-casablanca-n572-k191-poi,572,191,main,seed,3,1372,1372.202,257755,8766914.212000001,191,True,8766943.088000003,-0.00033,0,,90.4951171875,90.4755859375,turing-3,0.13.4,,euclidean__mamut-casablanca-n572-k191-poi__seed__seed3__t1372
euclidean,mamut-casablanca-n572-k191-poi,572,191,main,seed,4,1372,1372.208,206723,8767070.523999995,191,True,8766943.088000003,0.00145,0,,90.4951171875,90.4755859375,turing-3,0.13.4,,euclidean__mamut-casablanca-n572-k191-poi__seed__seed4__t1372
euclidean,mamut-casablanca-n572-k191-poi,572,191,main,seed,5,1372,1372.201,247857,8767270.88199999,191,True,8766943.088000003,0.00374,0,,90.4951171875,90.4755859375,turing-3,0.13.4,,euclidean__mamut-casablanca-n572-k191-poi__seed__seed5__t1372
euclidean,mamut-casablanca-n572-k191-poi,572,191,main,seed,6,1372,1372.193,283099,8767265.222000001,191,True,8766943.088000003,0.00367,0,,90.455078125,90.4375,turing-3,0.13.4,,euclidean__mamut-casablanca-n572-k191-poi__seed__seed6__t1372
euclidean,mamut-casablanca-n572-k191-poi,572,191,main,seed,7,1372,1372.192,223900,8767329.613999998,191,True,8766943.088000003,0.00441,0,,90.455078125,90.4375,turing-3,0.13.4,,euclidean__mamut-casablanca-n572-k191-poi__seed__seed7__t1372
euclidean,mamut-casablanca-n572-k191-poi,572,191,main,seed,8,1372,1372.211,197158,8768977.528,191,True,8766943.088000003,0.02321,0,,90.455078125,90.4375,turing-3,0.13.4,,euclidean__mamut-casablanca-n572-k191-poi__seed__seed8__t1372
euclidean,mamut-casablanca-n572-k191-poi,572,191,main,seed,9,1372,1372.202,192074,8767125.514000004,191,True,8766943.088000003,0.00208,0,,90.455078125,90.4375,turing-3,0.13.4,,euclidean__mamut-casablanca-n572-k191-poi__seed__seed9__t1372
euclidean,mamut-casablanca-n572-k191-poi,572,191,main,seed,10,1372,1372.2,194509,8767180.544000002,191,True,8766943.088000003,0.00271,0,,90.4951171875,90.4755859375,turing-3,0.13.4,,euclidean__mamut-casablanca-n572-k191-poi__seed__seed10__t1372
euclidean,mamut-madrid-n586-k18-par,586,18,polish,polish,1056,2812,2812.109,1527071,793765.245000001,18,True,794161.6260000003,-0.04991,1,replaced,90.33935546875,90.220703125,turing-3,0.13.4,bks:pyvrp-ils-v1:seed42,euclidean__mamut-madrid-n586-k18-par__polish__seed1056__t2812
euclidean,mamut-madrid-n586-k18-par,586,18,main,seed,1,1406,1406.249,745204,794633.2489999996,18,True,794161.6260000003,0.05939,0,,90.58447265625,90.4375,turing-3,0.13.4,,euclidean__mamut-madrid-n586-k18-par__seed__seed1__t1406
euclidean,mamut-madrid-n586-k18-par,586,18,main,seed,2,1406,1406.257,760495,802029.4649999992,18,True,794161.6260000003,0.99071,0,,90.58447265625,90.4375,turing-3,0.13.4,,euclidean__mamut-madrid-n586-k18-par__seed__seed2__t1406
euclidean,mamut-madrid-n586-k18-par,586,18,main,seed,3,1406,1406.307,727981,799187.4690000007,18,True,794161.6260000003,0.63285,0,,90.58447265625,90.4375,turing-3,0.13.4,,euclidean__mamut-madrid-n586-k18-par__seed__seed3__t1406
euclidean,mamut-madrid-n586-k18-par,586,18,main,seed,4,1406,1406.323,639483,802076.2890000006,18,True,794161.6260000003,0.99661,0,,90.58447265625,90.4375,turing-3,0.13.4,,euclidean__mamut-madrid-n586-k18-par__seed__seed4__t1406
euclidean,mamut-madrid-n586-k18-par,586,18,main,seed,5,1406,1406.311,668620,797951.169,18,True,794161.6260000003,0.47718,0,,90.58447265625,90.4375,turing-3,0.13.4,,euclidean__mamut-madrid-n586-k18-par__seed__seed5__t1406
euclidean,mamut-madrid-n586-k18-par,586,18,main,seed,6,1406,1406.288,746025,797962.9870000005,18,True,794161.6260000003,0.47866,0,,90.58447265625,90.4375,turing-3,0.13.4,,euclidean__mamut-madrid-n586-k18-par__seed__seed6__t1406
euclidean,mamut-madrid-n586-k18-par,586,18,main,seed,7,1406,1406.172,753244,794723.1709999999,18,True,794161.6260000003,0.07071,0,,90.58447265625,90.4375,turing-3,0.13.4,,euclidean__mamut-madrid-n586-k18-par__seed__seed7__t1406
euclidean,mamut-madrid-n586-k18-par,586,18,main,seed,8,1406,1406.293,743639,801648.8929999999,18,True,794161.6260000003,0.94279,0,,90.53759765625,90.40234375,turing-3,0.13.4,,euclidean__mamut-madrid-n586-k18-par__seed__seed8__t1406
euclidean,mamut-madrid-n586-k18-par,586,18,main,seed,9,1406,1406.245,696626,797629.7230000009,18,True,794161.6260000003,0.4367,0,,90.4541015625,90.41455078125,turing-3,0.13.4,,euclidean__mamut-madrid-n586-k18-par__seed__seed9__t1406
euclidean,mamut-madrid-n586-k18-par,586,18,main,seed,10,1406,1406.19,624884,794968.1529999999,18,True,794161.6260000003,0.10156,0,,90.58447265625,90.4375,turing-3,0.13.4,,euclidean__mamut-madrid-n586-k18-par__seed__seed10__t1406
euclidean,mamut-rennes-n599-k115-hyb,599,115,polish,polish,1083,2874,2874.125,759877,889926.6830000004,115,True,894019.9410000003,-0.45785,1,replaced,90.2744140625,90.2841796875,turing-3,0.13.4,euclidean__mamut-rennes-n599-k115-hyb__seed__seed10__t1437,euclidean__mamut-rennes-n599-k115-hyb__polish__seed1083__t2874
euclidean,mamut-rennes-n599-k115-hyb,599,115,main,seed,1,1437,1437.292,347979,892349.8489999998,115,True,894019.9410000003,-0.18681,0,,90.310546875,90.35107421875,turing-3,0.13.4,,euclidean__mamut-rennes-n599-k115-hyb__seed__seed1__t1437
euclidean,mamut-rennes-n599-k115-hyb,599,115,main,seed,2,1437,1437.269,340429,891503.2020000005,116,True,894019.9410000003,-0.28151,0,,90.310546875,90.35107421875,turing-3,0.13.4,,euclidean__mamut-rennes-n599-k115-hyb__seed__seed2__t1437
euclidean,mamut-rennes-n599-k115-hyb,599,115,main,seed,3,1437,1437.276,346188,892845.8780000011,116,True,894019.9410000003,-0.13132,0,,90.310546875,90.35107421875,turing-3,0.13.4,,euclidean__mamut-rennes-n599-k115-hyb__seed__seed3__t1437
euclidean,mamut-rennes-n599-k115-hyb,599,115,main,seed,4,1437,1437.197,334471,890461.2709999996,115,True,894019.9410000003,-0.39805,0,,90.310546875,90.35107421875,turing-3,0.13.4,,euclidean__mamut-rennes-n599-k115-hyb__seed__seed4__t1437
euclidean,mamut-rennes-n599-k115-hyb,599,115,main,seed,5,1437,1437.181,375876,891254.3339999996,116,True,894019.9410000003,-0.30935,0,,90.310546875,90.35107421875,turing-3,0.13.4,,euclidean__mamut-rennes-n599-k115-hyb__seed__seed5__t1437
euclidean,mamut-rennes-n599-k115-hyb,599,115,main,seed,6,1437,1437.288,358533,891670.3739999998,115,True,894019.9410000003,-0.26281,0,,90.310546875,90.35107421875,turing-3,0.13.4,,euclidean__mamut-rennes-n599-k115-hyb__seed__seed6__t1437
euclidean,mamut-rennes-n599-k115-hyb,599,115,main,seed,7,1437,1437.279,390843,890840.4050000003,116,True,894019.9410000003,-0.35564,0,,90.310546875,90.35107421875,turing-3,0.13.4,,euclidean__mamut-rennes-n599-k115-hyb__seed__seed7__t1437
euclidean,mamut-rennes-n599-k115-hyb,599,115,main,seed,8,1437,1437.273,393623,891603.7559999999,115,True,894019.9410000003,-0.27026,0,,90.310546875,90.35107421875,turing-3,0.13.4,,euclidean__mamut-rennes-n599-k115-hyb__seed__seed8__t1437
euclidean,mamut-rennes-n599-k115-hyb,599,115,main,seed,9,1437,1437.275,303563,894015.1160000005,116,True,894019.9410000003,-0.00054,0,,90.310546875,90.35107421875,turing-3,0.13.4,,euclidean__mamut-rennes-n599-k115-hyb__seed__seed9__t1437
euclidean,mamut-rennes-n599-k115-hyb,599,115,main,seed,10,1437,1437.279,307679,890377.630999999,116,True,894019.9410000003,-0.40741,0,,90.310546875,90.35107421875,turing-3,0.13.4,,euclidean__mamut-rennes-n599-k115-hyb__seed__seed10__t1437
euclidean,mamut-budapest-n614-k22-hyb,614,22,polish,polish,1024,2946,2946.113,1404191,698555.4110000003,23,True,705367.9919999994,-0.96582,1,replaced,90.34326171875,90.2841796875,turing-3,0.13.4,euclidean__mamut-budapest-n614-k22-hyb__seed__seed7__t1473,euclidean__mamut-budapest-n614-k22-hyb__polish__seed1024__t2946
euclidean,mamut-budapest-n614-k22-hyb,614,22,main,seed,1,1473,1473.188,708888,702082.0449999991,22,True,705367.9919999994,-0.46585,0,,90.255859375,90.5478515625,turing-3,0.13.4,,euclidean__mamut-budapest-n614-k22-hyb__seed__seed1__t1473
euclidean,mamut-budapest-n614-k22-hyb,614,22,main,seed,2,1473,1473.278,629941,699595.1700000003,23,True,705367.9919999994,-0.81841,0,,90.255859375,90.5478515625,turing-3,0.13.4,,euclidean__mamut-budapest-n614-k22-hyb__seed__seed2__t1473
euclidean,mamut-budapest-n614-k22-hyb,614,22,main,seed,3,1473,1473.307,800268,704210.0630000002,23,True,705367.9919999994,-0.16416,0,,90.255859375,90.5478515625,turing-3,0.13.4,,euclidean__mamut-budapest-n614-k22-hyb__seed__seed3__t1473
euclidean,mamut-budapest-n614-k22-hyb,614,22,main,seed,4,1473,1473.388,622272,703766.3100000002,23,True,705367.9919999994,-0.22707,0,,90.255859375,90.5478515625,turing-3,0.13.4,,euclidean__mamut-budapest-n614-k22-hyb__seed__seed4__t1473
euclidean,mamut-budapest-n614-k22-hyb,614,22,main,seed,5,1473,1473.33,644838,702252.392,23,True,705367.9919999994,-0.4417,0,,90.255859375,90.5478515625,turing-3,0.13.4,,euclidean__mamut-budapest-n614-k22-hyb__seed__seed5__t1473
euclidean,mamut-budapest-n614-k22-hyb,614,22,main,seed,6,1473,1473.327,649749,699961.0689999997,22,True,705367.9919999994,-0.76654,0,,90.255859375,90.5478515625,turing-3,0.13.4,,euclidean__mamut-budapest-n614-k22-hyb__seed__seed6__t1473
euclidean,mamut-budapest-n614-k22-hyb,614,22,main,seed,7,1473,1473.307,613983,699391.5429999994,23,True,705367.9919999994,-0.84728,0,,90.255859375,90.5478515625,turing-3,0.13.4,,euclidean__mamut-budapest-n614-k22-hyb__seed__seed7__t1473
euclidean,mamut-budapest-n614-k22-hyb,614,22,main,seed,8,1473,1473.302,742560,702448.0579999994,23,True,705367.9919999994,-0.41396,0,,90.255859375,90.5478515625,turing-3,0.13.4,,euclidean__mamut-budapest-n614-k22-hyb__seed__seed8__t1473
euclidean,mamut-budapest-n614-k22-hyb,614,22,main,seed,9,1473,1473.335,769111,702725.0699999998,22,True,705367.9919999994,-0.37469,0,,90.255859375,90.5478515625,turing-3,0.13.4,,euclidean__mamut-budapest-n614-k22-hyb__seed__seed9__t1473
euclidean,mamut-budapest-n614-k22-hyb,614,22,main,seed,10,1473,1473.266,727206,700389.2720000003,22,True,705367.9919999994,-0.70583,0,,90.2783203125,90.5478515625,turing-3,0.13.4,,euclidean__mamut-budapest-n614-k22-hyb__seed__seed10__t1473
euclidean,mamut-tallinn-n628-k106-hyb,628,106,polish,polish,1099,3014,3014.121,701312,1265554.933000001,107,True,1268446.4290000037,-0.22796,1,replaced,90.2158203125,90.2216796875,turing-3,0.13.4,euclidean__mamut-tallinn-n628-k106-hyb__seed__seed7__t1507,euclidean__mamut-tallinn-n628-k106-hyb__polish__seed1099__t3014
euclidean,mamut-tallinn-n628-k106-hyb,628,106,main,seed,1,1507,1507.269,347702,1268618.7700000003,107,True,1268446.4290000037,0.01359,0,,90.24560546875,90.58447265625,turing-3,0.13.4,,euclidean__mamut-tallinn-n628-k106-hyb__seed__seed1__t1507
euclidean,mamut-tallinn-n628-k106-hyb,628,106,main,seed,2,1507,1507.289,306728,1268972.2180000015,107,True,1268446.4290000037,0.04145,0,,90.24560546875,90.58447265625,turing-3,0.13.4,,euclidean__mamut-tallinn-n628-k106-hyb__seed__seed2__t1507
euclidean,mamut-tallinn-n628-k106-hyb,628,106,main,seed,3,1507,1507.174,287995,1268566.530000001,107,True,1268446.4290000037,0.00947,0,,90.24560546875,90.58447265625,turing-3,0.13.4,,euclidean__mamut-tallinn-n628-k106-hyb__seed__seed3__t1507
euclidean,mamut-tallinn-n628-k106-hyb,628,106,main,seed,4,1507,1507.256,399155,1270983.6930000007,107,True,1268446.4290000037,0.20003,0,,90.2255859375,90.58447265625,turing-3,0.13.4,,euclidean__mamut-tallinn-n628-k106-hyb__seed__seed4__t1507
euclidean,mamut-tallinn-n628-k106-hyb,628,106,main,seed,5,1507,1507.275,285894,1266756.963000001,107,True,1268446.4290000037,-0.13319,0,,90.2255859375,90.53759765625,turing-3,0.13.4,,euclidean__mamut-tallinn-n628-k106-hyb__seed__seed5__t1507
euclidean,mamut-tallinn-n628-k106-hyb,628,106,main,seed,6,1507,1507.26,305184,1267947.923999999,107,True,1268446.4290000037,-0.0393,0,,90.27099609375,90.494140625,turing-3,0.13.4,,euclidean__mamut-tallinn-n628-k106-hyb__seed__seed6__t1507
euclidean,mamut-tallinn-n628-k106-hyb,628,106,main,seed,7,1507,1507.269,346942,1265678.8660000009,107,True,1268446.4290000037,-0.21819,0,,90.27099609375,90.494140625,turing-3,0.13.4,,euclidean__mamut-tallinn-n628-k106-hyb__seed__seed7__t1507
euclidean,mamut-tallinn-n628-k106-hyb,628,106,main,seed,8,1507,1507.278,319078,1265755.207,107,True,1268446.4290000037,-0.21217,0,,90.27099609375,90.4541015625,turing-3,0.13.4,,euclidean__mamut-tallinn-n628-k106-hyb__seed__seed8__t1507
euclidean,mamut-tallinn-n628-k106-hyb,628,106,main,seed,9,1507,1507.292,361566,1268220.298999999,107,True,1268446.4290000037,-0.01783,0,,90.27099609375,90.4541015625,turing-3,0.13.4,,euclidean__mamut-tallinn-n628-k106-hyb__seed__seed9__t1507
euclidean,mamut-tallinn-n628-k106-hyb,628,106,main,seed,10,1507,1507.172,343064,1266572.5100000007,107,True,1268446.4290000037,-0.14773,0,,90.24560546875,90.58447265625,turing-3,0.13.4,,euclidean__mamut-tallinn-n628-k106-hyb__seed__seed10__t1507
euclidean,mamut-lisbon-n643-k29-hyb,643,29,polish,polish,1050,3086,3086.296,1172813,892427.2790000007,29,True,893470.1820000001,-0.11672,1,replaced,6.34228515625,90.2158203125,turing-3,0.13.4,euclidean__mamut-lisbon-n643-k29-hyb__seed__seed3__t1543,euclidean__mamut-lisbon-n643-k29-hyb__polish__seed1050__t3086
euclidean,mamut-lisbon-n643-k29-hyb,643,29,main,seed,1,1543,1543.196,541577,893405.137999999,29,True,893470.1820000001,-0.00728,0,,90.21044921875,90.283203125,turing-3,0.13.4,,euclidean__mamut-lisbon-n643-k29-hyb__seed__seed1__t1543
euclidean,mamut-lisbon-n643-k29-hyb,643,29,main,seed,2,1543,1543.217,759041,897797.7839999996,29,True,893470.1820000001,0.48436,0,,90.21044921875,90.283203125,turing-3,0.13.4,,euclidean__mamut-lisbon-n643-k29-hyb__seed__seed2__t1543
euclidean,mamut-lisbon-n643-k29-hyb,643,29,main,seed,3,1543,1543.352,646772,892835.8250000002,29,True,893470.1820000001,-0.071,0,,90.21044921875,90.283203125,turing-3,0.13.4,,euclidean__mamut-lisbon-n643-k29-hyb__seed__seed3__t1543
euclidean,mamut-lisbon-n643-k29-hyb,643,29,main,seed,4,1543,1543.344,597293,894122.1899999992,29,True,893470.1820000001,0.07297,0,,90.21044921875,90.283203125,turing-3,0.13.4,,euclidean__mamut-lisbon-n643-k29-hyb__seed__seed4__t1543
euclidean,mamut-lisbon-n643-k29-hyb,643,29,main,seed,5,1543,1543.3,546546,899894.8450000003,29,True,893470.1820000001,0.71907,0,,90.193359375,90.283203125,turing-3,0.13.4,,euclidean__mamut-lisbon-n643-k29-hyb__seed__seed5__t1543
euclidean,mamut-lisbon-n643-k29-hyb,643,29,main,seed,6,1543,1543.353,612115,893331.8109999996,29,True,893470.1820000001,-0.01549,0,,90.193359375,90.26025390625,turing-3,0.13.4,,euclidean__mamut-lisbon-n643-k29-hyb__seed__seed6__t1543
euclidean,mamut-lisbon-n643-k29-hyb,643,29,main,seed,7,1543,1543.192,604838,893994.2799999999,29,True,893470.1820000001,0.05866,0,,90.193359375,90.26025390625,turing-3,0.13.4,,euclidean__mamut-lisbon-n643-k29-hyb__seed__seed7__t1543
euclidean,mamut-lisbon-n643-k29-hyb,643,29,main,seed,8,1543,1543.293,558128,893428.6490000006,29,True,893470.1820000001,-0.00465,0,,90.193359375,90.26025390625,turing-3,0.13.4,,euclidean__mamut-lisbon-n643-k29-hyb__seed__seed8__t1543
euclidean,mamut-lisbon-n643-k29-hyb,643,29,main,seed,9,1543,1543.294,554000,894385.8949999998,29,True,893470.1820000001,0.10249,0,,90.193359375,90.26025390625,turing-3,0.13.4,,euclidean__mamut-lisbon-n643-k29-hyb__seed__seed9__t1543
euclidean,mamut-lisbon-n643-k29-hyb,643,29,main,seed,10,1543,1543.317,595053,894966.3090000005,29,True,893470.1820000001,0.16745,0,,90.21044921875,90.283203125,turing-3,0.13.4,,euclidean__mamut-lisbon-n643-k29-hyb__seed__seed10__t1543
euclidean,mamut-helsinki-n658-k20-poi,658,20,polish,polish,1041,3158,3158.255,1396900,706633.547,20,True,710110.7969999993,-0.48968,1,replaced,6.34228515625,90.34326171875,turing-3,0.13.4,euclidean__mamut-helsinki-n658-k20-poi__seed__seed2__t1579,euclidean__mamut-helsinki-n658-k20-poi__polish__seed1041__t3158
euclidean,mamut-helsinki-n658-k20-poi,658,20,main,seed,1,1579,1579.219,707557,710024.0669999999,20,True,710110.7969999993,-0.01221,0,,90.28515625,90.24560546875,turing-3,0.13.4,,euclidean__mamut-helsinki-n658-k20-poi__seed__seed1__t1579
euclidean,mamut-helsinki-n658-k20-poi,658,20,main,seed,2,1579,1579.347,581587,707366.8929999991,20,True,710110.7969999993,-0.38641,0,,90.28515625,90.24560546875,turing-3,0.13.4,,euclidean__mamut-helsinki-n658-k20-poi__seed__seed2__t1579
euclidean,mamut-helsinki-n658-k20-poi,658,20,main,seed,3,1579,1579.248,730248,708137.6910000002,20,True,710110.7969999993,-0.27786,0,,90.28515625,90.24560546875,turing-3,0.13.4,,euclidean__mamut-helsinki-n658-k20-poi__seed__seed3__t1579
euclidean,mamut-helsinki-n658-k20-poi,658,20,main,seed,4,1579,1579.406,673671,707374.3539999997,20,True,710110.7969999993,-0.38535,0,,90.28515625,90.24560546875,turing-3,0.13.4,,euclidean__mamut-helsinki-n658-k20-poi__seed__seed4__t1579
euclidean,mamut-helsinki-n658-k20-poi,658,20,main,seed,5,1579,1579.337,737558,710056.0109999999,20,True,710110.7969999993,-0.00772,0,,90.28515625,90.24560546875,turing-3,0.13.4,,euclidean__mamut-helsinki-n658-k20-poi__seed__seed5__t1579
euclidean,mamut-helsinki-n658-k20-poi,658,20,main,seed,6,1579,1579.491,731730,709292.0099999995,20,True,710110.7969999993,-0.1153,0,,90.28515625,90.24560546875,turing-3,0.13.4,,euclidean__mamut-helsinki-n658-k20-poi__seed__seed6__t1579
euclidean,mamut-helsinki-n658-k20-poi,658,20,main,seed,7,1579,1579.306,649709,712394.7470000002,20,True,710110.7969999993,0.32163,0,,90.28515625,90.24560546875,turing-3,0.13.4,,euclidean__mamut-helsinki-n658-k20-poi__seed__seed7__t1579
euclidean,mamut-helsinki-n658-k20-poi,658,20,main,seed,8,1579,1579.389,687564,709790.560999999,20,True,710110.7969999993,-0.0451,0,,90.28515625,90.24560546875,turing-3,0.13.4,,euclidean__mamut-helsinki-n658-k20-poi__seed__seed8__t1579
euclidean,mamut-helsinki-n658-k20-poi,658,20,main,seed,9,1579,1579.322,674739,709422.5419999992,20,True,710110.7969999993,-0.09692,0,,90.28515625,90.24560546875,turing-3,0.13.4,,euclidean__mamut-helsinki-n658-k20-poi__seed__seed9__t1579
euclidean,mamut-helsinki-n658-k20-poi,658,20,main,seed,10,1579,1579.385,587871,708307.8899999992,20,True,710110.7969999993,-0.25389,0,,90.28515625,90.24560546875,turing-3,0.13.4,,euclidean__mamut-helsinki-n658-k20-poi__seed__seed10__t1579
euclidean,mamut-dublin-n673-k14-poi,673,14,polish,polish,1038,3230,3230.31,1817623,421336.0370000001,14,True,424658.48299999954,-0.78238,1,replaced,6.34228515625,90.2744140625,turing-3,0.13.4,euclidean__mamut-dublin-n673-k14-poi__seed__seed8__t1615,euclidean__mamut-dublin-n673-k14-poi__polish__seed1038__t3230
euclidean,mamut-dublin-n673-k14-poi,673,14,main,seed,1,1615,1615.299,1009519,424356.88899999956,14,True,424658.48299999954,-0.07102,0,,90.2958984375,90.27099609375,turing-3,0.13.4,,euclidean__mamut-dublin-n673-k14-poi__seed__seed1__t1615
euclidean,mamut-dublin-n673-k14-poi,673,14,main,seed,2,1615,1615.337,835714,421464.94499999925,14,True,424658.48299999954,-0.75203,0,,90.2958984375,90.27099609375,turing-3,0.13.4,,euclidean__mamut-dublin-n673-k14-poi__seed__seed2__t1615
euclidean,mamut-dublin-n673-k14-poi,673,14,main,seed,3,1615,1615.315,935284,422824.44000000024,14,True,424658.48299999954,-0.43189,0,,90.2958984375,90.27099609375,turing-3,0.13.4,,euclidean__mamut-dublin-n673-k14-poi__seed__seed3__t1615
euclidean,mamut-dublin-n673-k14-poi,673,14,main,seed,4,1615,1615.372,841729,422942.9709999995,14,True,424658.48299999954,-0.40397,0,,90.27197265625,90.32958984375,turing-3,0.13.4,,euclidean__mamut-dublin-n673-k14-poi__seed__seed4__t1615
euclidean,mamut-dublin-n673-k14-poi,673,14,main,seed,5,1615,1615.405,841825,421501.51099999953,14,True,424658.48299999954,-0.74341,0,,90.27197265625,90.32958984375,turing-3,0.13.4,,euclidean__mamut-dublin-n673-k14-poi__seed__seed5__t1615
euclidean,mamut-dublin-n673-k14-poi,673,14,main,seed,6,1615,1615.367,750761,422403.9259999995,14,True,424658.48299999954,-0.53091,0,,90.27197265625,90.32958984375,turing-3,0.13.4,,euclidean__mamut-dublin-n673-k14-poi__seed__seed6__t1615
euclidean,mamut-dublin-n673-k14-poi,673,14,main,seed,7,1615,1615.377,1001686,421402.2489999995,14,True,424658.48299999954,-0.76679,0,,90.27197265625,90.32958984375,turing-3,0.13.4,,euclidean__mamut-dublin-n673-k14-poi__seed__seed7__t1615
euclidean,mamut-dublin-n673-k14-poi,673,14,main,seed,8,1615,1615.386,932733,421399.2679999997,14,True,424658.48299999954,-0.76749,0,,90.27197265625,90.32958984375,turing-3,0.13.4,,euclidean__mamut-dublin-n673-k14-poi__seed__seed8__t1615
euclidean,mamut-dublin-n673-k14-poi,673,14,main,seed,9,1615,1615.334,926177,422500.53699999995,14,True,424658.48299999954,-0.50816,0,,90.27197265625,90.32958984375,turing-3,0.13.4,,euclidean__mamut-dublin-n673-k14-poi__seed__seed9__t1615
euclidean,mamut-dublin-n673-k14-poi,673,14,main,seed,10,1615,1615.382,771906,422627.1429999993,14,True,424658.48299999954,-0.47835,0,,90.2958984375,90.27099609375,turing-3,0.13.4,,euclidean__mamut-dublin-n673-k14-poi__seed__seed10__t1615
euclidean,mamut-toulouse-n689-k129-poi,689,129,polish,polish,1102,3306,3306.277,450847,5754661.749999997,129,True,5757768.425,-0.05396,1,kept_existing,6.34228515625,90.33935546875,turing-3,0.13.4,euclidean__mamut-toulouse-n689-k129-poi__seed__seed5__t1653,euclidean__mamut-toulouse-n689-k129-poi__polish__seed1102__t3306
euclidean,mamut-toulouse-n689-k129-poi,689,129,main,seed,1,1653,1653.389,240725,5757708.416999998,129,True,5757768.425,-0.00104,0,,90.2626953125,90.21044921875,turing-3,0.13.4,,euclidean__mamut-toulouse-n689-k129-poi__seed__seed1__t1653
euclidean,mamut-toulouse-n689-k129-poi,689,129,main,seed,2,1653,1653.205,287752,5763683.297999992,129,True,5757768.425,0.10273,0,,90.2626953125,90.21044921875,turing-3,0.13.4,,euclidean__mamut-toulouse-n689-k129-poi__seed__seed2__t1653
euclidean,mamut-toulouse-n689-k129-poi,689,129,main,seed,3,1653,1653.408,213499,5764601.799999994,129,True,5757768.425,0.11868,0,,90.2412109375,90.21044921875,turing-3,0.13.4,,euclidean__mamut-toulouse-n689-k129-poi__seed__seed3__t1653
euclidean,mamut-toulouse-n689-k129-poi,689,129,main,seed,4,1653,1653.345,241764,5755288.309000005,129,True,5757768.425,-0.04307,0,,90.2412109375,90.21044921875,turing-3,0.13.4,,euclidean__mamut-toulouse-n689-k129-poi__seed__seed4__t1653
euclidean,mamut-toulouse-n689-k129-poi,689,129,main,seed,5,1653,1653.394,229909,5754661.749999997,129,True,5757768.425,-0.05396,0,,90.2412109375,90.21044921875,turing-3,0.13.4,,euclidean__mamut-toulouse-n689-k129-poi__seed__seed5__t1653
euclidean,mamut-toulouse-n689-k129-poi,689,129,main,seed,6,1653,1653.338,225637,5757657.164000001,129,True,5757768.425,-0.00193,0,,90.2412109375,90.21044921875,turing-3,0.13.4,,euclidean__mamut-toulouse-n689-k129-poi__seed__seed6__t1653
euclidean,mamut-toulouse-n689-k129-poi,689,129,main,seed,7,1653,1653.316,235026,5755843.948999999,129,True,5757768.425,-0.03342,0,,90.2412109375,90.21044921875,turing-3,0.13.4,,euclidean__mamut-toulouse-n689-k129-poi__seed__seed7__t1653
euclidean,mamut-toulouse-n689-k129-poi,689,129,main,seed,8,1653,1653.387,222404,5758426.614,129,True,5757768.425,0.01143,0,,90.2412109375,90.21044921875,turing-3,0.13.4,,euclidean__mamut-toulouse-n689-k129-poi__seed__seed8__t1653
euclidean,mamut-toulouse-n689-k129-poi,689,129,main,seed,9,1653,1653.342,303553,5764906.778999999,129,True,5757768.425,0.12398,0,,90.2412109375,90.21044921875,turing-3,0.13.4,,euclidean__mamut-toulouse-n689-k129-poi__seed__seed9__t1653
euclidean,mamut-toulouse-n689-k129-poi,689,129,main,seed,10,1653,1653.294,257004,5759920.270000004,129,True,5757768.425,0.03737,0,,90.2626953125,90.21044921875,turing-3,0.13.4,,euclidean__mamut-toulouse-n689-k129-poi__seed__seed10__t1653
euclidean,mamut-stockholm-n705-k60-par,705,60,pilot,long,101,6768,6768.339,2901976,1570207.7489999991,60,True,1573926.8490000009,-0.23629,0,,8.2685546875,23.92626953125,turing-3,0.13.4,,euclidean__mamut-stockholm-n705-k60-par__long__seed101__t6768
euclidean,mamut-stockholm-n705-k60-par,705,60,polish,polish,1096,3384,3384.373,841650,1564475.3730000001,60,True,1573926.8490000009,-0.6005,1,replaced,6.34228515625,90.2177734375,turing-3,0.13.4,euclidean__mamut-stockholm-n705-k60-par__seed__seed5__t1692,euclidean__mamut-stockholm-n705-k60-par__polish__seed1096__t3384
euclidean,mamut-stockholm-n705-k60-par,705,60,pilot,seed,1,1692,1692.305,452964,1573542.3749999998,60,True,1573926.8490000009,-0.02443,0,,1.15380859375,90.1416015625,turing-3,0.13.4,,euclidean__mamut-stockholm-n705-k60-par__seed__seed1__t1692
euclidean,mamut-stockholm-n705-k60-par,705,60,pilot,seed,2,1692,1692.167,411725,1570140.9349999991,60,True,1573926.8490000009,-0.24054,0,,1.15380859375,90.1416015625,turing-3,0.13.4,,euclidean__mamut-stockholm-n705-k60-par__seed__seed2__t1692
euclidean,mamut-stockholm-n705-k60-par,705,60,pilot,seed,3,1692,1692.13,420589,1565367.726,60,True,1573926.8490000009,-0.54381,0,,1.15380859375,90.1416015625,turing-3,0.13.4,,euclidean__mamut-stockholm-n705-k60-par__seed__seed3__t1692
euclidean,mamut-stockholm-n705-k60-par,705,60,main,seed,4,1692,1692.342,604090,1572076.572,60,True,1573926.8490000009,-0.11756,0,,90.23046875,90.3193359375,turing-3,0.13.4,,euclidean__mamut-stockholm-n705-k60-par__seed__seed4__t1692
euclidean,mamut-stockholm-n705-k60-par,705,60,main,seed,5,1692,1692.371,371978,1564694.0130000007,60,True,1573926.8490000009,-0.58661,0,,90.23046875,90.3193359375,turing-3,0.13.4,,euclidean__mamut-stockholm-n705-k60-par__seed__seed5__t1692
euclidean,mamut-stockholm-n705-k60-par,705,60,main,seed,6,1692,1692.228,451875,1576908.408,60,True,1573926.8490000009,0.18943,0,,90.23046875,90.3193359375,turing-3,0.13.4,,euclidean__mamut-stockholm-n705-k60-par__seed__seed6__t1692
euclidean,mamut-stockholm-n705-k60-par,705,60,main,seed,7,1692,1692.23,454987,1570759.3829999983,60,True,1573926.8490000009,-0.20125,0,,90.23046875,90.3193359375,turing-3,0.13.4,,euclidean__mamut-stockholm-n705-k60-par__seed__seed7__t1692
euclidean,mamut-stockholm-n705-k60-par,705,60,main,seed,8,1692,1692.327,471541,1568058.1620000019,60,True,1573926.8490000009,-0.37287,0,,90.23046875,90.3193359375,turing-3,0.13.4,,euclidean__mamut-stockholm-n705-k60-par__seed__seed8__t1692
euclidean,mamut-stockholm-n705-k60-par,705,60,main,seed,9,1692,1692.373,407241,1571801.1339999994,60,True,1573926.8490000009,-0.13506,0,,90.23046875,90.3193359375,turing-3,0.13.4,,euclidean__mamut-stockholm-n705-k60-par__seed__seed9__t1692
euclidean,mamut-stockholm-n705-k60-par,705,60,main,seed,10,1692,1692.259,460056,1573678.7219999998,60,True,1573926.8490000009,-0.01576,0,,90.23046875,90.34765625,turing-3,0.13.4,,euclidean__mamut-stockholm-n705-k60-par__seed__seed10__t1692
euclidean,mamut-amsterdam-n722-k69-hyb,722,69,polish,polish,1004,3464,3464.153,982332,1542689.2610000009,70,True,1544526.0539999998,-0.11892,1,replaced,6.34228515625,90.36767578125,turing-3,0.13.4,euclidean__mamut-amsterdam-n722-k69-hyb__seed__seed1__t1732,euclidean__mamut-amsterdam-n722-k69-hyb__polish__seed1004__t3464
euclidean,mamut-amsterdam-n722-k69-hyb,722,69,main,seed,1,1732,1732.317,471227,1542876.5960000006,70,True,1544526.0539999998,-0.10679,0,,90.3232421875,90.32177734375,turing-3,0.13.4,,euclidean__mamut-amsterdam-n722-k69-hyb__seed__seed1__t1732
euclidean,mamut-amsterdam-n722-k69-hyb,722,69,main,seed,2,1732,1732.326,460753,1543494.2369999995,70,True,1544526.0539999998,-0.0668,0,,90.3232421875,90.32177734375,turing-3,0.13.4,,euclidean__mamut-amsterdam-n722-k69-hyb__seed__seed2__t1732
euclidean,mamut-amsterdam-n722-k69-hyb,722,69,main,seed,3,1732,1732.376,517199,1544228.3820000014,70,True,1544526.0539999998,-0.01927,0,,90.3232421875,90.32177734375,turing-3,0.13.4,,euclidean__mamut-amsterdam-n722-k69-hyb__seed__seed3__t1732
euclidean,mamut-amsterdam-n722-k69-hyb,722,69,main,seed,4,1732,1732.269,537829,1545002.943000003,70,True,1544526.0539999998,0.03088,0,,90.3232421875,90.32177734375,turing-3,0.13.4,,euclidean__mamut-amsterdam-n722-k69-hyb__seed__seed4__t1732
euclidean,mamut-amsterdam-n722-k69-hyb,722,69,main,seed,5,1732,1732.339,426681,1545765.6690000016,70,True,1544526.0539999998,0.08026,0,,90.3232421875,90.2958984375,turing-3,0.13.4,,euclidean__mamut-amsterdam-n722-k69-hyb__seed__seed5__t1732
euclidean,mamut-amsterdam-n722-k69-hyb,722,69,main,seed,6,1732,1732.363,461796,1545976.6960000016,70,True,1544526.0539999998,0.09392,0,,90.3232421875,90.2958984375,turing-3,0.13.4,,euclidean__mamut-amsterdam-n722-k69-hyb__seed__seed6__t1732
euclidean,mamut-amsterdam-n722-k69-hyb,722,69,main,seed,7,1732,1732.354,508118,1544173.9799999997,70,True,1544526.0539999998,-0.02279,0,,90.296875,90.2958984375,turing-3,0.13.4,,euclidean__mamut-amsterdam-n722-k69-hyb__seed__seed7__t1732
euclidean,mamut-amsterdam-n722-k69-hyb,722,69,main,seed,8,1732,1732.338,516195,1545961.4169999985,70,True,1544526.0539999998,0.09293,0,,90.296875,90.27197265625,turing-3,0.13.4,,euclidean__mamut-amsterdam-n722-k69-hyb__seed__seed8__t1732
euclidean,mamut-amsterdam-n722-k69-hyb,722,69,main,seed,9,1732,1732.363,556991,1544763.2829999982,70,True,1544526.0539999998,0.01536,0,,90.296875,90.27197265625,turing-3,0.13.4,,euclidean__mamut-amsterdam-n722-k69-hyb__seed__seed9__t1732
euclidean,mamut-amsterdam-n722-k69-hyb,722,69,main,seed,10,1732,1732.32,503931,1546376.651,70,True,1544526.0539999998,0.11982,0,,90.3232421875,90.32177734375,turing-3,0.13.4,,euclidean__mamut-amsterdam-n722-k69-hyb__seed__seed10__t1732
euclidean,mamut-copenhagen-n739-k203-hyb,739,203,polish,polish,1034,3546,3546.291,628980,8300778.33200001,207,True,8392652.283,-1.0947,1,replaced,6.34228515625,90.3203125,turing-3,0.13.4,euclidean__mamut-copenhagen-n739-k203-hyb__seed__seed8__t1773,euclidean__mamut-copenhagen-n739-k203-hyb__polish__seed1034__t3546
euclidean,mamut-copenhagen-n739-k203-hyb,739,203,main,seed,1,1773,1773.363,325083,8329846.907000002,208,True,8392652.283,-0.74834,0,,90.4208984375,90.279296875,turing-3,0.13.4,,euclidean__mamut-copenhagen-n739-k203-hyb__seed__seed1__t1773
euclidean,mamut-copenhagen-n739-k203-hyb,739,203,main,seed,2,1773,1773.378,280406,8313164.75100002,207,True,8392652.283,-0.94711,0,,90.4208984375,90.279296875,turing-3,0.13.4,,euclidean__mamut-copenhagen-n739-k203-hyb__seed__seed2__t1773
euclidean,mamut-copenhagen-n739-k203-hyb,739,203,main,seed,3,1773,1773.39,254227,8368687.738000004,209,True,8392652.283,-0.28554,0,,90.4208984375,90.2568359375,turing-3,0.13.4,,euclidean__mamut-copenhagen-n739-k203-hyb__seed__seed3__t1773
euclidean,mamut-copenhagen-n739-k203-hyb,739,203,main,seed,4,1773,1773.384,332439,8337103.290000004,208,True,8392652.283,-0.66188,0,,90.4208984375,90.2568359375,turing-3,0.13.4,,euclidean__mamut-copenhagen-n739-k203-hyb__seed__seed4__t1773
euclidean,mamut-copenhagen-n739-k203-hyb,739,203,main,seed,5,1773,1773.374,302309,8339405.718999992,208,True,8392652.283,-0.63444,0,,90.38671875,90.2568359375,turing-3,0.13.4,,euclidean__mamut-copenhagen-n739-k203-hyb__seed__seed5__t1773
euclidean,mamut-copenhagen-n739-k203-hyb,739,203,main,seed,6,1773,1773.298,263583,8371179.974999998,209,True,8392652.283,-0.25585,0,,90.4326171875,90.2412109375,turing-3,0.13.4,,euclidean__mamut-copenhagen-n739-k203-hyb__seed__seed6__t1773
euclidean,mamut-copenhagen-n739-k203-hyb,739,203,main,seed,7,1773,1773.387,264129,8389909.919000007,210,True,8392652.283,-0.03268,0,,90.4326171875,90.2412109375,turing-3,0.13.4,,euclidean__mamut-copenhagen-n739-k203-hyb__seed__seed7__t1773
euclidean,mamut-copenhagen-n739-k203-hyb,739,203,main,seed,8,1773,1773.301,277762,8301623.528,207,True,8392652.283,-1.08462,0,,90.4326171875,90.2412109375,turing-3,0.13.4,,euclidean__mamut-copenhagen-n739-k203-hyb__seed__seed8__t1773
euclidean,mamut-copenhagen-n739-k203-hyb,739,203,main,seed,9,1773,1773.38,285437,8371911.622000001,209,True,8392652.283,-0.24713,0,,90.26953125,90.31005859375,turing-3,0.13.4,,euclidean__mamut-copenhagen-n739-k203-hyb__seed__seed9__t1773
euclidean,mamut-copenhagen-n739-k203-hyb,739,203,main,seed,10,1773,1773.367,260741,8344039.553000003,208,True,8392652.283,-0.57923,0,,90.4208984375,90.279296875,turing-3,0.13.4,,euclidean__mamut-copenhagen-n739-k203-hyb__seed__seed10__t1773
euclidean,mamut-bordeaux-n756-k250-hyb,756,250,polish,polish,1020,3628,3628.379,905672,3071904.333999994,260,True,3084142.7729999977,-0.39682,1,replaced,6.34228515625,90.4833984375,turing-3,0.13.4,euclidean__mamut-bordeaux-n756-k250-hyb__seed__seed6__t1814,euclidean__mamut-bordeaux-n756-k250-hyb__polish__seed1020__t3628
euclidean,mamut-bordeaux-n756-k250-hyb,756,250,main,seed,1,1814,1814.325,363292,3081126.973999996,260,True,3084142.7729999977,-0.09778,0,,90.0966796875,90.26953125,turing-3,0.13.4,,euclidean__mamut-bordeaux-n756-k250-hyb__seed__seed1__t1814
euclidean,mamut-bordeaux-n756-k250-hyb,756,250,main,seed,2,1814,1814.331,383020,3077332.0219999957,259,True,3084142.7729999977,-0.22083,0,,90.0966796875,90.26953125,turing-3,0.13.4,,euclidean__mamut-bordeaux-n756-k250-hyb__seed__seed2__t1814
euclidean,mamut-bordeaux-n756-k250-hyb,756,250,main,seed,3,1814,1814.304,338719,3078921.1119999974,259,True,3084142.7729999977,-0.16931,0,,90.0966796875,90.26953125,turing-3,0.13.4,,euclidean__mamut-bordeaux-n756-k250-hyb__seed__seed3__t1814
euclidean,mamut-bordeaux-n756-k250-hyb,756,250,main,seed,4,1814,1814.277,448406,3077763.9899999984,259,True,3084142.7729999977,-0.20683,0,,90.0966796875,90.26953125,turing-3,0.13.4,,euclidean__mamut-bordeaux-n756-k250-hyb__seed__seed4__t1814
euclidean,mamut-bordeaux-n756-k250-hyb,756,250,main,seed,5,1814,1814.329,423538,3077246.4859999986,260,True,3084142.7729999977,-0.2236,0,,90.0966796875,90.26953125,turing-3,0.13.4,,euclidean__mamut-bordeaux-n756-k250-hyb__seed__seed5__t1814
euclidean,mamut-bordeaux-n756-k250-hyb,756,250,main,seed,6,1814,1814.289,448657,3073127.8499999996,259,True,3084142.7729999977,-0.35715,0,,90.0966796875,90.26953125,turing-3,0.13.4,,euclidean__mamut-bordeaux-n756-k250-hyb__seed__seed6__t1814
euclidean,mamut-bordeaux-n756-k250-hyb,756,250,main,seed,7,1814,1814.325,407841,3080004.301999994,260,True,3084142.7729999977,-0.13419,0,,90.0966796875,90.26953125,turing-3,0.13.4,,euclidean__mamut-bordeaux-n756-k250-hyb__seed__seed7__t1814
euclidean,mamut-bordeaux-n756-k250-hyb,756,250,main,seed,8,1814,1814.305,355345,3080171.5789999957,259,True,3084142.7729999977,-0.12876,0,,90.0966796875,90.26953125,turing-3,0.13.4,,euclidean__mamut-bordeaux-n756-k250-hyb__seed__seed8__t1814
euclidean,mamut-bordeaux-n756-k250-hyb,756,250,main,seed,9,1814,1814.312,366583,3074371.021999992,260,True,3084142.7729999977,-0.31684,0,,90.4208984375,90.2626953125,turing-3,0.13.4,,euclidean__mamut-bordeaux-n756-k250-hyb__seed__seed9__t1814
euclidean,mamut-bordeaux-n756-k250-hyb,756,250,main,seed,10,1814,1814.293,457032,3079596.142999996,260,True,3084142.7729999977,-0.14742,0,,90.0966796875,90.26953125,turing-3,0.13.4,,euclidean__mamut-bordeaux-n756-k250-hyb__seed__seed10__t1814
euclidean,mamut-marseille-n774-k17-poi,774,17,polish,polish,1059,3714,3714.288,2073583,545248.2309999997,17,True,549625.3649999999,-0.79639,1,replaced,6.34228515625,90.419921875,turing-3,0.13.4,euclidean__mamut-marseille-n774-k17-poi__seed__seed10__t1857,euclidean__mamut-marseille-n774-k17-poi__polish__seed1059__t3714
euclidean,mamut-marseille-n774-k17-poi,774,17,main,seed,1,1857,1857.47,912235,548107.7760000001,17,True,549625.3649999999,-0.27611,0,,90.20849609375,90.26953125,turing-3,0.13.4,,euclidean__mamut-marseille-n774-k17-poi__seed__seed1__t1857
euclidean,mamut-marseille-n774-k17-poi,774,17,main,seed,2,1857,1857.354,956710,546835.7009999997,17,True,549625.3649999999,-0.50756,0,,90.20849609375,90.26953125,turing-3,0.13.4,,euclidean__mamut-marseille-n774-k17-poi__seed__seed2__t1857
euclidean,mamut-marseille-n774-k17-poi,774,17,main,seed,3,1857,1857.399,993180,547644.3680000006,17,True,549625.3649999999,-0.36043,0,,90.20849609375,90.26953125,turing-3,0.13.4,,euclidean__mamut-marseille-n774-k17-poi__seed__seed3__t1857
euclidean,mamut-marseille-n774-k17-poi,774,17,main,seed,4,1857,1857.398,1104407,548168.1540000001,17,True,549625.3649999999,-0.26513,0,,90.20849609375,90.26953125,turing-3,0.13.4,,euclidean__mamut-marseille-n774-k17-poi__seed__seed4__t1857
euclidean,mamut-marseille-n774-k17-poi,774,17,main,seed,5,1857,1857.443,936179,547156.6090000002,17,True,549625.3649999999,-0.44917,0,,90.20849609375,90.26953125,turing-3,0.13.4,,euclidean__mamut-marseille-n774-k17-poi__seed__seed5__t1857
euclidean,mamut-marseille-n774-k17-poi,774,17,main,seed,6,1857,1857.47,821829,548032.8639999996,17,True,549625.3649999999,-0.28974,0,,90.19140625,90.26953125,turing-3,0.13.4,,euclidean__mamut-marseille-n774-k17-poi__seed__seed6__t1857
euclidean,mamut-marseille-n774-k17-poi,774,17,main,seed,7,1857,1857.396,1075368,547526.919,17,True,549625.3649999999,-0.3818,0,,90.19140625,90.26953125,turing-3,0.13.4,,euclidean__mamut-marseille-n774-k17-poi__seed__seed7__t1857
euclidean,mamut-marseille-n774-k17-poi,774,17,main,seed,8,1857,1857.449,869778,547382.8629999994,17,True,549625.3649999999,-0.40801,0,,90.19140625,90.26953125,turing-3,0.13.4,,euclidean__mamut-marseille-n774-k17-poi__seed__seed8__t1857
euclidean,mamut-marseille-n774-k17-poi,774,17,main,seed,9,1857,1857.376,985542,546072.3800000001,17,True,549625.3649999999,-0.64644,0,,90.19140625,90.26953125,turing-3,0.13.4,,euclidean__mamut-marseille-n774-k17-poi__seed__seed9__t1857
euclidean,mamut-marseille-n774-k17-poi,774,17,main,seed,10,1857,1857.431,917169,545949.2519999999,17,True,549625.3649999999,-0.66884,0,,90.20849609375,90.26953125,turing-3,0.13.4,,euclidean__mamut-marseille-n774-k17-poi__seed__seed10__t1857
euclidean,mamut-nairobi-n792-k18-par,792,18,polish,polish,1067,3800,3800.246,1641825,603316.4010000008,18,True,612211.905,-1.45301,1,replaced,6.34228515625,90.28076171875,turing-3,0.13.4,euclidean__mamut-nairobi-n792-k18-par__seed__seed1__t1900,euclidean__mamut-nairobi-n792-k18-par__polish__seed1067__t3800
euclidean,mamut-nairobi-n792-k18-par,792,18,main,seed,1,1900,1900.538,729480,603408.0740000005,18,True,612211.905,-1.43804,0,,90.3486328125,90.283203125,turing-3,0.13.4,,euclidean__mamut-nairobi-n792-k18-par__seed__seed1__t1900
euclidean,mamut-nairobi-n792-k18-par,792,18,main,seed,2,1900,1900.451,935193,604204.5000000003,18,True,612211.905,-1.30795,0,,90.3486328125,90.4208984375,turing-3,0.13.4,,euclidean__mamut-nairobi-n792-k18-par__seed__seed2__t1900
euclidean,mamut-nairobi-n792-k18-par,792,18,main,seed,3,1900,1900.465,865514,604001.7030000006,18,True,612211.905,-1.34107,0,,90.3486328125,90.4208984375,turing-3,0.13.4,,euclidean__mamut-nairobi-n792-k18-par__seed__seed3__t1900
euclidean,mamut-nairobi-n792-k18-par,792,18,main,seed,4,1900,1900.545,769794,603495.6060000001,18,True,612211.905,-1.42374,0,,90.3486328125,90.4208984375,turing-3,0.13.4,,euclidean__mamut-nairobi-n792-k18-par__seed__seed4__t1900
euclidean,mamut-nairobi-n792-k18-par,792,18,main,seed,5,1900,1900.467,876819,603516.5149999997,18,True,612211.905,-1.42032,0,,90.3486328125,90.4208984375,turing-3,0.13.4,,euclidean__mamut-nairobi-n792-k18-par__seed__seed5__t1900
euclidean,mamut-nairobi-n792-k18-par,792,18,main,seed,6,1900,1900.428,962263,614382.723,19,True,612211.905,0.35459,0,,90.40087890625,90.4208984375,turing-3,0.13.4,,euclidean__mamut-nairobi-n792-k18-par__seed__seed6__t1900
euclidean,mamut-nairobi-n792-k18-par,792,18,main,seed,7,1900,1900.463,844280,604141.9349999999,18,True,612211.905,-1.31817,0,,90.40087890625,90.4208984375,turing-3,0.13.4,,euclidean__mamut-nairobi-n792-k18-par__seed__seed7__t1900
euclidean,mamut-nairobi-n792-k18-par,792,18,main,seed,8,1900,1900.449,902105,614256.7469999993,19,True,612211.905,0.33401,0,,90.40087890625,90.4208984375,turing-3,0.13.4,,euclidean__mamut-nairobi-n792-k18-par__seed__seed8__t1900
euclidean,mamut-nairobi-n792-k18-par,792,18,main,seed,9,1900,1900.3,738357,614069.6869999998,19,True,612211.905,0.30345,0,,90.2470703125,90.27294921875,turing-3,0.13.4,,euclidean__mamut-nairobi-n792-k18-par__seed__seed9__t1900
euclidean,mamut-nairobi-n792-k18-par,792,18,main,seed,10,1900,1900.482,737479,613935.762,19,True,612211.905,0.28158,0,,90.3486328125,90.283203125,turing-3,0.13.4,,euclidean__mamut-nairobi-n792-k18-par__seed__seed10__t1900
euclidean,mamut-strasbourg-n811-k163-hyb,811,163,polish,polish,1097,3892,3892.29,771568,2396919.9779999997,163,True,2399388.581000001,-0.10288,1,kept_existing,6.34228515625,90.3193359375,turing-3,0.13.4,euclidean__mamut-strasbourg-n811-k163-hyb__seed__seed4__t1946,euclidean__mamut-strasbourg-n811-k163-hyb__polish__seed1097__t3892
euclidean,mamut-strasbourg-n811-k163-hyb,811,163,main,seed,1,1946,1946.35,371225,2397084.099000002,163,True,2399388.581000001,-0.09604,0,,90.34619140625,90.2470703125,turing-3,0.13.4,,euclidean__mamut-strasbourg-n811-k163-hyb__seed__seed1__t1946
euclidean,mamut-strasbourg-n811-k163-hyb,811,163,main,seed,2,1946,1946.355,373410,2397977.3420000006,163,True,2399388.581000001,-0.05882,0,,90.34619140625,90.2470703125,turing-3,0.13.4,,euclidean__mamut-strasbourg-n811-k163-hyb__seed__seed2__t1946
euclidean,mamut-strasbourg-n811-k163-hyb,811,163,main,seed,3,1946,1946.358,317097,2398905.692000001,163,True,2399388.581000001,-0.02013,0,,90.39892578125,90.2470703125,turing-3,0.13.4,,euclidean__mamut-strasbourg-n811-k163-hyb__seed__seed3__t1946
euclidean,mamut-strasbourg-n811-k163-hyb,811,163,main,seed,4,1946,1946.345,368855,2396919.9779999997,163,True,2399388.581000001,-0.10288,0,,90.447265625,90.22705078125,turing-3,0.13.4,,euclidean__mamut-strasbourg-n811-k163-hyb__seed__seed4__t1946
euclidean,mamut-strasbourg-n811-k163-hyb,811,163,main,seed,5,1946,1946.372,411816,2398533.1290000034,163,True,2399388.581000001,-0.03565,0,,90.447265625,90.22705078125,turing-3,0.13.4,,euclidean__mamut-strasbourg-n811-k163-hyb__seed__seed5__t1946
euclidean,mamut-strasbourg-n811-k163-hyb,811,163,main,seed,6,1946,1946.366,320394,2397407.9029999995,163,True,2399388.581000001,-0.08255,0,,90.447265625,90.22705078125,turing-3,0.13.4,,euclidean__mamut-strasbourg-n811-k163-hyb__seed__seed6__t1946
euclidean,mamut-strasbourg-n811-k163-hyb,811,163,main,seed,7,1946,1946.377,344064,2398051.2860000012,163,True,2399388.581000001,-0.05573,0,,90.447265625,90.22705078125,turing-3,0.13.4,,euclidean__mamut-strasbourg-n811-k163-hyb__seed__seed7__t1946
euclidean,mamut-strasbourg-n811-k163-hyb,811,163,main,seed,8,1946,1946.353,321661,2398255.1590000005,163,True,2399388.581000001,-0.04724,0,,90.447265625,90.22705078125,turing-3,0.13.4,,euclidean__mamut-strasbourg-n811-k163-hyb__seed__seed8__t1946
euclidean,mamut-strasbourg-n811-k163-hyb,811,163,main,seed,9,1946,1946.371,327086,2398330.0270000016,163,True,2399388.581000001,-0.04412,0,,90.39501953125,90.30810546875,turing-3,0.13.4,,euclidean__mamut-strasbourg-n811-k163-hyb__seed__seed9__t1946
euclidean,mamut-strasbourg-n811-k163-hyb,811,163,main,seed,10,1946,1946.334,327879,2398338.8940000013,163,True,2399388.581000001,-0.04375,0,,90.34619140625,90.26904296875,turing-3,0.13.4,,euclidean__mamut-strasbourg-n811-k163-hyb__seed__seed10__t1946
euclidean,mamut-auckland-n830-k30-poi,830,30,polish,polish,1010,3984,3984.294,1895469,752547.152,30,True,758270.9089999999,-0.75484,1,replaced,6.34228515625,90.333984375,turing-3,0.13.4,euclidean__mamut-auckland-n830-k30-poi__seed__seed6__t1992,euclidean__mamut-auckland-n830-k30-poi__polish__seed1010__t3984
euclidean,mamut-auckland-n830-k30-poi,830,30,main,seed,1,1992,1992.44,842829,755124.3439999996,30,True,758270.9089999999,-0.41497,0,,90.1572265625,90.20849609375,turing-3,0.13.4,,euclidean__mamut-auckland-n830-k30-poi__seed__seed1__t1992
euclidean,mamut-auckland-n830-k30-poi,830,30,main,seed,2,1992,1992.514,981449,755203.6760000002,30,True,758270.9089999999,-0.4045,0,,90.1572265625,90.20849609375,turing-3,0.13.4,,euclidean__mamut-auckland-n830-k30-poi__seed__seed2__t1992
euclidean,mamut-auckland-n830-k30-poi,830,30,main,seed,3,1992,1992.54,1086936,753166.3149999998,30,True,758270.9089999999,-0.67319,0,,90.1572265625,90.20849609375,turing-3,0.13.4,,euclidean__mamut-auckland-n830-k30-poi__seed__seed3__t1992
euclidean,mamut-auckland-n830-k30-poi,830,30,main,seed,4,1992,1992.4,950007,756222.1030000004,30,True,758270.9089999999,-0.27019,0,,90.1572265625,90.20849609375,turing-3,0.13.4,,euclidean__mamut-auckland-n830-k30-poi__seed__seed4__t1992
euclidean,mamut-auckland-n830-k30-poi,830,30,main,seed,5,1992,1992.319,869692,757837.7419999989,30,True,758270.9089999999,-0.05713,0,,90.1572265625,90.20849609375,turing-3,0.13.4,,euclidean__mamut-auckland-n830-k30-poi__seed__seed5__t1992
euclidean,mamut-auckland-n830-k30-poi,830,30,main,seed,6,1992,1992.414,1097015,752564.7379999995,30,True,758270.9089999999,-0.75252,0,,90.1572265625,90.20849609375,turing-3,0.13.4,,euclidean__mamut-auckland-n830-k30-poi__seed__seed6__t1992
euclidean,mamut-auckland-n830-k30-poi,830,30,main,seed,7,1992,1992.473,942989,756984.8129999992,30,True,758270.9089999999,-0.16961,0,,90.1572265625,90.20849609375,turing-3,0.13.4,,euclidean__mamut-auckland-n830-k30-poi__seed__seed7__t1992
euclidean,mamut-auckland-n830-k30-poi,830,30,main,seed,8,1992,1992.405,947987,753387.2660000009,30,True,758270.9089999999,-0.64405,0,,90.1572265625,90.20849609375,turing-3,0.13.4,,euclidean__mamut-auckland-n830-k30-poi__seed__seed8__t1992
euclidean,mamut-auckland-n830-k30-poi,830,30,main,seed,9,1992,1992.321,881128,753819.6060000005,30,True,758270.9089999999,-0.58703,0,,90.1572265625,90.20849609375,turing-3,0.13.4,,euclidean__mamut-auckland-n830-k30-poi__seed__seed9__t1992
euclidean,mamut-auckland-n830-k30-poi,830,30,main,seed,10,1992,1992.441,820398,758322.1510000008,30,True,758270.9089999999,0.00676,0,,90.1572265625,90.20849609375,turing-3,0.13.4,,euclidean__mamut-auckland-n830-k30-poi__seed__seed10__t1992
euclidean,mamut-hanoi-n850-k101-par,850,101,polish,polish,1040,4080,4080.302,521317,5463305.18999999,103,True,5475426.002999998,-0.22137,1,replaced,6.34228515625,90.2783203125,turing-3,0.13.4,euclidean__mamut-hanoi-n850-k101-par__seed__seed4__t2040,euclidean__mamut-hanoi-n850-k101-par__polish__seed1040__t4080
euclidean,mamut-hanoi-n850-k101-par,850,101,main,seed,1,2040,2040.275,239451,5466573.158999994,103,True,5475426.002999998,-0.16168,0,,90.1904296875,90.36328125,turing-3,0.13.4,,euclidean__mamut-hanoi-n850-k101-par__seed__seed1__t2040
euclidean,mamut-hanoi-n850-k101-par,850,101,main,seed,2,2040,2040.417,229365,5466939.61,103,True,5475426.002999998,-0.15499,0,,90.1904296875,90.36328125,turing-3,0.13.4,,euclidean__mamut-hanoi-n850-k101-par__seed__seed2__t2040
euclidean,mamut-hanoi-n850-k101-par,850,101,main,seed,3,2040,2040.443,232821,5479640.533999996,103,True,5475426.002999998,0.07697,0,,90.1904296875,90.36328125,turing-3,0.13.4,,euclidean__mamut-hanoi-n850-k101-par__seed__seed3__t2040
euclidean,mamut-hanoi-n850-k101-par,850,101,main,seed,4,2040,2040.468,278014,5464467.074999999,103,True,5475426.002999998,-0.20015,0,,90.1904296875,90.36328125,turing-3,0.13.4,,euclidean__mamut-hanoi-n850-k101-par__seed__seed4__t2040
euclidean,mamut-hanoi-n850-k101-par,850,101,main,seed,5,2040,2040.41,270320,5467764.807999995,103,True,5475426.002999998,-0.13992,0,,90.1904296875,90.36328125,turing-3,0.13.4,,euclidean__mamut-hanoi-n850-k101-par__seed__seed5__t2040
euclidean,mamut-hanoi-n850-k101-par,850,101,main,seed,6,2040,2040.393,227458,5481307.366999998,104,True,5475426.002999998,0.10741,0,,90.1904296875,90.36328125,turing-3,0.13.4,,euclidean__mamut-hanoi-n850-k101-par__seed__seed6__t2040
euclidean,mamut-hanoi-n850-k101-par,850,101,main,seed,7,2040,2040.313,232716,5479952.903000002,104,True,5475426.002999998,0.08268,0,,90.1904296875,90.36328125,turing-3,0.13.4,,euclidean__mamut-hanoi-n850-k101-par__seed__seed7__t2040
euclidean,mamut-hanoi-n850-k101-par,850,101,main,seed,8,2040,2040.372,214927,5480539.545999996,104,True,5475426.002999998,0.09339,0,,90.1748046875,90.333984375,turing-3,0.13.4,,euclidean__mamut-hanoi-n850-k101-par__seed__seed8__t2040
euclidean,mamut-hanoi-n850-k101-par,850,101,main,seed,9,2040,2040.41,253653,5466908.04699999,103,True,5475426.002999998,-0.15557,0,,90.11767578125,90.1484375,turing-3,0.13.4,,euclidean__mamut-hanoi-n850-k101-par__seed__seed9__t2040
euclidean,mamut-hanoi-n850-k101-par,850,101,main,seed,10,2040,2040.46,268801,5467089.0469999965,103,True,5475426.002999998,-0.15226,0,,90.1904296875,90.36328125,turing-3,0.13.4,,euclidean__mamut-hanoi-n850-k101-par__seed__seed10__t2040
euclidean,mamut-montpellier-n870-k105-hyb,870,105,polish,polish,1062,4176,4176.487,688356,3060908.1129999966,106,True,3071209.9399999995,-0.33543,1,replaced,6.34228515625,90.27197265625,turing-3,0.13.4,euclidean__mamut-montpellier-n870-k105-hyb__seed__seed9__t2088,euclidean__mamut-montpellier-n870-k105-hyb__polish__seed1062__t4176
euclidean,mamut-montpellier-n870-k105-hyb,870,105,main,seed,1,2088,2088.46,347035,3064649.8059999957,106,True,3071209.9399999995,-0.2136,0,,90.1689453125,90.11767578125,turing-3,0.13.4,,euclidean__mamut-montpellier-n870-k105-hyb__seed__seed1__t2088
euclidean,mamut-montpellier-n870-k105-hyb,870,105,main,seed,2,2088,2088.606,362267,3065633.319999996,106,True,3071209.9399999995,-0.18158,0,,90.1689453125,90.11767578125,turing-3,0.13.4,,euclidean__mamut-montpellier-n870-k105-hyb__seed__seed2__t2088
euclidean,mamut-montpellier-n870-k105-hyb,870,105,main,seed,3,2088,2088.355,321429,3065271.9029999976,106,True,3071209.9399999995,-0.19335,0,,90.1552734375,90.11767578125,turing-3,0.13.4,,euclidean__mamut-montpellier-n870-k105-hyb__seed__seed3__t2088
euclidean,mamut-montpellier-n870-k105-hyb,870,105,main,seed,4,2088,2088.539,278969,3063779.3679999975,106,True,3071209.9399999995,-0.24194,0,,90.1552734375,90.10791015625,turing-3,0.13.4,,euclidean__mamut-montpellier-n870-k105-hyb__seed__seed4__t2088
euclidean,mamut-montpellier-n870-k105-hyb,870,105,main,seed,5,2088,2088.521,350176,3062280.713999997,106,True,3071209.9399999995,-0.29074,0,,90.1552734375,90.10791015625,turing-3,0.13.4,,euclidean__mamut-montpellier-n870-k105-hyb__seed__seed5__t2088
euclidean,mamut-montpellier-n870-k105-hyb,870,105,main,seed,6,2088,2088.517,275637,3065078.932999995,106,True,3071209.9399999995,-0.19963,0,,90.142578125,90.10791015625,turing-3,0.13.4,,euclidean__mamut-montpellier-n870-k105-hyb__seed__seed6__t2088
euclidean,mamut-montpellier-n870-k105-hyb,870,105,main,seed,7,2088,2088.514,286363,3062108.1210000003,106,True,3071209.9399999995,-0.29636,0,,90.142578125,90.10791015625,turing-3,0.13.4,,euclidean__mamut-montpellier-n870-k105-hyb__seed__seed7__t2088
euclidean,mamut-montpellier-n870-k105-hyb,870,105,main,seed,8,2088,2088.366,365905,3063633.173,106,True,3071209.9399999995,-0.2467,0,,90.142578125,90.10791015625,turing-3,0.13.4,,euclidean__mamut-montpellier-n870-k105-hyb__seed__seed8__t2088
euclidean,mamut-montpellier-n870-k105-hyb,870,105,main,seed,9,2088,2088.483,343918,3061353.2789999973,106,True,3071209.9399999995,-0.32094,0,,90.44287109375,90.36328125,turing-3,0.13.4,,euclidean__mamut-montpellier-n870-k105-hyb__seed__seed9__t2088
euclidean,mamut-montpellier-n870-k105-hyb,870,105,main,seed,10,2088,2088.344,312570,3063468.1449999977,106,True,3071209.9399999995,-0.25208,0,,90.1689453125,90.11767578125,turing-3,0.13.4,,euclidean__mamut-montpellier-n870-k105-hyb__seed__seed10__t2088
euclidean,mamut-san_francisco-n890-k83-par,890,83,polish,polish,1090,4272,4272.323,435132,2641932.012,84,True,2649356.484000001,-0.28024,1,replaced,6.34228515625,90.24072265625,turing-3,0.13.4,euclidean__mamut-san_francisco-n890-k83-par__seed__seed7__t2136,euclidean__mamut-san_francisco-n890-k83-par__polish__seed1090__t4272
euclidean,mamut-san_francisco-n890-k83-par,890,83,main,seed,1,2136,2136.432,220160,2648436.136999996,84,True,2649356.484000001,-0.03474,0,,90.146484375,90.08349609375,turing-3,0.13.4,,euclidean__mamut-san_francisco-n890-k83-par__seed__seed1__t2136
euclidean,mamut-san_francisco-n890-k83-par,890,83,main,seed,2,2136,2136.536,263672,2645306.61,84,True,2649356.484000001,-0.15286,0,,90.146484375,90.08349609375,turing-3,0.13.4,,euclidean__mamut-san_francisco-n890-k83-par__seed__seed2__t2136
euclidean,mamut-san_francisco-n890-k83-par,890,83,main,seed,3,2136,2136.529,213963,2645372.465999997,84,True,2649356.484000001,-0.15038,0,,90.146484375,90.1572265625,turing-3,0.13.4,,euclidean__mamut-san_francisco-n890-k83-par__seed__seed3__t2136
euclidean,mamut-san_francisco-n890-k83-par,890,83,main,seed,4,2136,2136.483,233332,2643645.5810000026,84,True,2649356.484000001,-0.21556,0,,90.13427734375,90.1572265625,turing-3,0.13.4,,euclidean__mamut-san_francisco-n890-k83-par__seed__seed4__t2136
euclidean,mamut-san_francisco-n890-k83-par,890,83,main,seed,5,2136,2136.655,275622,2645901.8570000012,84,True,2649356.484000001,-0.13039,0,,90.13427734375,90.1572265625,turing-3,0.13.4,,euclidean__mamut-san_francisco-n890-k83-par__seed__seed5__t2136
euclidean,mamut-san_francisco-n890-k83-par,890,83,main,seed,6,2136,2136.611,299692,2645265.8910000003,84,True,2649356.484000001,-0.1544,0,,90.13427734375,90.1572265625,turing-3,0.13.4,,euclidean__mamut-san_francisco-n890-k83-par__seed__seed6__t2136
euclidean,mamut-san_francisco-n890-k83-par,890,83,main,seed,7,2136,2136.417,264300,2643205.0240000016,84,True,2649356.484000001,-0.23219,0,,90.13427734375,90.1572265625,turing-3,0.13.4,,euclidean__mamut-san_francisco-n890-k83-par__seed__seed7__t2136
euclidean,mamut-san_francisco-n890-k83-par,890,83,main,seed,8,2136,2136.555,281493,2644959.317000001,84,True,2649356.484000001,-0.16597,0,,90.13427734375,90.1572265625,turing-3,0.13.4,,euclidean__mamut-san_francisco-n890-k83-par__seed__seed8__t2136
euclidean,mamut-san_francisco-n890-k83-par,890,83,main,seed,9,2136,2136.605,235110,2645678.7069999967,84,True,2649356.484000001,-0.13882,0,,90.13427734375,90.1572265625,turing-3,0.13.4,,euclidean__mamut-san_francisco-n890-k83-par__seed__seed9__t2136
euclidean,mamut-san_francisco-n890-k83-par,890,83,main,seed,10,2136,2136.53,223150,2647580.009999996,84,True,2649356.484000001,-0.06705,0,,90.146484375,90.08349609375,turing-3,0.13.4,,euclidean__mamut-san_francisco-n890-k83-par__seed__seed10__t2136
euclidean,mamut-johannesburg-n911-k83-par,911,83,polish,polish,1043,4372,4372.406,646260,6521832.472999999,83,True,6525863.114000007,-0.06176,1,replaced,6.34228515625,90.28857421875,turing-3,0.13.4,euclidean__mamut-johannesburg-n911-k83-par__seed__seed7__t2186,euclidean__mamut-johannesburg-n911-k83-par__polish__seed1043__t4372
euclidean,mamut-johannesburg-n911-k83-par,911,83,main,seed,1,2186,2186.586,378668,6523231.660000007,83,True,6525863.114000007,-0.04032,0,,90.197265625,90.4814453125,turing-3,0.13.4,,euclidean__mamut-johannesburg-n911-k83-par__seed__seed1__t2186
euclidean,mamut-johannesburg-n911-k83-par,911,83,main,seed,2,2186,2186.49,272382,6525326.181,83,True,6525863.114000007,-0.00823,0,,90.197265625,90.4814453125,turing-3,0.13.4,,euclidean__mamut-johannesburg-n911-k83-par__seed__seed2__t2186
euclidean,mamut-johannesburg-n911-k83-par,911,83,main,seed,3,2186,2186.453,341512,6524482.803000002,83,True,6525863.114000007,-0.02115,0,,90.197265625,90.4814453125,turing-3,0.13.4,,euclidean__mamut-johannesburg-n911-k83-par__seed__seed3__t2186
euclidean,mamut-johannesburg-n911-k83-par,911,83,main,seed,4,2186,2186.526,306042,6522165.393999995,83,True,6525863.114000007,-0.05666,0,,90.197265625,90.4814453125,turing-3,0.13.4,,euclidean__mamut-johannesburg-n911-k83-par__seed__seed4__t2186
euclidean,mamut-johannesburg-n911-k83-par,911,83,main,seed,5,2186,2186.537,297572,6522438.69,83,True,6525863.114000007,-0.05247,0,,90.197265625,90.4814453125,turing-3,0.13.4,,euclidean__mamut-johannesburg-n911-k83-par__seed__seed5__t2186
euclidean,mamut-johannesburg-n911-k83-par,911,83,main,seed,6,2186,2186.505,329944,6522424.174000001,83,True,6525863.114000007,-0.0527,0,,90.197265625,90.4814453125,turing-3,0.13.4,,euclidean__mamut-johannesburg-n911-k83-par__seed__seed6__t2186
euclidean,mamut-johannesburg-n911-k83-par,911,83,main,seed,7,2186,2186.52,346698,6522036.290999994,83,True,6525863.114000007,-0.05864,0,,90.197265625,90.4814453125,turing-3,0.13.4,,euclidean__mamut-johannesburg-n911-k83-par__seed__seed7__t2186
euclidean,mamut-johannesburg-n911-k83-par,911,83,main,seed,8,2186,2186.512,348836,6525468.454000001,83,True,6525863.114000007,-0.00605,0,,90.18115234375,90.44287109375,turing-3,0.13.4,,euclidean__mamut-johannesburg-n911-k83-par__seed__seed8__t2186
euclidean,mamut-johannesburg-n911-k83-par,911,83,main,seed,9,2186,2186.605,276428,6525925.643000001,83,True,6525863.114000007,0.00096,0,,90.3134765625,90.1572265625,turing-3,0.13.4,,euclidean__mamut-johannesburg-n911-k83-par__seed__seed9__t2186
euclidean,mamut-johannesburg-n911-k83-par,911,83,main,seed,10,2186,2186.653,232493,6525307.992000002,83,True,6525863.114000007,-0.00851,0,,90.197265625,90.4814453125,turing-3,0.13.4,,euclidean__mamut-johannesburg-n911-k83-par__seed__seed10__t2186
euclidean,mamut-zurich-n933-k20-poi,933,20,polish,polish,1109,4478,4478.215,2084786,579526.8060000007,20,True,587901.0619999993,-1.42443,1,replaced,6.34228515625,90.24169921875,turing-3,0.13.4,euclidean__mamut-zurich-n933-k20-poi__seed__seed3__t2239,euclidean__mamut-zurich-n933-k20-poi__polish__seed1109__t4478
euclidean,mamut-zurich-n933-k20-poi,933,20,main,seed,1,2239,2239.588,1085473,583285.0680000003,20,True,587901.0619999993,-0.78517,0,,90.1689453125,90.3134765625,turing-3,0.13.4,,euclidean__mamut-zurich-n933-k20-poi__seed__seed1__t2239
euclidean,mamut-zurich-n933-k20-poi,933,20,main,seed,2,2239,2239.424,1151543,579962.7989999994,20,True,587901.0619999993,-1.35027,0,,90.1689453125,90.3408203125,turing-3,0.13.4,,euclidean__mamut-zurich-n933-k20-poi__seed__seed2__t2239
euclidean,mamut-zurich-n933-k20-poi,933,20,main,seed,3,2239,2239.621,927113,579902.5959999999,20,True,587901.0619999993,-1.36051,0,,90.1689453125,90.3134765625,turing-3,0.13.4,,euclidean__mamut-zurich-n933-k20-poi__seed__seed3__t2239
euclidean,mamut-zurich-n933-k20-poi,933,20,main,seed,4,2239,2239.584,820110,585755.363000001,20,True,587901.0619999993,-0.36498,0,,90.1689453125,90.3134765625,turing-3,0.13.4,,euclidean__mamut-zurich-n933-k20-poi__seed__seed4__t2239
euclidean,mamut-zurich-n933-k20-poi,933,20,main,seed,5,2239,2239.663,1024511,584481.5550000002,20,True,587901.0619999993,-0.58165,0,,90.1689453125,90.3134765625,turing-3,0.13.4,,euclidean__mamut-zurich-n933-k20-poi__seed__seed5__t2239
euclidean,mamut-zurich-n933-k20-poi,933,20,main,seed,6,2239,2239.56,936196,583541.5869999997,20,True,587901.0619999993,-0.74153,0,,90.1689453125,90.3134765625,turing-3,0.13.4,,euclidean__mamut-zurich-n933-k20-poi__seed__seed6__t2239
euclidean,mamut-zurich-n933-k20-poi,933,20,main,seed,7,2239,2239.607,996425,582786.4530000001,20,True,587901.0619999993,-0.86998,0,,90.1689453125,90.3134765625,turing-3,0.13.4,,euclidean__mamut-zurich-n933-k20-poi__seed__seed7__t2239
euclidean,mamut-zurich-n933-k20-poi,933,20,main,seed,8,2239,2239.524,983941,584778.2629999999,20,True,587901.0619999993,-0.53118,0,,90.1689453125,90.3134765625,turing-3,0.13.4,,euclidean__mamut-zurich-n933-k20-poi__seed__seed8__t2239
euclidean,mamut-zurich-n933-k20-poi,933,20,main,seed,9,2239,2239.791,978861,584227.8670000007,20,True,587901.0619999993,-0.6248,0,,90.21484375,90.20751953125,turing-3,0.13.4,,euclidean__mamut-zurich-n933-k20-poi__seed__seed9__t2239
euclidean,mamut-zurich-n933-k20-poi,933,20,main,seed,10,2239,2239.523,934331,583020.5620000003,20,True,587901.0619999993,-0.83016,0,,90.1689453125,90.3134765625,turing-3,0.13.4,,euclidean__mamut-zurich-n933-k20-poi__seed__seed10__t2239
euclidean,mamut-hong_kong-n955-k207-par,955,207,polish,polish,1042,4584,4584.256,608605,3892352.53,207,True,3895159.446000001,-0.07206,1,replaced,6.34228515625,90.37548828125,turing-3,0.13.4,euclidean__mamut-hong_kong-n955-k207-par__seed__seed9__t2292,euclidean__mamut-hong_kong-n955-k207-par__polish__seed1042__t4584
euclidean,mamut-hong_kong-n955-k207-par,955,207,main,seed,1,2292,2292.435,255792,3895080.7779999995,207,True,3895159.446000001,-0.00202,0,,90.2578125,90.18896484375,turing-3,0.13.4,,euclidean__mamut-hong_kong-n955-k207-par__seed__seed1__t2292
euclidean,mamut-hong_kong-n955-k207-par,955,207,main,seed,2,2292,2292.463,322550,3894403.9430000014,207,True,3895159.446000001,-0.0194,0,,90.2578125,90.18896484375,turing-3,0.13.4,,euclidean__mamut-hong_kong-n955-k207-par__seed__seed2__t2292
euclidean,mamut-hong_kong-n955-k207-par,955,207,main,seed,3,2292,2292.465,256440,3894021.15,207,True,3895159.446000001,-0.02922,0,,90.23681640625,90.18896484375,turing-3,0.13.4,,euclidean__mamut-hong_kong-n955-k207-par__seed__seed3__t2292
euclidean,mamut-hong_kong-n955-k207-par,955,207,main,seed,4,2292,2292.429,308280,3893107.006000001,207,True,3895159.446000001,-0.05269,0,,90.23681640625,90.173828125,turing-3,0.13.4,,euclidean__mamut-hong_kong-n955-k207-par__seed__seed4__t2292
euclidean,mamut-hong_kong-n955-k207-par,955,207,main,seed,5,2292,2292.379,295791,3892827.7300000032,207,True,3895159.446000001,-0.05986,0,,90.23681640625,90.18896484375,turing-3,0.13.4,,euclidean__mamut-hong_kong-n955-k207-par__seed__seed5__t2292
euclidean,mamut-hong_kong-n955-k207-par,955,207,main,seed,6,2292,2292.441,268651,3893964.018000004,207,True,3895159.446000001,-0.03069,0,,90.2177734375,90.173828125,turing-3,0.13.4,,euclidean__mamut-hong_kong-n955-k207-par__seed__seed6__t2292
euclidean,mamut-hong_kong-n955-k207-par,955,207,main,seed,7,2292,2292.443,295461,3893902.578999998,207,True,3895159.446000001,-0.03227,0,,90.2177734375,90.15966796875,turing-3,0.13.4,,euclidean__mamut-hong_kong-n955-k207-par__seed__seed7__t2292
euclidean,mamut-hong_kong-n955-k207-par,955,207,main,seed,8,2292,2292.325,298821,3893970.5829999964,207,True,3895159.446000001,-0.03052,0,,90.2177734375,90.15966796875,turing-3,0.13.4,,euclidean__mamut-hong_kong-n955-k207-par__seed__seed8__t2292
euclidean,mamut-hong_kong-n955-k207-par,955,207,main,seed,9,2292,2292.463,261666,3892386.4780000015,207,True,3895159.446000001,-0.07119,0,,90.2177734375,90.15966796875,turing-3,0.13.4,,euclidean__mamut-hong_kong-n955-k207-par__seed__seed9__t2292
euclidean,mamut-hong_kong-n955-k207-par,955,207,main,seed,10,2292,2292.5,318506,3893929.293000002,207,True,3895159.446000001,-0.03158,0,,90.2578125,90.18896484375,turing-3,0.13.4,,euclidean__mamut-hong_kong-n955-k207-par__seed__seed10__t2292
euclidean,mamut-sofia-n977-k111-poi,977,111,polish,polish,1095,4688,4688.308,308490,5453006.270999995,112,True,5476169.478999991,-0.42298,1,replaced,13.04150390625,90.28564453125,turing-3,0.13.4,euclidean__mamut-sofia-n977-k111-poi__seed__seed1__t2344,euclidean__mamut-sofia-n977-k111-poi__polish__seed1095__t4688
euclidean,mamut-sofia-n977-k111-poi,977,111,main,seed,1,2344,2344.667,211207,5453743.851,112,True,5476169.478999991,-0.40951,0,,90.53271484375,90.46533203125,turing-3,0.13.4,,euclidean__mamut-sofia-n977-k111-poi__seed__seed1__t2344
euclidean,mamut-sofia-n977-k111-poi,977,111,main,seed,2,2344,2344.738,191645,5460941.971000002,112,True,5476169.478999991,-0.27807,0,,90.53271484375,90.46533203125,turing-3,0.13.4,,euclidean__mamut-sofia-n977-k111-poi__seed__seed2__t2344
euclidean,mamut-sofia-n977-k111-poi,977,111,main,seed,3,2344,2344.747,224230,5456671.030999996,112,True,5476169.478999991,-0.35606,0,,90.53271484375,90.46533203125,turing-3,0.13.4,,euclidean__mamut-sofia-n977-k111-poi__seed__seed3__t2344
euclidean,mamut-sofia-n977-k111-poi,977,111,main,seed,4,2344,2344.464,193768,5459767.067999998,112,True,5476169.478999991,-0.29952,0,,90.53271484375,90.46533203125,turing-3,0.13.4,,euclidean__mamut-sofia-n977-k111-poi__seed__seed4__t2344
euclidean,mamut-sofia-n977-k111-poi,977,111,main,seed,5,2344,2344.595,188323,5460210.632999998,112,True,5476169.478999991,-0.29142,0,,90.53271484375,90.46533203125,turing-3,0.13.4,,euclidean__mamut-sofia-n977-k111-poi__seed__seed5__t2344
euclidean,mamut-sofia-n977-k111-poi,977,111,main,seed,6,2344,2344.582,219605,5462417.582,112,True,5476169.478999991,-0.25112,0,,90.4501953125,90.39306640625,turing-3,0.13.4,,euclidean__mamut-sofia-n977-k111-poi__seed__seed6__t2344
euclidean,mamut-sofia-n977-k111-poi,977,111,main,seed,7,2344,2344.634,303861,5460588.315000001,112,True,5476169.478999991,-0.28453,0,,90.48974609375,90.427734375,turing-3,0.13.4,,euclidean__mamut-sofia-n977-k111-poi__seed__seed7__t2344
euclidean,mamut-sofia-n977-k111-poi,977,111,main,seed,8,2344,2344.398,401424,5458276.983999997,112,True,5476169.478999991,-0.32673,0,,90.48974609375,90.427734375,turing-3,0.13.4,,euclidean__mamut-sofia-n977-k111-poi__seed__seed8__t2344
euclidean,mamut-sofia-n977-k111-poi,977,111,main,seed,9,2344,2344.636,213746,5454933.405,112,True,5476169.478999991,-0.38779,0,,90.39306640625,90.123046875,turing-3,0.13.4,,euclidean__mamut-sofia-n977-k111-poi__seed__seed9__t2344
euclidean,mamut-sofia-n977-k111-poi,977,111,main,seed,10,2344,2344.641,219205,5457656.062999997,112,True,5476169.478999991,-0.33807,0,,90.53271484375,90.46533203125,turing-3,0.13.4,,euclidean__mamut-sofia-n977-k111-poi__seed__seed10__t2344
euclidean,mamut-lyon-n1000-k91-poi,1000,91,pilot,long,101,9600,9600.498,3019767,2153429.6889999965,91,True,2162182.347,-0.40481,0,,1.15380859375,12.1298828125,turing-3,0.13.4,,euclidean__mamut-lyon-n1000-k91-poi__long__seed101__t9600
euclidean,mamut-lyon-n1000-k91-poi,1000,91,polish,polish,1055,4800,4800.356,989419,2152508.5529999984,91,True,2162182.347,-0.44741,1,replaced,6.34228515625,90.18505859375,turing-3,0.13.4,euclidean__mamut-lyon-n1000-k91-poi__long__seed101__t9600,euclidean__mamut-lyon-n1000-k91-poi__polish__seed1055__t4800
euclidean,mamut-lyon-n1000-k91-poi,1000,91,pilot,seed,1,2400,2400.362,495238,2159539.7259999984,91,True,2162182.347,-0.12222,0,,1.15380859375,57.501953125,turing-3,0.13.4,,euclidean__mamut-lyon-n1000-k91-poi__seed__seed1__t2400
euclidean,mamut-lyon-n1000-k91-poi,1000,91,pilot,seed,2,2400,2400.662,572410,2156883.405,91,True,2162182.347,-0.24507,0,,8.2685546875,56.98095703125,turing-3,0.13.4,,euclidean__mamut-lyon-n1000-k91-poi__seed__seed2__t2400
euclidean,mamut-lyon-n1000-k91-poi,1000,91,pilot,seed,3,2400,2400.303,579768,2160585.3110000016,91,True,2162182.347,-0.07386,0,,1.15380859375,57.501953125,turing-3,0.13.4,,euclidean__mamut-lyon-n1000-k91-poi__seed__seed3__t2400
euclidean,mamut-lyon-n1000-k91-poi,1000,91,main,seed,4,2400,2400.826,444668,2158676.786,91,True,2162182.347,-0.16213,0,,90.53271484375,90.18408203125,turing-3,0.13.4,,euclidean__mamut-lyon-n1000-k91-poi__seed__seed4__t2400
euclidean,mamut-lyon-n1000-k91-poi,1000,91,main,seed,5,2400,2400.551,487712,2163579.362000002,91,True,2162182.347,0.06461,0,,90.53271484375,90.18408203125,turing-3,0.13.4,,euclidean__mamut-lyon-n1000-k91-poi__seed__seed5__t2400
euclidean,mamut-lyon-n1000-k91-poi,1000,91,main,seed,6,2400,2400.733,402022,2161484.5479999995,91,True,2162182.347,-0.03227,0,,90.53271484375,90.18408203125,turing-3,0.13.4,,euclidean__mamut-lyon-n1000-k91-poi__seed__seed6__t2400
euclidean,mamut-lyon-n1000-k91-poi,1000,91,main,seed,7,2400,2400.963,347042,2156943.5119999954,91,True,2162182.347,-0.24229,0,,90.53271484375,90.18408203125,turing-3,0.13.4,,euclidean__mamut-lyon-n1000-k91-poi__seed__seed7__t2400
euclidean,mamut-lyon-n1000-k91-poi,1000,91,main,seed,8,2400,2400.971,382438,2161867.615,92,True,2162182.347,-0.01456,0,,90.53271484375,90.18408203125,turing-3,0.13.4,,euclidean__mamut-lyon-n1000-k91-poi__seed__seed8__t2400
euclidean,mamut-lyon-n1000-k91-poi,1000,91,main,seed,9,2400,2400.918,401171,2159774.173999999,91,True,2162182.347,-0.11138,0,,90.53271484375,90.18408203125,turing-3,0.13.4,,euclidean__mamut-lyon-n1000-k91-poi__seed__seed9__t2400
euclidean,mamut-lyon-n1000-k91-poi,1000,91,main,seed,10,2400,2400.631,406707,2161557.8090000027,91,True,2162182.347,-0.02888,0,,90.57958984375,90.2001953125,turing-3,0.13.4,,euclidean__mamut-lyon-n1000-k91-poi__seed__seed10__t2400
euclidean,mamut-vienna-n1200-k130-poi,1200,130,polish,polish,1105,11520,11520.295,1148662,6590209.096000002,131,True,6617252.989999998,-0.40869,1,replaced,13.04150390625,29.95556640625,turing-3,0.13.4,euclidean__mamut-vienna-n1200-k130-poi__seed__seed8__t5760,euclidean__mamut-vienna-n1200-k130-poi__polish__seed1105__t11520
euclidean,mamut-vienna-n1200-k130-poi,1200,130,main,seed,1,5760,5761.029,462623,6596123.958999994,131,True,6617252.989999998,-0.3193,0,,90.451171875,90.21484375,turing-3,0.13.4,,euclidean__mamut-vienna-n1200-k130-poi__seed__seed1__t5760
euclidean,mamut-vienna-n1200-k130-poi,1200,130,main,seed,2,5760,5760.91,801180,6599397.319999988,131,True,6617252.989999998,-0.26984,0,,90.451171875,90.21484375,turing-3,0.13.4,,euclidean__mamut-vienna-n1200-k130-poi__seed__seed2__t5760
euclidean,mamut-vienna-n1200-k130-poi,1200,130,main,seed,3,5760,5760.932,439716,6603817.939999997,131,True,6617252.989999998,-0.20303,0,,90.451171875,90.21484375,turing-3,0.13.4,,euclidean__mamut-vienna-n1200-k130-poi__seed__seed3__t5760
euclidean,mamut-vienna-n1200-k130-poi,1200,130,main,seed,4,5760,5761.596,451241,6608811.713999999,131,True,6617252.989999998,-0.12756,0,,90.451171875,90.21484375,turing-3,0.13.4,,euclidean__mamut-vienna-n1200-k130-poi__seed__seed4__t5760
euclidean,mamut-vienna-n1200-k130-poi,1200,130,main,seed,5,5760,5761.279,806259,6593956.164000003,131,True,6617252.989999998,-0.35206,0,,90.451171875,90.21484375,turing-3,0.13.4,,euclidean__mamut-vienna-n1200-k130-poi__seed__seed5__t5760
euclidean,mamut-vienna-n1200-k130-poi,1200,130,main,seed,6,5760,5761.433,366458,6598618.64100001,131,True,6617252.989999998,-0.2816,0,,90.451171875,90.21484375,turing-3,0.13.4,,euclidean__mamut-vienna-n1200-k130-poi__seed__seed6__t5760
euclidean,mamut-vienna-n1200-k130-poi,1200,130,main,seed,7,5760,5761.003,807906,6599672.637999995,131,True,6617252.989999998,-0.26567,0,,90.451171875,90.21484375,turing-3,0.13.4,,euclidean__mamut-vienna-n1200-k130-poi__seed__seed7__t5760
euclidean,mamut-vienna-n1200-k130-poi,1200,130,main,seed,8,5760,5761.032,497750,6590761.419999994,131,True,6617252.989999998,-0.40034,0,,90.4150390625,90.197265625,turing-3,0.13.4,,euclidean__mamut-vienna-n1200-k130-poi__seed__seed8__t5760
euclidean,mamut-vienna-n1200-k130-poi,1200,130,main,seed,9,5760,5761.111,526566,6606911.117999988,131,True,6617252.989999998,-0.15629,0,,90.4150390625,90.21484375,turing-3,0.13.4,,euclidean__mamut-vienna-n1200-k130-poi__seed__seed9__t5760
euclidean,mamut-vienna-n1200-k130-poi,1200,130,main,seed,10,5760,5761.301,484336,6596811.577999999,131,True,6617252.989999998,-0.30891,0,,90.451171875,90.21484375,turing-3,0.13.4,,euclidean__mamut-vienna-n1200-k130-poi__seed__seed10__t5760
euclidean,mamut-auckland-n1500-k12-poi,1500,12,pilot,long,101,14400,14401.087,13253163,560928.8760000005,12,True,582858.6260000006,-3.76245,0,,8.2685546875,9.40869140625,turing-3,0.13.4,,euclidean__mamut-auckland-n1500-k12-poi__long__seed101__t14400
euclidean,mamut-auckland-n1500-k12-poi,1500,12,polish,polish,1009,14400,14400.36,9785799,559215.5820000002,12,True,582858.6260000006,-4.05639,1,replaced,6.34228515625,27.2412109375,turing-3,0.13.4,euclidean__mamut-auckland-n1500-k12-poi__seed__seed1__t7200,euclidean__mamut-auckland-n1500-k12-poi__polish__seed1009__t14400
euclidean,mamut-auckland-n1500-k12-poi,1500,12,pilot,seed,1,3600,3600.785,2356935,561264.4700000003,12,True,582858.6260000006,-3.70487,0,,1.15380859375,45.28466796875,turing-3,0.13.4,,euclidean__mamut-auckland-n1500-k12-poi__seed__seed1__t3600
euclidean,mamut-auckland-n1500-k12-poi,1500,12,main,seed,1,7200,7204.531,2835224,559555.3350000004,12,True,582858.6260000006,-3.9981,0,,90.6318359375,90.32568359375,turing-3,0.13.4,,euclidean__mamut-auckland-n1500-k12-poi__seed__seed1__t7200
euclidean,mamut-auckland-n1500-k12-poi,1500,12,pilot,seed,2,3600,3600.763,2431162,563903.3029999988,12,True,582858.6260000006,-3.25213,0,,1.15380859375,45.28466796875,turing-3,0.13.4,,euclidean__mamut-auckland-n1500-k12-poi__seed__seed2__t3600
euclidean,mamut-auckland-n1500-k12-poi,1500,12,main,seed,2,7200,7205.064,2873000,562866.8670000004,12,True,582858.6260000006,-3.42995,0,,90.6318359375,90.3798828125,turing-3,0.13.4,,euclidean__mamut-auckland-n1500-k12-poi__seed__seed2__t7200
euclidean,mamut-auckland-n1500-k12-poi,1500,12,pilot,seed,3,3600,3600.549,2198153,561377.9800000004,12,True,582858.6260000006,-3.6854,0,,1.15380859375,45.28466796875,turing-3,0.13.4,,euclidean__mamut-auckland-n1500-k12-poi__seed__seed3__t3600
euclidean,mamut-auckland-n1500-k12-poi,1500,12,main,seed,3,7200,7204.687,2756292,561254.0369999998,12,True,582858.6260000006,-3.70666,0,,90.6318359375,90.3798828125,turing-3,0.13.4,,euclidean__mamut-auckland-n1500-k12-poi__seed__seed3__t7200
euclidean,mamut-auckland-n1500-k12-poi,1500,12,main,seed,4,7200,7205.163,2891265,560449.8749999992,12,True,582858.6260000006,-3.84463,0,,90.6318359375,90.3798828125,turing-3,0.13.4,,euclidean__mamut-auckland-n1500-k12-poi__seed__seed4__t7200
euclidean,mamut-auckland-n1500-k12-poi,1500,12,main,seed,5,7200,7204.122,2645905,560040.3089999998,12,True,582858.6260000006,-3.9149,0,,90.6318359375,90.32568359375,turing-3,0.13.4,,euclidean__mamut-auckland-n1500-k12-poi__seed__seed5__t7200
euclidean,mamut-auckland-n1500-k12-poi,1500,12,main,seed,6,7200,7203.721,2963244,570868.7210000004,12,True,582858.6260000006,-2.05709,0,,90.6318359375,90.3798828125,turing-3,0.13.4,,euclidean__mamut-auckland-n1500-k12-poi__seed__seed6__t7200
euclidean,mamut-auckland-n1500-k12-poi,1500,12,main,seed,7,7200,7202.399,2677780,564864.5410000006,12,True,582858.6260000006,-3.08721,0,,90.6318359375,90.3798828125,turing-3,0.13.4,,euclidean__mamut-auckland-n1500-k12-poi__seed__seed7__t7200
euclidean,mamut-auckland-n1500-k12-poi,1500,12,main,seed,8,7200,7203.287,2940638,564351.241000001,12,True,582858.6260000006,-3.17528,0,,90.6318359375,90.3798828125,turing-3,0.13.4,,euclidean__mamut-auckland-n1500-k12-poi__seed__seed8__t7200
euclidean,mamut-auckland-n1500-k12-poi,1500,12,main,seed,9,7200,7203.608,2902975,561699.4170000014,12,True,582858.6260000006,-3.63025,0,,90.6318359375,90.3798828125,turing-3,0.13.4,,euclidean__mamut-auckland-n1500-k12-poi__seed__seed9__t7200
euclidean,mamut-auckland-n1500-k12-poi,1500,12,main,seed,10,7200,7202.343,2791260,562315.1470000002,12,True,582858.6260000006,-3.52461,0,,90.6318359375,90.32568359375,turing-3,0.13.4,,euclidean__mamut-auckland-n1500-k12-poi__seed__seed10__t7200
euclidean,mamut-dakar-n1500-k364-poi,1500,364,polish,polish,1035,14400,14400.529,2867879,3944590.597999999,365,True,3950454.168000006,-0.14843,1,replaced,13.04150390625,26.041015625,turing-3,0.13.4,euclidean__mamut-dakar-n1500-k364-poi__seed__seed3__t7200,euclidean__mamut-dakar-n1500-k364-poi__polish__seed1035__t14400
euclidean,mamut-dakar-n1500-k364-poi,1500,364,main,seed,1,7200,7202.633,731253,3946590.968000004,366,True,3950454.168000006,-0.09779,0,,90.6318359375,90.3798828125,turing-3,0.13.4,,euclidean__mamut-dakar-n1500-k364-poi__seed__seed1__t7200
euclidean,mamut-dakar-n1500-k364-poi,1500,364,main,seed,2,7200,7202.584,791349,3946162.953999997,366,True,3950454.168000006,-0.10863,0,,90.6318359375,90.3798828125,turing-3,0.13.4,,euclidean__mamut-dakar-n1500-k364-poi__seed__seed2__t7200
euclidean,mamut-dakar-n1500-k364-poi,1500,364,main,seed,3,7200,7202.785,797970,3944805.045999995,365,True,3950454.168000006,-0.143,0,,90.6318359375,90.3798828125,turing-3,0.13.4,,euclidean__mamut-dakar-n1500-k364-poi__seed__seed3__t7200
euclidean,mamut-dakar-n1500-k364-poi,1500,364,main,seed,4,7200,7202.595,790988,3948489.4189999946,366,True,3950454.168000006,-0.04973,0,,90.6318359375,90.3798828125,turing-3,0.13.4,,euclidean__mamut-dakar-n1500-k364-poi__seed__seed4__t7200
euclidean,mamut-dakar-n1500-k364-poi,1500,364,main,seed,5,7200,7202.236,854883,3946905.708999995,365,True,3950454.168000006,-0.08982,0,,90.6318359375,90.3798828125,turing-3,0.13.4,,euclidean__mamut-dakar-n1500-k364-poi__seed__seed5__t7200
euclidean,mamut-dakar-n1500-k364-poi,1500,364,main,seed,6,7200,7201.582,790296,3946909.8689999944,366,True,3950454.168000006,-0.08972,0,,90.6318359375,90.3798828125,turing-3,0.13.4,,euclidean__mamut-dakar-n1500-k364-poi__seed__seed6__t7200
euclidean,mamut-dakar-n1500-k364-poi,1500,364,main,seed,7,7200,7201.659,758223,3948286.0589999966,366,True,3950454.168000006,-0.05488,0,,90.6318359375,90.3798828125,turing-3,0.13.4,,euclidean__mamut-dakar-n1500-k364-poi__seed__seed7__t7200
euclidean,mamut-dakar-n1500-k364-poi,1500,364,main,seed,8,7200,7202.834,785965,3946851.6650000066,365,True,3950454.168000006,-0.09119,0,,90.6318359375,90.3798828125,turing-3,0.13.4,,euclidean__mamut-dakar-n1500-k364-poi__seed__seed8__t7200
euclidean,mamut-dakar-n1500-k364-poi,1500,364,main,seed,9,7200,7201.666,779154,3947994.291000007,366,True,3950454.168000006,-0.06227,0,,90.6318359375,90.3798828125,turing-3,0.13.4,,euclidean__mamut-dakar-n1500-k364-poi__seed__seed9__t7200
euclidean,mamut-dakar-n1500-k364-poi,1500,364,main,seed,10,7200,7202.764,747257,3947154.617000001,366,True,3950454.168000006,-0.08352,0,,90.6318359375,90.3798828125,turing-3,0.13.4,,euclidean__mamut-dakar-n1500-k364-poi__seed__seed10__t7200
euclidean,mamut-paris-n1500-k107-poi,1500,107,polish,polish,1075,14400,14400.512,4583670,937057.7359999992,107,True,945524.0369999995,-0.89541,1,replaced,13.04150390625,26.7412109375,turing-3,0.13.4,euclidean__mamut-paris-n1500-k107-poi__seed__seed8__t7200,euclidean__mamut-paris-n1500-k107-poi__polish__seed1075__t14400
euclidean,mamut-paris-n1500-k107-poi,1500,107,main,seed,1,7200,7203.707,1285285,939643.4859999991,107,True,945524.0369999995,-0.62194,0,,90.6318359375,90.3798828125,turing-3,0.13.4,,euclidean__mamut-paris-n1500-k107-poi__seed__seed1__t7200
euclidean,mamut-paris-n1500-k107-poi,1500,107,main,seed,2,7200,7203.744,1293980,938926.2579999988,107,True,945524.0369999995,-0.69779,0,,90.6318359375,90.3798828125,turing-3,0.13.4,,euclidean__mamut-paris-n1500-k107-poi__seed__seed2__t7200
euclidean,mamut-paris-n1500-k107-poi,1500,107,main,seed,3,7200,7201.943,1355419,939430.9369999993,107,True,945524.0369999995,-0.64442,0,,90.6318359375,90.3798828125,turing-3,0.13.4,,euclidean__mamut-paris-n1500-k107-poi__seed__seed3__t7200
euclidean,mamut-paris-n1500-k107-poi,1500,107,main,seed,4,7200,7201.482,1328135,939223.9239999998,107,True,945524.0369999995,-0.66631,0,,90.6318359375,90.3798828125,turing-3,0.13.4,,euclidean__mamut-paris-n1500-k107-poi__seed__seed4__t7200
euclidean,mamut-paris-n1500-k107-poi,1500,107,main,seed,5,7200,7201.819,1322841,938526.7139999978,107,True,945524.0369999995,-0.74005,0,,90.6318359375,90.3798828125,turing-3,0.13.4,,euclidean__mamut-paris-n1500-k107-poi__seed__seed5__t7200
euclidean,mamut-paris-n1500-k107-poi,1500,107,main,seed,6,7200,7201.97,1217410,940726.5279999995,107,True,945524.0369999995,-0.50739,0,,90.6318359375,90.3798828125,turing-3,0.13.4,,euclidean__mamut-paris-n1500-k107-poi__seed__seed6__t7200
euclidean,mamut-paris-n1500-k107-poi,1500,107,main,seed,7,7200,7201.604,1226822,942245.336999998,107,True,945524.0369999995,-0.34676,0,,90.6318359375,90.3798828125,turing-3,0.13.4,,euclidean__mamut-paris-n1500-k107-poi__seed__seed7__t7200
euclidean,mamut-paris-n1500-k107-poi,1500,107,main,seed,8,7200,7200.931,1243653,937470.6329999997,107,True,945524.0369999995,-0.85174,0,,90.66162109375,90.3798828125,turing-3,0.13.4,,euclidean__mamut-paris-n1500-k107-poi__seed__seed8__t7200
euclidean,mamut-paris-n1500-k107-poi,1500,107,main,seed,9,7200,7201.21,1219240,940696.5459999996,107,True,945524.0369999995,-0.51056,0,,90.66162109375,90.3798828125,turing-3,0.13.4,,euclidean__mamut-paris-n1500-k107-poi__seed__seed9__t7200
euclidean,mamut-paris-n1500-k107-poi,1500,107,main,seed,10,7200,7203.643,1286758,943049.2549999993,107,True,945524.0369999995,-0.26174,0,,90.6318359375,90.3798828125,turing-3,0.13.4,,euclidean__mamut-paris-n1500-k107-poi__seed__seed10__t7200
euclidean,mamut-sofia-n1500-k114-poi,1500,114,polish,polish,1094,14400,14400.476,4275258,1389893.821,115,True,1392469.175000003,-0.18495,1,replaced,13.04150390625,26.7412109375,turing-3,0.13.4,euclidean__mamut-sofia-n1500-k114-poi__seed__seed4__t7200,euclidean__mamut-sofia-n1500-k114-poi__polish__seed1094__t14400
euclidean,mamut-sofia-n1500-k114-poi,1500,114,main,seed,1,7200,7203.091,1443870,1390397.3350000016,115,True,1392469.175000003,-0.14879,0,,90.3798828125,90.451171875,turing-3,0.13.4,,euclidean__mamut-sofia-n1500-k114-poi__seed__seed1__t7200
euclidean,mamut-sofia-n1500-k114-poi,1500,114,main,seed,2,7200,7201.749,1221978,1392354.1039999968,115,True,1392469.175000003,-0.00826,0,,90.3798828125,90.451171875,turing-3,0.13.4,,euclidean__mamut-sofia-n1500-k114-poi__seed__seed2__t7200
euclidean,mamut-sofia-n1500-k114-poi,1500,114,main,seed,3,7200,7202.148,1350786,1392654.4299999995,115,True,1392469.175000003,0.0133,0,,90.3798828125,90.451171875,turing-3,0.13.4,,euclidean__mamut-sofia-n1500-k114-poi__seed__seed3__t7200
euclidean,mamut-sofia-n1500-k114-poi,1500,114,main,seed,4,7200,7202.05,1134075,1390192.232999999,115,True,1392469.175000003,-0.16352,0,,90.3798828125,90.451171875,turing-3,0.13.4,,euclidean__mamut-sofia-n1500-k114-poi__seed__seed4__t7200
euclidean,mamut-sofia-n1500-k114-poi,1500,114,main,seed,5,7200,7202.267,1299217,1391555.4169999969,115,True,1392469.175000003,-0.06562,0,,90.3798828125,90.451171875,turing-3,0.13.4,,euclidean__mamut-sofia-n1500-k114-poi__seed__seed5__t7200
euclidean,mamut-sofia-n1500-k114-poi,1500,114,main,seed,6,7200,7202.069,1200692,1391236.1790000002,115,True,1392469.175000003,-0.08855,0,,90.3798828125,90.451171875,turing-3,0.13.4,,euclidean__mamut-sofia-n1500-k114-poi__seed__seed6__t7200
euclidean,mamut-sofia-n1500-k114-poi,1500,114,main,seed,7,7200,7201.702,1327314,1392728.7500000033,115,True,1392469.175000003,0.01864,0,,90.3798828125,90.451171875,turing-3,0.13.4,,euclidean__mamut-sofia-n1500-k114-poi__seed__seed7__t7200
euclidean,mamut-sofia-n1500-k114-poi,1500,114,main,seed,8,7200,7201.708,1203299,1391239.9110000008,115,True,1392469.175000003,-0.08828,0,,90.3798828125,90.451171875,turing-3,0.13.4,,euclidean__mamut-sofia-n1500-k114-poi__seed__seed8__t7200
euclidean,mamut-sofia-n1500-k114-poi,1500,114,main,seed,9,7200,7201.885,1258045,1391022.5430000003,115,True,1392469.175000003,-0.10389,0,,90.3798828125,90.451171875,turing-3,0.13.4,,euclidean__mamut-sofia-n1500-k114-poi__seed__seed9__t7200
euclidean,mamut-sofia-n1500-k114-poi,1500,114,main,seed,10,7200,7201.666,1271868,1390587.0580000035,115,True,1392469.175000003,-0.13516,0,,90.32568359375,90.49072265625,turing-3,0.13.4,,euclidean__mamut-sofia-n1500-k114-poi__seed__seed10__t7200
euclidean,mamut-prague-n2000-k13-poi,2000,13,polish,polish,1079,19200,19200.808,9884900,1309917.6590000007,13,True,1331095.2,-1.59099,1,replaced,6.34228515625,15.1767578125,turing-3,0.13.4,euclidean__mamut-prague-n2000-k13-poi__seed__seed1__t9600,euclidean__mamut-prague-n2000-k13-poi__polish__seed1079__t19200
euclidean,mamut-prague-n2000-k13-poi,2000,13,main,seed,1,9600,9608.044,2627090,1311453.0849999995,13,True,1331095.2,-1.47564,0,,90.30322265625,90.224609375,turing-3,0.13.4,,euclidean__mamut-prague-n2000-k13-poi__seed__seed1__t9600
euclidean,mamut-prague-n2000-k13-poi,2000,13,main,seed,2,9600,9603.552,2483912,1317235.0830000017,13,True,1331095.2,-1.04126,0,,90.30322265625,90.24462890625,turing-3,0.13.4,,euclidean__mamut-prague-n2000-k13-poi__seed__seed2__t9600
euclidean,mamut-prague-n2000-k13-poi,2000,13,main,seed,3,9600,9607.022,2373778,1315183.0990000016,13,True,1331095.2,-1.19541,0,,90.599609375,90.224609375,turing-3,0.13.4,,euclidean__mamut-prague-n2000-k13-poi__seed__seed3__t9600
euclidean,mamut-prague-n2000-k13-poi,2000,13,main,seed,4,9600,9607.32,2357283,1325878.9580000006,13,True,1331095.2,-0.39188,0,,90.599609375,90.224609375,turing-3,0.13.4,,euclidean__mamut-prague-n2000-k13-poi__seed__seed4__t9600
euclidean,mamut-prague-n2000-k13-poi,2000,13,main,seed,5,9600,9606.241,2495929,1316752.5649999978,13,True,1331095.2,-1.07751,0,,90.599609375,90.224609375,turing-3,0.13.4,,euclidean__mamut-prague-n2000-k13-poi__seed__seed5__t9600
euclidean,mamut-prague-n2000-k13-poi,2000,13,main,seed,6,9600,9605.378,2604413,1332652.9609999976,13,True,1331095.2,0.11703,0,,90.599609375,90.224609375,turing-3,0.13.4,,euclidean__mamut-prague-n2000-k13-poi__seed__seed6__t9600
euclidean,mamut-prague-n2000-k13-poi,2000,13,main,seed,7,9600,9606.844,2189827,1317005.3279999995,13,True,1331095.2,-1.05852,0,,90.599609375,90.224609375,turing-3,0.13.4,,euclidean__mamut-prague-n2000-k13-poi__seed__seed7__t9600
euclidean,mamut-prague-n2000-k13-poi,2000,13,main,seed,8,9600,9605.616,2490747,1333564.3160000027,13,True,1331095.2,0.1855,0,,90.599609375,90.224609375,turing-3,0.13.4,,euclidean__mamut-prague-n2000-k13-poi__seed__seed8__t9600
euclidean,mamut-prague-n2000-k13-poi,2000,13,main,seed,9,9600,9605.322,2585808,1326383.430999998,13,True,1331095.2,-0.35398,0,,90.599609375,90.224609375,turing-3,0.13.4,,euclidean__mamut-prague-n2000-k13-poi__seed__seed9__t9600
euclidean,mamut-prague-n2000-k13-poi,2000,13,main,seed,10,9600,9605.05,2182610,1327704.9200000016,13,True,1331095.2,-0.2547,0,,90.30322265625,90.224609375,turing-3,0.13.4,,euclidean__mamut-prague-n2000-k13-poi__seed__seed10__t9600
euclidean,mamut-manila-n2500-k54-poi,2500,54,pilot,long,101,24000,24002.52,14564419,1531078.819000001,54,True,1537772.239000001,-0.43527,0,,8.2685546875,5.90673828125,turing-3,0.13.4,,euclidean__mamut-manila-n2500-k54-poi__long__seed101__t24000
euclidean,mamut-manila-n2500-k54-poi,2500,54,polish,polish,1058,24000,24001.449,12900089,1527693.3640000005,54,True,1537772.239000001,-0.65542,1,replaced,6.34228515625,12.0732421875,turing-3,0.13.4,euclidean__mamut-manila-n2500-k54-poi__seed__seed7__t12000,euclidean__mamut-manila-n2500-k54-poi__polish__seed1058__t24000
euclidean,mamut-manila-n2500-k54-poi,2500,54,main,seed,1,12000,12004.703,2836344,1533852.7400000007,54,True,1537772.239000001,-0.25488,0,,90.30224609375,90.44140625,turing-3,0.13.4,,euclidean__mamut-manila-n2500-k54-poi__seed__seed1__t12000
euclidean,mamut-manila-n2500-k54-poi,2500,54,pilot,seed,1,6000,6002.158,2503588,1534773.1250000014,54,True,1537772.239000001,-0.19503,0,,1.15380859375,33.25439453125,turing-3,0.13.4,,euclidean__mamut-manila-n2500-k54-poi__seed__seed1__t6000
euclidean,mamut-manila-n2500-k54-poi,2500,54,main,seed,2,12000,12004.699,2529149,1542338.065000001,54,True,1537772.239000001,0.29691,0,,90.30224609375,90.44140625,turing-3,0.13.4,,euclidean__mamut-manila-n2500-k54-poi__seed__seed2__t12000
euclidean,mamut-manila-n2500-k54-poi,2500,54,pilot,seed,2,6000,6002.709,2574264,1542338.065000001,54,True,1537772.239000001,0.29691,0,,8.2685546875,32.052734375,turing-3,0.13.4,,euclidean__mamut-manila-n2500-k54-poi__seed__seed2__t6000
euclidean,mamut-manila-n2500-k54-poi,2500,54,main,seed,3,12000,12004.894,2699613,1534815.2050000005,54,True,1537772.239000001,-0.19229,0,,90.30224609375,90.44140625,turing-3,0.13.4,,euclidean__mamut-manila-n2500-k54-poi__seed__seed3__t12000
euclidean,mamut-manila-n2500-k54-poi,2500,54,pilot,seed,3,6000,6002.743,2578555,1534815.2050000005,54,True,1537772.239000001,-0.19229,0,,1.15380859375,33.07373046875,turing-3,0.13.4,,euclidean__mamut-manila-n2500-k54-poi__seed__seed3__t6000
euclidean,mamut-manila-n2500-k54-poi,2500,54,main,seed,4,12000,12004.422,2494879,1532278.3850000016,54,True,1537772.239000001,-0.35726,0,,90.30224609375,90.44140625,turing-3,0.13.4,,euclidean__mamut-manila-n2500-k54-poi__seed__seed4__t12000
euclidean,mamut-manila-n2500-k54-poi,2500,54,main,seed,5,12000,12004.619,2840577,1534119.1350000035,54,True,1537772.239000001,-0.23756,0,,90.3583984375,90.44140625,turing-3,0.13.4,,euclidean__mamut-manila-n2500-k54-poi__seed__seed5__t12000
euclidean,mamut-manila-n2500-k54-poi,2500,54,main,seed,6,12000,12003.896,2718134,1539659.049000003,54,True,1537772.239000001,0.1227,0,,90.3583984375,90.44140625,turing-3,0.13.4,,euclidean__mamut-manila-n2500-k54-poi__seed__seed6__t12000
euclidean,mamut-manila-n2500-k54-poi,2500,54,main,seed,7,12000,12004.543,2326153,1530271.9509999992,54,True,1537772.239000001,-0.48774,0,,90.3583984375,90.40576171875,turing-3,0.13.4,,euclidean__mamut-manila-n2500-k54-poi__seed__seed7__t12000
euclidean,mamut-manila-n2500-k54-poi,2500,54,main,seed,8,12000,12006.378,2543740,1537451.9370000015,54,True,1537772.239000001,-0.02083,0,,90.32958984375,90.45361328125,turing-3,0.13.4,,euclidean__mamut-manila-n2500-k54-poi__seed__seed8__t12000
euclidean,mamut-manila-n2500-k54-poi,2500,54,main,seed,9,12000,12004.999,2576020,1533888.8060000024,54,True,1537772.239000001,-0.25254,0,,90.32958984375,90.45361328125,turing-3,0.13.4,,euclidean__mamut-manila-n2500-k54-poi__seed__seed9__t12000
euclidean,mamut-manila-n2500-k54-poi,2500,54,main,seed,10,12000,12004.659,2311241,1535789.3889999972,54,True,1537772.239000001,-0.12894,0,,90.30224609375,90.44140625,turing-3,0.13.4,,euclidean__mamut-manila-n2500-k54-poi__seed__seed10__t12000
euclidean,mamut-bogota-n4000-k508-poi,4000,508,pilot,long,101,28800,28806.317,1805843,95397086.30299997,509,True,96358988.76799998,-0.99825,0,,8.2685546875,2.73046875,turing-3,0.13.4,,euclidean__mamut-bogota-n4000-k508-poi__long__seed101__t28800
euclidean,mamut-bogota-n4000-k508-poi,4000,508,polish,polish,1019,28800,28803.758,1599720,95389545.61599974,509,True,96358988.76799998,-1.00607,1,replaced,6.34228515625,8.59375,turing-3,0.13.4,euclidean__mamut-bogota-n4000-k508-poi__long__seed101__t28800,euclidean__mamut-bogota-n4000-k508-poi__polish__seed1019__t28800
euclidean,mamut-bogota-n4000-k508-poi,4000,508,main,seed,1,14400,14430.57,232081,95671650.06400026,510,True,96358988.76799998,-0.71331,0,,15.0380859375,90.30322265625,turing-3,0.13.4,,euclidean__mamut-bogota-n4000-k508-poi__seed__seed1__t14400
euclidean,mamut-bogota-n4000-k508-poi,4000,508,pilot,seed,1,7200,7206.264,238123,95668506.20600042,510,True,96358988.76799998,-0.71657,0,,8.2685546875,20.353515625,turing-3,0.13.4,,euclidean__mamut-bogota-n4000-k508-poi__seed__seed1__t7200
euclidean,mamut-bogota-n4000-k508-poi,4000,508,main,seed,2,14400,14422.558,258748,95682409.84399992,510,True,96358988.76799998,-0.70214,0,,15.0380859375,90.30322265625,turing-3,0.13.4,,euclidean__mamut-bogota-n4000-k508-poi__seed__seed2__t14400
euclidean,mamut-bogota-n4000-k508-poi,4000,508,pilot,seed,2,7200,7206.427,287827,95663761.54400009,510,True,96358988.76799998,-0.7215,0,,8.2685546875,20.353515625,turing-3,0.13.4,,euclidean__mamut-bogota-n4000-k508-poi__seed__seed2__t7200
euclidean,mamut-bogota-n4000-k508-poi,4000,508,main,seed,3,14400,14418.975,248367,95600938.63500002,509,True,96358988.76799998,-0.78669,0,,15.0380859375,90.30322265625,turing-3,0.13.4,,euclidean__mamut-bogota-n4000-k508-poi__seed__seed3__t14400
euclidean,mamut-bogota-n4000-k508-poi,4000,508,pilot,seed,3,7200,7206.339,269661,95579230.49199975,509,True,96358988.76799998,-0.80922,0,,8.2685546875,20.353515625,turing-3,0.13.4,,euclidean__mamut-bogota-n4000-k508-poi__seed__seed3__t7200
euclidean,mamut-bogota-n4000-k508-poi,4000,508,main,seed,4,14400,14420.804,232085,95614786.3309997,509,True,96358988.76799998,-0.77232,0,,21.041015625,90.30322265625,turing-3,0.13.4,,euclidean__mamut-bogota-n4000-k508-poi__seed__seed4__t14400
euclidean,mamut-bogota-n4000-k508-poi,4000,508,main,seed,5,14400,14420.906,150736,95748944.10899982,509,True,96358988.76799998,-0.6331,0,,15.0380859375,90.30322265625,turing-3,0.13.4,,euclidean__mamut-bogota-n4000-k508-poi__seed__seed5__t14400
euclidean,mamut-bogota-n4000-k508-poi,4000,508,main,seed,6,14400,14435.118,91384,96056655.68900011,510,True,96358988.76799998,-0.31376,0,,15.0380859375,90.30322265625,turing-3,0.13.4,,euclidean__mamut-bogota-n4000-k508-poi__seed__seed6__t14400
euclidean,mamut-bogota-n4000-k508-poi,4000,508,main,seed,7,14400,14435.38,221969,95684898.3579999,510,True,96358988.76799998,-0.69956,0,,15.0380859375,90.30322265625,turing-3,0.13.4,,euclidean__mamut-bogota-n4000-k508-poi__seed__seed7__t14400
euclidean,mamut-bogota-n4000-k508-poi,4000,508,main,seed,8,14400,14438.405,250246,95644176.81899977,509,True,96358988.76799998,-0.74182,0,,1.2294921875,90.330078125,turing-3,0.13.4,,euclidean__mamut-bogota-n4000-k508-poi__seed__seed8__t14400
euclidean,mamut-bogota-n4000-k508-poi,4000,508,main,seed,9,14400,14424.555,276068,95678073.1149998,510,True,96358988.76799998,-0.70664,0,,15.0380859375,90.30322265625,turing-3,0.13.4,,euclidean__mamut-bogota-n4000-k508-poi__seed__seed9__t14400
euclidean,mamut-bogota-n4000-k508-poi,4000,508,main,seed,10,14400,14424.512,247902,95626034.41599984,509,True,96358988.76799998,-0.76065,0,,15.0380859375,90.330078125,turing-3,0.13.4,,euclidean__mamut-bogota-n4000-k508-poi__seed__seed10__t14400
euclidean,mamut-montreal-n4000-k378-poi,4000,378,polish,polish,1064,28800,28803.788,5997093,17041992.891000014,380,True,17223484.019999992,-1.05374,1,replaced,13.04150390625,8.0654296875,turing-3,0.13.4,euclidean__mamut-montreal-n4000-k378-poi__seed__seed4__t14400,euclidean__mamut-montreal-n4000-k378-poi__polish__seed1064__t28800
euclidean,mamut-montreal-n4000-k378-poi,4000,378,main,seed,1,14400,14424.389,1155186,17082344.23899998,380,True,17223484.019999992,-0.81946,0,,15.0380859375,90.30322265625,turing-3,0.13.4,,euclidean__mamut-montreal-n4000-k378-poi__seed__seed1__t14400
euclidean,mamut-montreal-n4000-k378-poi,4000,378,main,seed,2,14400,14415.687,1011287,17101880.294999924,381,True,17223484.019999992,-0.70603,0,,15.0380859375,90.599609375,turing-3,0.13.4,,euclidean__mamut-montreal-n4000-k378-poi__seed__seed2__t14400
euclidean,mamut-montreal-n4000-k378-poi,4000,378,main,seed,3,14400,14423.51,1208884,17090640.423999965,380,True,17223484.019999992,-0.77129,0,,8.33837890625,90.30322265625,turing-3,0.13.4,,euclidean__mamut-montreal-n4000-k378-poi__seed__seed3__t14400
euclidean,mamut-montreal-n4000-k378-poi,4000,378,main,seed,4,14400,14425.61,1042155,17053378.98600001,380,True,17223484.019999992,-0.98763,0,,15.0380859375,90.330078125,turing-3,0.13.4,,euclidean__mamut-montreal-n4000-k378-poi__seed__seed4__t14400
euclidean,mamut-montreal-n4000-k378-poi,4000,378,main,seed,5,14400,14443.408,1069314,17076831.92400001,379,True,17223484.019999992,-0.85147,0,,8.33837890625,90.30322265625,turing-3,0.13.4,,euclidean__mamut-montreal-n4000-k378-poi__seed__seed5__t14400
euclidean,mamut-montreal-n4000-k378-poi,4000,378,main,seed,6,14400,14416.82,1034634,17116719.644000027,380,True,17223484.019999992,-0.61988,0,,15.0380859375,90.30322265625,turing-3,0.13.4,,euclidean__mamut-montreal-n4000-k378-poi__seed__seed6__t14400
euclidean,mamut-montreal-n4000-k378-poi,4000,378,main,seed,7,14400,14424.865,1044826,17060154.129999936,380,True,17223484.019999992,-0.9483,0,,8.33837890625,90.330078125,turing-3,0.13.4,,euclidean__mamut-montreal-n4000-k378-poi__seed__seed7__t14400
euclidean,mamut-montreal-n4000-k378-poi,4000,378,main,seed,8,14400,14411.538,1149124,17110991.669999972,381,True,17223484.019999992,-0.65313,0,,21.041015625,90.599609375,turing-3,0.13.4,,euclidean__mamut-montreal-n4000-k378-poi__seed__seed8__t14400
euclidean,mamut-montreal-n4000-k378-poi,4000,378,main,seed,9,14400,14424.203,1001082,17074698.989999972,379,True,17223484.019999992,-0.86385,0,,15.0380859375,90.30322265625,turing-3,0.13.4,,euclidean__mamut-montreal-n4000-k378-poi__seed__seed9__t14400
euclidean,mamut-montreal-n4000-k378-poi,4000,378,main,seed,10,14400,14435.822,1020119,17094106.30799995,380,True,17223484.019999992,-0.75117,0,,8.33837890625,90.302734375,turing-3,0.13.4,,euclidean__mamut-montreal-n4000-k378-poi__seed__seed10__t14400
euclidean,mamut-singapore-n4000-k498-poi,4000,498,polish,polish,1093,28800,28803.337,4029625,38219674.19999997,498,True,38520812.32100011,-0.78175,1,replaced,13.04150390625,8.90673828125,turing-3,0.13.4,euclidean__mamut-singapore-n4000-k498-poi__seed__seed5__t14400,euclidean__mamut-singapore-n4000-k498-poi__polish__seed1093__t28800
euclidean,mamut-singapore-n4000-k498-poi,4000,498,main,seed,1,14400,14423.741,798261,38283179.52099996,499,True,38520812.32100011,-0.61689,0,,1.2294921875,90.2412109375,turing-3,0.13.4,,euclidean__mamut-singapore-n4000-k498-poi__seed__seed1__t14400
euclidean,mamut-singapore-n4000-k498-poi,4000,498,main,seed,2,14400,14437.481,764941,38291980.02500004,499,True,38520812.32100011,-0.59405,0,,15.0380859375,90.330078125,turing-3,0.13.4,,euclidean__mamut-singapore-n4000-k498-poi__seed__seed2__t14400
euclidean,mamut-singapore-n4000-k498-poi,4000,498,main,seed,3,14400,14425.899,809020,38246474.01700011,498,True,38520812.32100011,-0.71218,0,,8.33837890625,90.30322265625,turing-3,0.13.4,,euclidean__mamut-singapore-n4000-k498-poi__seed__seed3__t14400
euclidean,mamut-singapore-n4000-k498-poi,4000,498,main,seed,4,14400,14420.809,829835,38233251.687999964,498,True,38520812.32100011,-0.74651,0,,15.0380859375,90.30322265625,turing-3,0.13.4,,euclidean__mamut-singapore-n4000-k498-poi__seed__seed4__t14400
euclidean,mamut-singapore-n4000-k498-poi,4000,498,main,seed,5,14400,14421.6,754606,38223997.31599998,498,True,38520812.32100011,-0.77053,0,,21.041015625,90.330078125,turing-3,0.13.4,,euclidean__mamut-singapore-n4000-k498-poi__seed__seed5__t14400
euclidean,mamut-singapore-n4000-k498-poi,4000,498,main,seed,6,14400,14411.511,807228,38239888.46200008,498,True,38520812.32100011,-0.72928,0,,15.0380859375,90.30322265625,turing-3,0.13.4,,euclidean__mamut-singapore-n4000-k498-poi__seed__seed6__t14400
euclidean,mamut-singapore-n4000-k498-poi,4000,498,main,seed,7,14400,14424.884,764734,38235739.74799988,498,True,38520812.32100011,-0.74005,0,,21.041015625,90.30322265625,turing-3,0.13.4,,euclidean__mamut-singapore-n4000-k498-poi__seed__seed7__t14400
euclidean,mamut-singapore-n4000-k498-poi,4000,498,main,seed,8,14400,14413.389,727175,38284117.144000016,499,True,38520812.32100011,-0.61446,0,,15.0380859375,90.30322265625,turing-3,0.13.4,,euclidean__mamut-singapore-n4000-k498-poi__seed__seed8__t14400
euclidean,mamut-singapore-n4000-k498-poi,4000,498,main,seed,9,14400,14415.663,815463,38255219.285999894,498,True,38520812.32100011,-0.68948,0,,8.33837890625,90.30322265625,turing-3,0.13.4,,euclidean__mamut-singapore-n4000-k498-poi__seed__seed9__t14400
euclidean,mamut-singapore-n4000-k498-poi,4000,498,main,seed,10,14400,14422.944,765033,38280125.96400004,499,True,38520812.32100011,-0.62482,0,,15.0380859375,90.30322265625,turing-3,0.13.4,,euclidean__mamut-singapore-n4000-k498-poi__seed__seed10__t14400
fastest,mamut-toronto-n100-k8-par,100,8,pilot,long,101,1200,1200.017,609740,40428.636000000006,8,True,40505.844,-0.19061,0,,1.15380859375,90.326171875,turing-3,0.13.4,,fastest__mamut-toronto-n100-k8-par__long__seed101__t1200
fastest,mamut-toronto-n100-k8-par,100,8,polish,polish,1320,600,600.004,469802,40428.63599999998,8,True,40505.844,-0.19061,1,kept_existing,90.3916015625,62.427734375,turing-3,0.13.4,fastest__mamut-toronto-n100-k8-par__seed__seed3__t300,fastest__mamut-toronto-n100-k8-par__polish__seed1320__t600
fastest,mamut-toronto-n100-k8-par,100,8,pilot,seed,1,300,300.028,174080,40706.997999999985,8,True,40505.844,0.4966,0,,90.20361328125,67.88720703125,turing-3,0.13.4,,fastest__mamut-toronto-n100-k8-par__seed__seed1__t300
fastest,mamut-toronto-n100-k8-par,100,8,pilot,seed,2,300,300.019,186554,40428.63599999999,8,True,40505.844,-0.19061,0,,90.20361328125,67.88720703125,turing-3,0.13.4,,fastest__mamut-toronto-n100-k8-par__seed__seed2__t300
fastest,mamut-toronto-n100-k8-par,100,8,pilot,seed,3,300,300.024,143783,40428.63599999998,8,True,40505.844,-0.19061,0,,90.20361328125,67.88720703125,turing-3,0.13.4,,fastest__mamut-toronto-n100-k8-par__seed__seed3__t300
fastest,mamut-toronto-n100-k8-par,100,8,main,seed,4,300,300.029,121966,40428.636000000035,8,True,40505.844,-0.19061,0,,91.33154296875,91.02099609375,turing-3,0.13.4,,fastest__mamut-toronto-n100-k8-par__seed__seed4__t300
fastest,mamut-toronto-n100-k8-par,100,8,main,seed,5,300,300.016,123659,40428.63600000002,8,True,40505.844,-0.19061,0,,91.33154296875,91.02099609375,turing-3,0.13.4,,fastest__mamut-toronto-n100-k8-par__seed__seed5__t300
fastest,mamut-toronto-n100-k8-par,100,8,main,seed,6,300,300.019,122581,40428.636,8,True,40505.844,-0.19061,0,,91.33154296875,91.02099609375,turing-3,0.13.4,,fastest__mamut-toronto-n100-k8-par__seed__seed6__t300
fastest,mamut-toronto-n100-k8-par,100,8,main,seed,7,300,300.015,129279,40843.44900000001,8,True,40505.844,0.83347,0,,91.33154296875,91.02099609375,turing-3,0.13.4,,fastest__mamut-toronto-n100-k8-par__seed__seed7__t300
fastest,mamut-toronto-n100-k8-par,100,8,main,seed,8,300,300.019,238421,40691.84100000001,8,True,40505.844,0.45919,0,,91.33154296875,91.02099609375,turing-3,0.13.4,,fastest__mamut-toronto-n100-k8-par__seed__seed8__t300
fastest,mamut-toronto-n100-k8-par,100,8,main,seed,9,300,300.023,123746,40428.636000000006,8,True,40505.844,-0.19061,0,,91.33154296875,91.02099609375,turing-3,0.13.4,,fastest__mamut-toronto-n100-k8-par__seed__seed9__t300
fastest,mamut-toronto-n100-k8-par,100,8,main,seed,10,300,300.016,136410,40580.16900000001,8,True,40505.844,0.18349,0,,91.33154296875,91.02099609375,turing-3,0.13.4,,fastest__mamut-toronto-n100-k8-par__seed__seed10__t300
fastest,mamut-rome-n102-k9-poi,102,9,polish,polish,1306,600,600.008,284334,45733.48500000001,9,True,45788.098000000005,-0.11927,1,kept_existing,90.50341796875,69.10009765625,turing-3,0.13.4,fastest__mamut-rome-n102-k9-poi__seed__seed10__t300,fastest__mamut-rome-n102-k9-poi__polish__seed1306__t600
fastest,mamut-rome-n102-k9-poi,102,9,main,seed,1,300,300.02,126661,45820.154,9,True,45788.098000000005,0.07001,0,,91.05029296875,91.27392578125,turing-3,0.13.4,,fastest__mamut-rome-n102-k9-poi__seed__seed1__t300
fastest,mamut-rome-n102-k9-poi,102,9,main,seed,2,300,300.016,193216,45778.24799999999,9,True,45788.098000000005,-0.02151,0,,91.05029296875,91.27392578125,turing-3,0.13.4,,fastest__mamut-rome-n102-k9-poi__seed__seed2__t300
fastest,mamut-rome-n102-k9-poi,102,9,main,seed,3,300,300.02,111472,45788.098,9,True,45788.098000000005,-0.0,0,,91.05029296875,91.27392578125,turing-3,0.13.4,,fastest__mamut-rome-n102-k9-poi__seed__seed3__t300
fastest,mamut-rome-n102-k9-poi,102,9,main,seed,4,300,300.024,119105,45778.248,9,True,45788.098000000005,-0.02151,0,,91.05029296875,91.27392578125,turing-3,0.13.4,,fastest__mamut-rome-n102-k9-poi__seed__seed4__t300
fastest,mamut-rome-n102-k9-poi,102,9,main,seed,5,300,300.02,111164,45778.24799999999,9,True,45788.098000000005,-0.02151,0,,91.05029296875,91.27392578125,turing-3,0.13.4,,fastest__mamut-rome-n102-k9-poi__seed__seed5__t300
fastest,mamut-rome-n102-k9-poi,102,9,main,seed,6,300,300.027,121447,45778.24799999999,9,True,45788.098000000005,-0.02151,0,,91.05029296875,91.27392578125,turing-3,0.13.4,,fastest__mamut-rome-n102-k9-poi__seed__seed6__t300
fastest,mamut-rome-n102-k9-poi,102,9,main,seed,7,300,300.02,198701,45818.69699999999,9,True,45788.098000000005,0.06683,0,,91.05029296875,91.27392578125,turing-3,0.13.4,,fastest__mamut-rome-n102-k9-poi__seed__seed7__t300
fastest,mamut-rome-n102-k9-poi,102,9,main,seed,8,300,300.021,109708,45788.09800000001,9,True,45788.098000000005,0.0,0,,91.05029296875,91.27392578125,turing-3,0.13.4,,fastest__mamut-rome-n102-k9-poi__seed__seed8__t300
fastest,mamut-rome-n102-k9-poi,102,9,main,seed,9,300,300.023,129889,45778.24799999999,9,True,45788.098000000005,-0.02151,0,,91.05029296875,91.27392578125,turing-3,0.13.4,,fastest__mamut-rome-n102-k9-poi__seed__seed9__t300
fastest,mamut-rome-n102-k9-poi,102,9,main,seed,10,300,300.024,162345,45733.48500000001,9,True,45788.098000000005,-0.11927,0,,91.05029296875,91.27392578125,turing-3,0.13.4,,fastest__mamut-rome-n102-k9-poi__seed__seed10__t300
fastest,mamut-athens-n105-k7-poi,105,7,polish,polish,1228,600,600.005,473443,19819.230999999996,7,True,19819.230999999996,0.0,1,,90.599609375,79.52099609375,turing-3,0.13.4,bks:pyvrp-ils-v1:seed42,fastest__mamut-athens-n105-k7-poi__polish__seed1228__t600
fastest,mamut-athens-n105-k7-poi,105,7,main,seed,1,300,300.017,183056,19819.231,7,True,19819.230999999996,0.0,0,,91.06005859375,91.33154296875,turing-3,0.13.4,,fastest__mamut-athens-n105-k7-poi__seed__seed1__t300
fastest,mamut-athens-n105-k7-poi,105,7,main,seed,2,300,300.02,185932,19902.562000000005,7,True,19819.230999999996,0.42046,0,,91.06005859375,91.33154296875,turing-3,0.13.4,,fastest__mamut-athens-n105-k7-poi__seed__seed2__t300
fastest,mamut-athens-n105-k7-poi,105,7,main,seed,3,300,300.012,225053,19842.799999999996,7,True,19819.230999999996,0.11892,0,,91.06005859375,91.33154296875,turing-3,0.13.4,,fastest__mamut-athens-n105-k7-poi__seed__seed3__t300
fastest,mamut-athens-n105-k7-poi,105,7,main,seed,4,300,300.018,182839,19859.256999999994,7,True,19819.230999999996,0.20196,0,,91.06005859375,91.33154296875,turing-3,0.13.4,,fastest__mamut-athens-n105-k7-poi__seed__seed4__t300
fastest,mamut-athens-n105-k7-poi,105,7,main,seed,5,300,300.018,288678,19859.256999999998,7,True,19819.230999999996,0.20196,0,,91.06005859375,91.33154296875,turing-3,0.13.4,,fastest__mamut-athens-n105-k7-poi__seed__seed5__t300
fastest,mamut-athens-n105-k7-poi,105,7,main,seed,6,300,300.011,183771,19859.257,7,True,19819.230999999996,0.20196,0,,91.06005859375,91.33154296875,turing-3,0.13.4,,fastest__mamut-athens-n105-k7-poi__seed__seed6__t300
fastest,mamut-athens-n105-k7-poi,105,7,main,seed,7,300,300.016,195614,19887.361,7,True,19819.230999999996,0.34376,0,,91.06005859375,91.33154296875,turing-3,0.13.4,,fastest__mamut-athens-n105-k7-poi__seed__seed7__t300
fastest,mamut-athens-n105-k7-poi,105,7,main,seed,8,300,300.01,340274,19819.231,7,True,19819.230999999996,0.0,0,,91.06005859375,91.33154296875,turing-3,0.13.4,,fastest__mamut-athens-n105-k7-poi__seed__seed8__t300
fastest,mamut-athens-n105-k7-poi,105,7,main,seed,9,300,300.017,181800,19892.256999999998,7,True,19819.230999999996,0.36846,0,,91.06005859375,91.33154296875,turing-3,0.13.4,,fastest__mamut-athens-n105-k7-poi__seed__seed9__t300
fastest,mamut-athens-n105-k7-poi,105,7,main,seed,10,300,300.018,185783,19902.561999999994,7,True,19819.230999999996,0.42046,0,,91.06005859375,91.33154296875,turing-3,0.13.4,,fastest__mamut-athens-n105-k7-poi__seed__seed10__t300
fastest,mamut-barcelona-n107-k8-poi,107,8,polish,polish,1232,600,600.01,259530,29776.333999999984,8,True,29784.072,-0.02598,1,kept_existing,90.599609375,78.11767578125,turing-3,0.13.4,fastest__mamut-barcelona-n107-k8-poi__seed__seed7__t300,fastest__mamut-barcelona-n107-k8-poi__polish__seed1232__t600
fastest,mamut-barcelona-n107-k8-poi,107,8,main,seed,1,300,300.026,121976,29792.497000000003,8,True,29784.072,0.02829,0,,91.06005859375,91.33154296875,turing-3,0.13.4,,fastest__mamut-barcelona-n107-k8-poi__seed__seed1__t300
fastest,mamut-barcelona-n107-k8-poi,107,8,main,seed,2,300,300.018,220992,29784.072,8,True,29784.072,0.0,0,,91.06005859375,91.33154296875,turing-3,0.13.4,,fastest__mamut-barcelona-n107-k8-poi__seed__seed2__t300
fastest,mamut-barcelona-n107-k8-poi,107,8,main,seed,3,300,300.026,121060,29784.071999999996,8,True,29784.072,-0.0,0,,91.06005859375,91.33154296875,turing-3,0.13.4,,fastest__mamut-barcelona-n107-k8-poi__seed__seed3__t300
fastest,mamut-barcelona-n107-k8-poi,107,8,main,seed,4,300,300.021,121630,29783.317999999996,8,True,29784.072,-0.00253,0,,91.06005859375,91.33154296875,turing-3,0.13.4,,fastest__mamut-barcelona-n107-k8-poi__seed__seed4__t300
fastest,mamut-barcelona-n107-k8-poi,107,8,main,seed,5,300,300.016,123267,29776.333999999988,8,True,29784.072,-0.02598,0,,91.06005859375,91.33154296875,turing-3,0.13.4,,fastest__mamut-barcelona-n107-k8-poi__seed__seed5__t300
fastest,mamut-barcelona-n107-k8-poi,107,8,main,seed,6,300,300.022,119754,29792.679999999986,8,True,29784.072,0.0289,0,,91.05517578125,91.33154296875,turing-3,0.13.4,,fastest__mamut-barcelona-n107-k8-poi__seed__seed6__t300
fastest,mamut-barcelona-n107-k8-poi,107,8,main,seed,7,300,300.021,195623,29776.333999999984,8,True,29784.072,-0.02598,0,,91.05517578125,91.38525390625,turing-3,0.13.4,,fastest__mamut-barcelona-n107-k8-poi__seed__seed7__t300
fastest,mamut-barcelona-n107-k8-poi,107,8,main,seed,8,300,300.02,121748,29776.333999999988,8,True,29784.072,-0.02598,0,,91.05517578125,91.38525390625,turing-3,0.13.4,,fastest__mamut-barcelona-n107-k8-poi__seed__seed8__t300
fastest,mamut-barcelona-n107-k8-poi,107,8,main,seed,9,300,300.019,218769,29784.071999999993,8,True,29784.072,-0.0,0,,91.05517578125,91.38525390625,turing-3,0.13.4,,fastest__mamut-barcelona-n107-k8-poi__seed__seed9__t300
fastest,mamut-barcelona-n107-k8-poi,107,8,main,seed,10,300,300.015,121776,29784.072000000004,8,True,29784.072,0.0,0,,91.06005859375,91.33154296875,turing-3,0.13.4,,fastest__mamut-barcelona-n107-k8-poi__seed__seed10__t300
fastest,mamut-warsaw-n110-k8-poi,110,8,polish,polish,1328,600,600.005,326026,35878.494000000006,8,True,35990.426,-0.311,1,kept_existing,90.3916015625,62.427734375,turing-3,0.13.4,fastest__mamut-warsaw-n110-k8-poi__seed__seed8__t300,fastest__mamut-warsaw-n110-k8-poi__polish__seed1328__t600
fastest,mamut-warsaw-n110-k8-poi,110,8,main,seed,1,300,300.016,137123,36301.644,8,True,35990.426,0.86472,0,,91.33154296875,91.02099609375,turing-3,0.13.4,,fastest__mamut-warsaw-n110-k8-poi__seed__seed1__t300
fastest,mamut-warsaw-n110-k8-poi,110,8,main,seed,2,300,300.018,185220,36118.85300000001,8,True,35990.426,0.35684,0,,91.33154296875,91.02099609375,turing-3,0.13.4,,fastest__mamut-warsaw-n110-k8-poi__seed__seed2__t300
fastest,mamut-warsaw-n110-k8-poi,110,8,main,seed,3,300,300.021,203868,36159.90400000001,8,True,35990.426,0.4709,0,,91.33154296875,91.02099609375,turing-3,0.13.4,,fastest__mamut-warsaw-n110-k8-poi__seed__seed3__t300
fastest,mamut-warsaw-n110-k8-poi,110,8,main,seed,4,300,300.022,142483,35898.56199999998,8,True,35990.426,-0.25525,0,,91.33154296875,91.02099609375,turing-3,0.13.4,,fastest__mamut-warsaw-n110-k8-poi__seed__seed4__t300
fastest,mamut-warsaw-n110-k8-poi,110,8,main,seed,5,300,300.022,144901,36008.16,8,True,35990.426,0.04927,0,,91.33154296875,91.02099609375,turing-3,0.13.4,,fastest__mamut-warsaw-n110-k8-poi__seed__seed5__t300
fastest,mamut-warsaw-n110-k8-poi,110,8,main,seed,6,300,300.023,153006,35970.918,8,True,35990.426,-0.0542,0,,91.33154296875,91.02099609375,turing-3,0.13.4,,fastest__mamut-warsaw-n110-k8-poi__seed__seed6__t300
fastest,mamut-warsaw-n110-k8-poi,110,8,main,seed,7,300,300.022,138242,35878.49400000002,8,True,35990.426,-0.311,0,,91.33154296875,91.02099609375,turing-3,0.13.4,,fastest__mamut-warsaw-n110-k8-poi__seed__seed7__t300
fastest,mamut-warsaw-n110-k8-poi,110,8,main,seed,8,300,300.019,191720,35878.494000000006,8,True,35990.426,-0.311,0,,91.33154296875,91.02099609375,turing-3,0.13.4,,fastest__mamut-warsaw-n110-k8-poi__seed__seed8__t300
fastest,mamut-warsaw-n110-k8-poi,110,8,main,seed,9,300,300.019,144549,35905.52800000001,8,True,35990.426,-0.23589,0,,91.33154296875,91.02099609375,turing-3,0.13.4,,fastest__mamut-warsaw-n110-k8-poi__seed__seed9__t300
fastest,mamut-warsaw-n110-k8-poi,110,8,main,seed,10,300,300.022,145698,36114.751000000004,8,True,35990.426,0.34544,0,,91.33154296875,91.02099609375,turing-3,0.13.4,,fastest__mamut-warsaw-n110-k8-poi__seed__seed10__t300
fastest,mamut-montreal-n112-k9-par,112,9,polish,polish,1283,600,600.008,323088,46113.64899999998,9,True,46113.64899999999,-0.0,1,kept_existing,90.6083984375,73.86376953125,turing-3,0.13.4,fastest__mamut-montreal-n112-k9-par__seed__seed3__t300,fastest__mamut-montreal-n112-k9-par__polish__seed1283__t600
fastest,mamut-montreal-n112-k9-par,112,9,main,seed,1,300,300.019,159440,46166.523,9,True,46113.64899999999,0.11466,0,,91.05517578125,91.38525390625,turing-3,0.13.4,,fastest__mamut-montreal-n112-k9-par__seed__seed1__t300
fastest,mamut-montreal-n112-k9-par,112,9,main,seed,2,300,300.015,287146,46113.64900000001,9,True,46113.64899999999,0.0,0,,91.05517578125,91.38525390625,turing-3,0.13.4,,fastest__mamut-montreal-n112-k9-par__seed__seed2__t300
fastest,mamut-montreal-n112-k9-par,112,9,main,seed,3,300,300.023,250468,46113.64899999998,9,True,46113.64899999999,-0.0,0,,91.05517578125,91.38525390625,turing-3,0.13.4,,fastest__mamut-montreal-n112-k9-par__seed__seed3__t300
fastest,mamut-montreal-n112-k9-par,112,9,main,seed,4,300,300.011,236443,46113.64899999998,9,True,46113.64899999999,-0.0,0,,91.05517578125,91.38525390625,turing-3,0.13.4,,fastest__mamut-montreal-n112-k9-par__seed__seed4__t300
fastest,mamut-montreal-n112-k9-par,112,9,main,seed,5,300,300.022,283330,46113.649000000005,9,True,46113.64899999999,0.0,0,,91.05029296875,91.38525390625,turing-3,0.13.4,,fastest__mamut-montreal-n112-k9-par__seed__seed5__t300
fastest,mamut-montreal-n112-k9-par,112,9,main,seed,6,300,300.019,177545,46113.649,9,True,46113.64899999999,0.0,0,,91.05029296875,91.38525390625,turing-3,0.13.4,,fastest__mamut-montreal-n112-k9-par__seed__seed6__t300
fastest,mamut-montreal-n112-k9-par,112,9,main,seed,7,300,300.022,156737,46113.64899999999,9,True,46113.64899999999,0.0,0,,91.05029296875,91.27392578125,turing-3,0.13.4,,fastest__mamut-montreal-n112-k9-par__seed__seed7__t300
fastest,mamut-montreal-n112-k9-par,112,9,main,seed,8,300,300.025,203683,46113.649000000005,9,True,46113.64899999999,0.0,0,,91.05029296875,91.27392578125,turing-3,0.13.4,,fastest__mamut-montreal-n112-k9-par__seed__seed8__t300
fastest,mamut-montreal-n112-k9-par,112,9,main,seed,9,300,300.02,155429,46113.64899999998,9,True,46113.64899999999,-0.0,0,,91.05029296875,91.27392578125,turing-3,0.13.4,,fastest__mamut-montreal-n112-k9-par__seed__seed9__t300
fastest,mamut-montreal-n112-k9-par,112,9,main,seed,10,300,300.023,155590,46113.649,9,True,46113.64899999999,0.0,0,,91.05517578125,91.38525390625,turing-3,0.13.4,,fastest__mamut-montreal-n112-k9-par__seed__seed10__t300
fastest,mamut-london-n115-k9-hyb,115,9,polish,polish,1271,600,600.008,368444,41253.14999999998,9,True,41303.85999999999,-0.12277,1,kept_existing,90.6083984375,73.86376953125,turing-3,0.13.4,fastest__mamut-london-n115-k9-hyb__seed__seed10__t300,fastest__mamut-london-n115-k9-hyb__polish__seed1271__t600
fastest,mamut-london-n115-k9-hyb,115,9,main,seed,1,300,300.02,179480,41253.14999999999,9,True,41303.85999999999,-0.12277,0,,91.05517578125,91.38525390625,turing-3,0.13.4,,fastest__mamut-london-n115-k9-hyb__seed__seed1__t300
fastest,mamut-london-n115-k9-hyb,115,9,main,seed,2,300,300.028,177061,41253.149999999994,9,True,41303.85999999999,-0.12277,0,,91.05517578125,91.38525390625,turing-3,0.13.4,,fastest__mamut-london-n115-k9-hyb__seed__seed2__t300
fastest,mamut-london-n115-k9-hyb,115,9,main,seed,3,300,300.022,181355,41253.14999999999,9,True,41303.85999999999,-0.12277,0,,91.05517578125,91.38525390625,turing-3,0.13.4,,fastest__mamut-london-n115-k9-hyb__seed__seed3__t300
fastest,mamut-london-n115-k9-hyb,115,9,main,seed,4,300,300.012,187764,41303.85999999999,9,True,41303.85999999999,0.0,0,,91.05517578125,91.38525390625,turing-3,0.13.4,,fastest__mamut-london-n115-k9-hyb__seed__seed4__t300
fastest,mamut-london-n115-k9-hyb,115,9,main,seed,5,300,300.02,178484,41500.68599999998,9,True,41303.85999999999,0.47653,0,,91.05517578125,91.38525390625,turing-3,0.13.4,,fastest__mamut-london-n115-k9-hyb__seed__seed5__t300
fastest,mamut-london-n115-k9-hyb,115,9,main,seed,6,300,300.02,176025,41253.149999999994,9,True,41303.85999999999,-0.12277,0,,91.05517578125,91.38525390625,turing-3,0.13.4,,fastest__mamut-london-n115-k9-hyb__seed__seed6__t300
fastest,mamut-london-n115-k9-hyb,115,9,main,seed,7,300,300.021,186096,41303.86,9,True,41303.85999999999,0.0,0,,91.05517578125,91.38525390625,turing-3,0.13.4,,fastest__mamut-london-n115-k9-hyb__seed__seed7__t300
fastest,mamut-london-n115-k9-hyb,115,9,main,seed,8,300,300.016,183816,41290.03299999998,9,True,41303.85999999999,-0.03348,0,,91.05517578125,91.38525390625,turing-3,0.13.4,,fastest__mamut-london-n115-k9-hyb__seed__seed8__t300
fastest,mamut-london-n115-k9-hyb,115,9,main,seed,9,300,300.023,180405,41289.984,9,True,41303.85999999999,-0.03359,0,,91.05517578125,91.38525390625,turing-3,0.13.4,,fastest__mamut-london-n115-k9-hyb__seed__seed9__t300
fastest,mamut-london-n115-k9-hyb,115,9,main,seed,10,300,300.023,214797,41253.14999999998,9,True,41303.85999999999,-0.12277,0,,91.05517578125,91.38525390625,turing-3,0.13.4,,fastest__mamut-london-n115-k9-hyb__seed__seed10__t300
fastest,mamut-sydney-n118-k9-poi,118,9,polish,polish,1318,600,600.009,661802,43342.45899999998,9,True,43342.45900000002,-0.0,1,kept_existing,90.50341796875,69.10009765625,turing-3,0.13.4,fastest__mamut-sydney-n118-k9-poi__seed__seed6__t300,fastest__mamut-sydney-n118-k9-poi__polish__seed1318__t600
fastest,mamut-sydney-n118-k9-poi,118,9,main,seed,1,300,300.023,188662,43342.45900000002,9,True,43342.45900000002,0.0,0,,91.05029296875,91.27392578125,turing-3,0.13.4,,fastest__mamut-sydney-n118-k9-poi__seed__seed1__t300
fastest,mamut-sydney-n118-k9-poi,118,9,main,seed,2,300,300.021,191212,43342.45899999999,9,True,43342.45900000002,-0.0,0,,91.05029296875,91.27392578125,turing-3,0.13.4,,fastest__mamut-sydney-n118-k9-poi__seed__seed2__t300
fastest,mamut-sydney-n118-k9-poi,118,9,main,seed,3,300,300.021,184112,43342.459,9,True,43342.45900000002,-0.0,0,,91.05029296875,91.27392578125,turing-3,0.13.4,,fastest__mamut-sydney-n118-k9-poi__seed__seed3__t300
fastest,mamut-sydney-n118-k9-poi,118,9,main,seed,4,300,300.02,181810,43342.458999999995,9,True,43342.45900000002,-0.0,0,,91.0458984375,91.171875,turing-3,0.13.4,,fastest__mamut-sydney-n118-k9-poi__seed__seed4__t300
fastest,mamut-sydney-n118-k9-poi,118,9,main,seed,5,300,300.027,182170,43342.45900000001,9,True,43342.45900000002,-0.0,0,,91.0458984375,91.171875,turing-3,0.13.4,,fastest__mamut-sydney-n118-k9-poi__seed__seed5__t300
fastest,mamut-sydney-n118-k9-poi,118,9,main,seed,6,300,300.024,183756,43342.45899999998,9,True,43342.45900000002,-0.0,0,,91.0458984375,91.171875,turing-3,0.13.4,,fastest__mamut-sydney-n118-k9-poi__seed__seed6__t300
fastest,mamut-sydney-n118-k9-poi,118,9,main,seed,7,300,300.021,324849,43342.45899999999,9,True,43342.45900000002,-0.0,0,,91.33154296875,91.02099609375,turing-3,0.13.4,,fastest__mamut-sydney-n118-k9-poi__seed__seed7__t300
fastest,mamut-sydney-n118-k9-poi,118,9,main,seed,8,300,300.022,186918,43342.45899999999,9,True,43342.45900000002,-0.0,0,,91.33154296875,91.02099609375,turing-3,0.13.4,,fastest__mamut-sydney-n118-k9-poi__seed__seed8__t300
fastest,mamut-sydney-n118-k9-poi,118,9,main,seed,9,300,300.012,349970,43342.45900000001,9,True,43342.45900000002,-0.0,0,,91.33154296875,91.02099609375,turing-3,0.13.4,,fastest__mamut-sydney-n118-k9-poi__seed__seed9__t300
fastest,mamut-sydney-n118-k9-poi,118,9,main,seed,10,300,300.021,297106,43342.45900000001,9,True,43342.45900000002,-0.0,0,,91.05029296875,91.27392578125,turing-3,0.13.4,,fastest__mamut-sydney-n118-k9-poi__seed__seed10__t300
fastest,mamut-bogota-n120-k9-poi,120,9,polish,polish,1238,600,600.011,176315,165401.98499999996,9,True,165420.11800000002,-0.01096,1,replaced,90.6083984375,73.86376953125,turing-3,0.13.4,fastest__mamut-bogota-n120-k9-poi__seed__seed3__t300,fastest__mamut-bogota-n120-k9-poi__polish__seed1238__t600
fastest,mamut-bogota-n120-k9-poi,120,9,main,seed,1,300,300.028,80437,165490.56599999993,9,True,165420.11800000002,0.04259,0,,91.05517578125,91.38525390625,turing-3,0.13.4,,fastest__mamut-bogota-n120-k9-poi__seed__seed1__t300
fastest,mamut-bogota-n120-k9-poi,120,9,main,seed,2,300,300.018,92210,165423.27800000002,9,True,165420.11800000002,0.00191,0,,91.05517578125,91.38525390625,turing-3,0.13.4,,fastest__mamut-bogota-n120-k9-poi__seed__seed2__t300
fastest,mamut-bogota-n120-k9-poi,120,9,main,seed,3,300,300.024,143460,165407.056,9,True,165420.11800000002,-0.0079,0,,91.05517578125,91.38525390625,turing-3,0.13.4,,fastest__mamut-bogota-n120-k9-poi__seed__seed3__t300
fastest,mamut-bogota-n120-k9-poi,120,9,main,seed,4,300,300.034,99149,165487.56799999994,9,True,165420.11800000002,0.04077,0,,91.05517578125,91.38525390625,turing-3,0.13.4,,fastest__mamut-bogota-n120-k9-poi__seed__seed4__t300
fastest,mamut-bogota-n120-k9-poi,120,9,main,seed,5,300,300.02,88171,165430.53999999998,9,True,165420.11800000002,0.0063,0,,91.05517578125,91.38525390625,turing-3,0.13.4,,fastest__mamut-bogota-n120-k9-poi__seed__seed5__t300
fastest,mamut-bogota-n120-k9-poi,120,9,main,seed,6,300,300.023,79151,165444.52000000002,9,True,165420.11800000002,0.01475,0,,91.05517578125,91.38525390625,turing-3,0.13.4,,fastest__mamut-bogota-n120-k9-poi__seed__seed6__t300
fastest,mamut-bogota-n120-k9-poi,120,9,main,seed,7,300,300.029,74455,165423.27800000002,9,True,165420.11800000002,0.00191,0,,91.05517578125,91.38525390625,turing-3,0.13.4,,fastest__mamut-bogota-n120-k9-poi__seed__seed7__t300
fastest,mamut-bogota-n120-k9-poi,120,9,main,seed,8,300,300.017,121085,165454.18000000008,9,True,165420.11800000002,0.02059,0,,91.05517578125,91.38525390625,turing-3,0.13.4,,fastest__mamut-bogota-n120-k9-poi__seed__seed8__t300
fastest,mamut-bogota-n120-k9-poi,120,9,main,seed,9,300,300.024,80462,165437.35699999996,9,True,165420.11800000002,0.01042,0,,91.05517578125,91.38525390625,turing-3,0.13.4,,fastest__mamut-bogota-n120-k9-poi__seed__seed9__t300
fastest,mamut-bogota-n120-k9-poi,120,9,main,seed,10,300,300.024,143329,165597.94999999995,9,True,165420.11800000002,0.1075,0,,91.05517578125,91.38525390625,turing-3,0.13.4,,fastest__mamut-bogota-n120-k9-poi__seed__seed10__t300
fastest,mamut-sao_paulo-n123-k9-poi,123,9,polish,polish,1311,600,600.009,331955,39606.558999999994,9,True,39612.833999999995,-0.01584,1,kept_existing,90.50341796875,69.10009765625,turing-3,0.13.4,fastest__mamut-sao_paulo-n123-k9-poi__seed__seed7__t300,fastest__mamut-sao_paulo-n123-k9-poi__polish__seed1311__t600
fastest,mamut-sao_paulo-n123-k9-poi,123,9,main,seed,1,300,300.027,159443,39612.834000000024,9,True,39612.833999999995,0.0,0,,91.05029296875,91.27392578125,turing-3,0.13.4,,fastest__mamut-sao_paulo-n123-k9-poi__seed__seed1__t300
fastest,mamut-sao_paulo-n123-k9-poi,123,9,main,seed,2,300,300.026,152631,39606.55900000001,9,True,39612.833999999995,-0.01584,0,,91.05029296875,91.27392578125,turing-3,0.13.4,,fastest__mamut-sao_paulo-n123-k9-poi__seed__seed2__t300
fastest,mamut-sao_paulo-n123-k9-poi,123,9,main,seed,3,300,300.023,164466,39612.834000000024,9,True,39612.833999999995,0.0,0,,91.05029296875,91.27392578125,turing-3,0.13.4,,fastest__mamut-sao_paulo-n123-k9-poi__seed__seed3__t300
fastest,mamut-sao_paulo-n123-k9-poi,123,9,main,seed,4,300,300.023,184610,39610.44000000001,9,True,39612.833999999995,-0.00604,0,,91.05029296875,91.27392578125,turing-3,0.13.4,,fastest__mamut-sao_paulo-n123-k9-poi__seed__seed4__t300
fastest,mamut-sao_paulo-n123-k9-poi,123,9,main,seed,5,300,300.025,176803,39633.72400000004,9,True,39612.833999999995,0.05274,0,,91.05029296875,91.27392578125,turing-3,0.13.4,,fastest__mamut-sao_paulo-n123-k9-poi__seed__seed5__t300
fastest,mamut-sao_paulo-n123-k9-poi,123,9,main,seed,6,300,300.019,156266,39613.83800000001,9,True,39612.833999999995,0.00253,0,,91.05029296875,91.27392578125,turing-3,0.13.4,,fastest__mamut-sao_paulo-n123-k9-poi__seed__seed6__t300
fastest,mamut-sao_paulo-n123-k9-poi,123,9,main,seed,7,300,300.022,153416,39606.558999999994,9,True,39612.833999999995,-0.01584,0,,91.05029296875,91.27392578125,turing-3,0.13.4,,fastest__mamut-sao_paulo-n123-k9-poi__seed__seed7__t300
fastest,mamut-sao_paulo-n123-k9-poi,123,9,main,seed,8,300,300.012,159945,39612.833999999995,9,True,39612.833999999995,0.0,0,,91.05029296875,91.27392578125,turing-3,0.13.4,,fastest__mamut-sao_paulo-n123-k9-poi__seed__seed8__t300
fastest,mamut-sao_paulo-n123-k9-poi,123,9,main,seed,9,300,300.024,166732,39627.848999999995,9,True,39612.833999999995,0.0379,0,,91.05029296875,91.27392578125,turing-3,0.13.4,,fastest__mamut-sao_paulo-n123-k9-poi__seed__seed9__t300
fastest,mamut-sao_paulo-n123-k9-poi,123,9,main,seed,10,300,300.023,146503,39633.723999999995,9,True,39612.833999999995,0.05274,0,,91.05029296875,91.27392578125,turing-3,0.13.4,,fastest__mamut-sao_paulo-n123-k9-poi__seed__seed10__t300
fastest,mamut-singapore-n126-k10-poi,126,10,polish,polish,1312,604,604.011,361765,64770.59600000002,10,True,64817.718999999975,-0.0727,1,kept_existing,90.2216796875,90.57421875,turing-3,0.13.4,fastest__mamut-singapore-n126-k10-poi__seed__seed6__t302,fastest__mamut-singapore-n126-k10-poi__polish__seed1312__t604
fastest,mamut-singapore-n126-k10-poi,126,10,main,seed,1,302,302.035,178684,64853.289000000004,10,True,64817.718999999975,0.05488,0,,90.06103515625,90.1611328125,turing-3,0.13.4,,fastest__mamut-singapore-n126-k10-poi__seed__seed1__t302
fastest,mamut-singapore-n126-k10-poi,126,10,main,seed,2,302,302.022,90273,64817.71899999998,10,True,64817.718999999975,0.0,0,,90.06103515625,90.1611328125,turing-3,0.13.4,,fastest__mamut-singapore-n126-k10-poi__seed__seed2__t302
fastest,mamut-singapore-n126-k10-poi,126,10,main,seed,3,302,302.021,95040,64791.23399999998,10,True,64817.718999999975,-0.04086,0,,90.06103515625,90.1611328125,turing-3,0.13.4,,fastest__mamut-singapore-n126-k10-poi__seed__seed3__t302
fastest,mamut-singapore-n126-k10-poi,126,10,main,seed,4,302,302.023,148782,64796.96399999998,10,True,64817.718999999975,-0.03202,0,,90.06103515625,90.1611328125,turing-3,0.13.4,,fastest__mamut-singapore-n126-k10-poi__seed__seed4__t302
fastest,mamut-singapore-n126-k10-poi,126,10,main,seed,5,302,302.017,211121,64796.96399999998,10,True,64817.718999999975,-0.03202,0,,90.06103515625,90.1611328125,turing-3,0.13.4,,fastest__mamut-singapore-n126-k10-poi__seed__seed5__t302
fastest,mamut-singapore-n126-k10-poi,126,10,main,seed,6,302,302.025,125336,64770.59600000002,10,True,64817.718999999975,-0.0727,0,,90.06103515625,90.1611328125,turing-3,0.13.4,,fastest__mamut-singapore-n126-k10-poi__seed__seed6__t302
fastest,mamut-singapore-n126-k10-poi,126,10,main,seed,7,302,302.03,216518,64808.725000000006,10,True,64817.718999999975,-0.01388,0,,90.06103515625,90.1611328125,turing-3,0.13.4,,fastest__mamut-singapore-n126-k10-poi__seed__seed7__t302
fastest,mamut-singapore-n126-k10-poi,126,10,main,seed,8,302,302.026,106743,64817.719,10,True,64817.718999999975,0.0,0,,90.06103515625,90.1611328125,turing-3,0.13.4,,fastest__mamut-singapore-n126-k10-poi__seed__seed8__t302
fastest,mamut-singapore-n126-k10-poi,126,10,main,seed,9,302,302.031,101510,64808.72499999999,10,True,64817.718999999975,-0.01388,0,,90.06103515625,90.1611328125,turing-3,0.13.4,,fastest__mamut-singapore-n126-k10-poi__seed__seed9__t302
fastest,mamut-singapore-n126-k10-poi,126,10,main,seed,10,302,302.024,102240,64817.71899999998,10,True,64817.718999999975,0.0,0,,90.06103515625,90.1611328125,turing-3,0.13.4,,fastest__mamut-singapore-n126-k10-poi__seed__seed10__t302
fastest,mamut-clermont_ferrand-n129-k9-poi,129,9,polish,polish,1253,618,618.009,219421,25567.975000000002,9,True,25582.082000000002,-0.05514,1,kept_existing,90.2216796875,90.17138671875,turing-3,0.13.4,fastest__mamut-clermont_ferrand-n129-k9-poi__seed__seed2__t309,fastest__mamut-clermont_ferrand-n129-k9-poi__polish__seed1253__t618
fastest,mamut-clermont_ferrand-n129-k9-poi,129,9,main,seed,1,309,309.022,112486,25615.716000000015,9,True,25582.082000000002,0.13147,0,,90.072265625,90.1611328125,turing-3,0.13.4,,fastest__mamut-clermont_ferrand-n129-k9-poi__seed__seed1__t309
fastest,mamut-clermont_ferrand-n129-k9-poi,129,9,main,seed,2,309,309.029,105473,25567.975000000002,9,True,25582.082000000002,-0.05514,0,,90.072265625,90.1611328125,turing-3,0.13.4,,fastest__mamut-clermont_ferrand-n129-k9-poi__seed__seed2__t309
fastest,mamut-clermont_ferrand-n129-k9-poi,129,9,main,seed,3,309,309.028,112374,25578.742000000006,9,True,25582.082000000002,-0.01306,0,,90.072265625,90.1611328125,turing-3,0.13.4,,fastest__mamut-clermont_ferrand-n129-k9-poi__seed__seed3__t309
fastest,mamut-clermont_ferrand-n129-k9-poi,129,9,main,seed,4,309,309.033,107290,25583.431999999997,9,True,25582.082000000002,0.00528,0,,90.072265625,90.1611328125,turing-3,0.13.4,,fastest__mamut-clermont_ferrand-n129-k9-poi__seed__seed4__t309
fastest,mamut-clermont_ferrand-n129-k9-poi,129,9,main,seed,5,309,309.022,179571,25574.380000000012,9,True,25582.082000000002,-0.03011,0,,90.072265625,90.1611328125,turing-3,0.13.4,,fastest__mamut-clermont_ferrand-n129-k9-poi__seed__seed5__t309
fastest,mamut-clermont_ferrand-n129-k9-poi,129,9,main,seed,6,309,309.036,111130,25588.62199999999,9,True,25582.082000000002,0.02556,0,,90.072265625,90.1611328125,turing-3,0.13.4,,fastest__mamut-clermont_ferrand-n129-k9-poi__seed__seed6__t309
fastest,mamut-clermont_ferrand-n129-k9-poi,129,9,main,seed,7,309,309.023,140412,25574.379999999997,9,True,25582.082000000002,-0.03011,0,,90.06640625,90.1611328125,turing-3,0.13.4,,fastest__mamut-clermont_ferrand-n129-k9-poi__seed__seed7__t309
fastest,mamut-clermont_ferrand-n129-k9-poi,129,9,main,seed,8,309,309.016,186045,25567.975000000002,9,True,25582.082000000002,-0.05514,0,,90.06640625,90.1611328125,turing-3,0.13.4,,fastest__mamut-clermont_ferrand-n129-k9-poi__seed__seed8__t309
fastest,mamut-clermont_ferrand-n129-k9-poi,129,9,main,seed,9,309,309.023,163122,25574.762000000002,9,True,25582.082000000002,-0.02861,0,,90.06640625,90.1611328125,turing-3,0.13.4,,fastest__mamut-clermont_ferrand-n129-k9-poi__seed__seed9__t309
fastest,mamut-clermont_ferrand-n129-k9-poi,129,9,main,seed,10,309,309.03,165057,25577.85,9,True,25582.082000000002,-0.01654,0,,90.072265625,90.1611328125,turing-3,0.13.4,,fastest__mamut-clermont_ferrand-n129-k9-poi__seed__seed10__t309
fastest,mamut-perpignan-n132-k9-poi,132,9,polish,polish,1298,632,632.013,251444,20300.708,9,True,20300.708,0.0,1,,90.2626953125,89.6767578125,turing-3,0.13.4,fastest__mamut-perpignan-n132-k9-poi__seed__seed1__t316,fastest__mamut-perpignan-n132-k9-poi__polish__seed1298__t632
fastest,mamut-perpignan-n132-k9-poi,132,9,main,seed,1,316,316.021,146431,20300.708,9,True,20300.708,0.0,0,,90.072265625,90.14794921875,turing-3,0.13.4,,fastest__mamut-perpignan-n132-k9-poi__seed__seed1__t316
fastest,mamut-perpignan-n132-k9-poi,132,9,main,seed,2,316,316.014,125961,20349.502,9,True,20300.708,0.24036,0,,90.072265625,90.14794921875,turing-3,0.13.4,,fastest__mamut-perpignan-n132-k9-poi__seed__seed2__t316
fastest,mamut-perpignan-n132-k9-poi,132,9,main,seed,3,316,316.027,112037,20300.70800000001,9,True,20300.708,0.0,0,,90.072265625,90.14794921875,turing-3,0.13.4,,fastest__mamut-perpignan-n132-k9-poi__seed__seed3__t316
fastest,mamut-perpignan-n132-k9-poi,132,9,main,seed,4,316,316.029,188600,20349.501999999997,9,True,20300.708,0.24036,0,,90.072265625,90.14794921875,turing-3,0.13.4,,fastest__mamut-perpignan-n132-k9-poi__seed__seed4__t316
fastest,mamut-perpignan-n132-k9-poi,132,9,main,seed,5,316,316.022,110664,20349.502000000004,9,True,20300.708,0.24036,0,,90.072265625,90.14794921875,turing-3,0.13.4,,fastest__mamut-perpignan-n132-k9-poi__seed__seed5__t316
fastest,mamut-perpignan-n132-k9-poi,132,9,main,seed,6,316,316.027,112577,20300.708000000002,9,True,20300.708,0.0,0,,90.072265625,90.14794921875,turing-3,0.13.4,,fastest__mamut-perpignan-n132-k9-poi__seed__seed6__t316
fastest,mamut-perpignan-n132-k9-poi,132,9,main,seed,7,316,316.02,219419,20300.708,9,True,20300.708,0.0,0,,90.072265625,90.14794921875,turing-3,0.13.4,,fastest__mamut-perpignan-n132-k9-poi__seed__seed7__t316
fastest,mamut-perpignan-n132-k9-poi,132,9,main,seed,8,316,316.029,135820,20320.992,9,True,20300.708,0.09992,0,,90.072265625,90.14794921875,turing-3,0.13.4,,fastest__mamut-perpignan-n132-k9-poi__seed__seed8__t316
fastest,mamut-perpignan-n132-k9-poi,132,9,main,seed,9,316,316.025,114008,20353.757,9,True,20300.708,0.26132,0,,90.072265625,90.14794921875,turing-3,0.13.4,,fastest__mamut-perpignan-n132-k9-poi__seed__seed9__t316
fastest,mamut-perpignan-n132-k9-poi,132,9,main,seed,10,316,316.029,141436,20369.293000000005,9,True,20300.708,0.33785,0,,90.072265625,90.14794921875,turing-3,0.13.4,,fastest__mamut-perpignan-n132-k9-poi__seed__seed10__t316
fastest,mamut-metz-n135-k10-poi,135,10,polish,polish,1280,648,648.012,404729,15606.241000000004,10,True,15613.557000000008,-0.04686,1,kept_existing,90.28564453125,87.12060546875,turing-3,0.13.4,fastest__mamut-metz-n135-k10-poi__seed__seed1__t324,fastest__mamut-metz-n135-k10-poi__polish__seed1280__t648
fastest,mamut-metz-n135-k10-poi,135,10,main,seed,1,324,324.031,206850,15606.241000000004,10,True,15613.557000000008,-0.04686,0,,90.30078125,90.072265625,turing-3,0.13.4,,fastest__mamut-metz-n135-k10-poi__seed__seed1__t324
fastest,mamut-metz-n135-k10-poi,135,10,main,seed,2,324,324.025,141822,15606.241000000004,10,True,15613.557000000008,-0.04686,0,,90.30078125,90.072265625,turing-3,0.13.4,,fastest__mamut-metz-n135-k10-poi__seed__seed2__t324
fastest,mamut-metz-n135-k10-poi,135,10,main,seed,3,324,324.033,133801,15631.752,10,True,15613.557000000008,0.11653,0,,90.30078125,90.072265625,turing-3,0.13.4,,fastest__mamut-metz-n135-k10-poi__seed__seed3__t324
fastest,mamut-metz-n135-k10-poi,135,10,main,seed,4,324,324.031,123916,15640.811000000009,10,True,15613.557000000008,0.17455,0,,90.30078125,90.072265625,turing-3,0.13.4,,fastest__mamut-metz-n135-k10-poi__seed__seed4__t324
fastest,mamut-metz-n135-k10-poi,135,10,main,seed,5,324,324.03,138256,15606.241000000004,10,True,15613.557000000008,-0.04686,0,,90.30078125,90.072265625,turing-3,0.13.4,,fastest__mamut-metz-n135-k10-poi__seed__seed5__t324
fastest,mamut-metz-n135-k10-poi,135,10,main,seed,6,324,324.029,130233,15606.991,10,True,15613.557000000008,-0.04205,0,,90.30078125,90.072265625,turing-3,0.13.4,,fastest__mamut-metz-n135-k10-poi__seed__seed6__t324
fastest,mamut-metz-n135-k10-poi,135,10,main,seed,7,324,324.029,133286,15662.082000000006,10,True,15613.557000000008,0.31079,0,,90.30078125,90.072265625,turing-3,0.13.4,,fastest__mamut-metz-n135-k10-poi__seed__seed7__t324
fastest,mamut-metz-n135-k10-poi,135,10,main,seed,8,324,324.027,146914,15606.241000000007,10,True,15613.557000000008,-0.04686,0,,90.30078125,90.072265625,turing-3,0.13.4,,fastest__mamut-metz-n135-k10-poi__seed__seed8__t324
fastest,mamut-metz-n135-k10-poi,135,10,main,seed,9,324,324.027,131027,15651.113000000003,10,True,15613.557000000008,0.24053,0,,90.30078125,90.072265625,turing-3,0.13.4,,fastest__mamut-metz-n135-k10-poi__seed__seed9__t324
fastest,mamut-metz-n135-k10-poi,135,10,main,seed,10,324,324.027,146537,15617.276999999995,10,True,15613.557000000008,0.02383,0,,90.30078125,90.072265625,turing-3,0.13.4,,fastest__mamut-metz-n135-k10-poi__seed__seed10__t324
fastest,mamut-reykjavik-n138-k10-poi,138,10,polish,polish,1304,662,662.011,471192,17971.456999999988,10,True,17971.457000000002,-0.0,1,kept_existing,90.31103515625,84.869140625,turing-3,0.13.4,fastest__mamut-reykjavik-n138-k10-poi__seed__seed5__t331,fastest__mamut-reykjavik-n138-k10-poi__polish__seed1304__t662
fastest,mamut-reykjavik-n138-k10-poi,138,10,main,seed,1,331,331.024,185678,17971.457,10,True,17971.457000000002,-0.0,0,,90.3271484375,90.072265625,turing-3,0.13.4,,fastest__mamut-reykjavik-n138-k10-poi__seed__seed1__t331
fastest,mamut-reykjavik-n138-k10-poi,138,10,main,seed,2,331,331.033,186809,17971.457000000002,10,True,17971.457000000002,0.0,0,,90.3271484375,90.072265625,turing-3,0.13.4,,fastest__mamut-reykjavik-n138-k10-poi__seed__seed2__t331
fastest,mamut-reykjavik-n138-k10-poi,138,10,main,seed,3,331,331.023,266416,17971.457000000013,10,True,17971.457000000002,0.0,0,,90.3271484375,90.072265625,turing-3,0.13.4,,fastest__mamut-reykjavik-n138-k10-poi__seed__seed3__t331
fastest,mamut-reykjavik-n138-k10-poi,138,10,main,seed,4,331,331.023,191719,17977.620000000003,10,True,17971.457000000002,0.03429,0,,90.3271484375,90.072265625,turing-3,0.13.4,,fastest__mamut-reykjavik-n138-k10-poi__seed__seed4__t331
fastest,mamut-reykjavik-n138-k10-poi,138,10,main,seed,5,331,331.021,183624,17971.456999999988,10,True,17971.457000000002,-0.0,0,,90.3271484375,90.072265625,turing-3,0.13.4,,fastest__mamut-reykjavik-n138-k10-poi__seed__seed5__t331
fastest,mamut-reykjavik-n138-k10-poi,138,10,main,seed,6,331,331.023,187650,17971.457000000013,10,True,17971.457000000002,0.0,0,,90.3271484375,90.072265625,turing-3,0.13.4,,fastest__mamut-reykjavik-n138-k10-poi__seed__seed6__t331
fastest,mamut-reykjavik-n138-k10-poi,138,10,main,seed,7,331,331.023,186516,17971.456999999995,10,True,17971.457000000002,-0.0,0,,90.3271484375,90.072265625,turing-3,0.13.4,,fastest__mamut-reykjavik-n138-k10-poi__seed__seed7__t331
fastest,mamut-reykjavik-n138-k10-poi,138,10,main,seed,8,331,331.014,301750,17971.457,10,True,17971.457000000002,-0.0,0,,90.3271484375,90.072265625,turing-3,0.13.4,,fastest__mamut-reykjavik-n138-k10-poi__seed__seed8__t331
fastest,mamut-reykjavik-n138-k10-poi,138,10,main,seed,9,331,331.026,310332,17977.620000000006,10,True,17971.457000000002,0.03429,0,,90.3271484375,90.072265625,turing-3,0.13.4,,fastest__mamut-reykjavik-n138-k10-poi__seed__seed9__t331
fastest,mamut-reykjavik-n138-k10-poi,138,10,main,seed,10,331,331.014,342779,17971.457000000002,10,True,17971.457000000002,0.0,0,,90.3271484375,90.072265625,turing-3,0.13.4,,fastest__mamut-reykjavik-n138-k10-poi__seed__seed10__t331
fastest,mamut-new_york-n142-k9-hyb,142,9,polish,polish,1290,680,680.01,541513,47164.35999999996,10,True,47164.359999999964,-0.0,1,kept_existing,90.31103515625,80.95947265625,turing-3,0.13.4,fastest__mamut-new_york-n142-k9-hyb__seed__seed7__t340,fastest__mamut-new_york-n142-k9-hyb__polish__seed1290__t680
fastest,mamut-new_york-n142-k9-hyb,142,9,main,seed,1,340,340.026,179621,47164.35999999998,10,True,47164.359999999964,0.0,0,,90.3271484375,90.06103515625,turing-3,0.13.4,,fastest__mamut-new_york-n142-k9-hyb__seed__seed1__t340
fastest,mamut-new_york-n142-k9-hyb,142,9,main,seed,2,340,340.029,182732,47164.35999999998,10,True,47164.359999999964,0.0,0,,90.3271484375,90.06103515625,turing-3,0.13.4,,fastest__mamut-new_york-n142-k9-hyb__seed__seed2__t340
fastest,mamut-new_york-n142-k9-hyb,142,9,main,seed,3,340,340.028,183665,47164.35999999997,10,True,47164.359999999964,0.0,0,,90.3271484375,90.06103515625,turing-3,0.13.4,,fastest__mamut-new_york-n142-k9-hyb__seed__seed3__t340
fastest,mamut-new_york-n142-k9-hyb,142,9,main,seed,4,340,340.027,179238,47164.35999999999,10,True,47164.359999999964,0.0,0,,90.3271484375,90.06103515625,turing-3,0.13.4,,fastest__mamut-new_york-n142-k9-hyb__seed__seed4__t340
fastest,mamut-new_york-n142-k9-hyb,142,9,main,seed,5,340,340.032,247519,47164.35999999998,10,True,47164.359999999964,0.0,0,,90.3271484375,90.06103515625,turing-3,0.13.4,,fastest__mamut-new_york-n142-k9-hyb__seed__seed5__t340
fastest,mamut-new_york-n142-k9-hyb,142,9,main,seed,6,340,340.027,175555,47164.35999999999,10,True,47164.359999999964,0.0,0,,90.3271484375,90.06103515625,turing-3,0.13.4,,fastest__mamut-new_york-n142-k9-hyb__seed__seed6__t340
fastest,mamut-new_york-n142-k9-hyb,142,9,main,seed,7,340,340.026,187296,47164.35999999996,10,True,47164.359999999964,-0.0,0,,90.3271484375,90.06103515625,turing-3,0.13.4,,fastest__mamut-new_york-n142-k9-hyb__seed__seed7__t340
fastest,mamut-new_york-n142-k9-hyb,142,9,main,seed,8,340,340.027,179825,47164.35999999996,10,True,47164.359999999964,-0.0,0,,90.3271484375,90.06103515625,turing-3,0.13.4,,fastest__mamut-new_york-n142-k9-hyb__seed__seed8__t340
fastest,mamut-new_york-n142-k9-hyb,142,9,main,seed,9,340,340.027,178427,47164.35999999997,10,True,47164.359999999964,0.0,0,,90.3271484375,90.06103515625,turing-3,0.13.4,,fastest__mamut-new_york-n142-k9-hyb__seed__seed9__t340
fastest,mamut-new_york-n142-k9-hyb,142,9,main,seed,10,340,340.023,181429,47164.35999999998,10,True,47164.359999999964,0.0,0,,90.3271484375,90.06103515625,turing-3,0.13.4,,fastest__mamut-new_york-n142-k9-hyb__seed__seed10__t340
fastest,mamut-berlin-n145-k11-hyb,145,11,polish,polish,1235,696,696.009,382248,42558.548,11,True,42586.761000000006,-0.06625,1,kept_existing,90.33837890625,76.74658203125,turing-3,0.13.4,fastest__mamut-berlin-n145-k11-hyb__seed__seed10__t348,fastest__mamut-berlin-n145-k11-hyb__polish__seed1235__t696
fastest,mamut-berlin-n145-k11-hyb,145,11,main,seed,1,348,348.02,186247,42568.125,11,True,42586.761000000006,-0.04376,0,,90.5244140625,90.3271484375,turing-3,0.13.4,,fastest__mamut-berlin-n145-k11-hyb__seed__seed1__t348
fastest,mamut-berlin-n145-k11-hyb,145,11,main,seed,2,348,348.017,292629,42568.124999999985,11,True,42586.761000000006,-0.04376,0,,90.5244140625,90.3271484375,turing-3,0.13.4,,fastest__mamut-berlin-n145-k11-hyb__seed__seed2__t348
fastest,mamut-berlin-n145-k11-hyb,145,11,main,seed,3,348,348.028,178112,42611.265999999996,11,True,42586.761000000006,0.05754,0,,90.5244140625,90.3271484375,turing-3,0.13.4,,fastest__mamut-berlin-n145-k11-hyb__seed__seed3__t348
fastest,mamut-berlin-n145-k11-hyb,145,11,main,seed,4,348,348.026,188200,42586.761000000006,11,True,42586.761000000006,0.0,0,,90.5244140625,90.3271484375,turing-3,0.13.4,,fastest__mamut-berlin-n145-k11-hyb__seed__seed4__t348
fastest,mamut-berlin-n145-k11-hyb,145,11,main,seed,5,348,348.029,175225,42568.124999999985,11,True,42586.761000000006,-0.04376,0,,90.5244140625,90.3271484375,turing-3,0.13.4,,fastest__mamut-berlin-n145-k11-hyb__seed__seed5__t348
fastest,mamut-berlin-n145-k11-hyb,145,11,main,seed,6,348,348.03,231009,42586.761,11,True,42586.761000000006,-0.0,0,,90.5244140625,90.3271484375,turing-3,0.13.4,,fastest__mamut-berlin-n145-k11-hyb__seed__seed6__t348
fastest,mamut-berlin-n145-k11-hyb,145,11,main,seed,7,348,348.024,169847,42717.39300000001,11,True,42586.761000000006,0.30674,0,,90.5244140625,90.3271484375,turing-3,0.13.4,,fastest__mamut-berlin-n145-k11-hyb__seed__seed7__t348
fastest,mamut-berlin-n145-k11-hyb,145,11,main,seed,8,348,348.026,193892,42586.761,11,True,42586.761000000006,-0.0,0,,90.5244140625,90.3271484375,turing-3,0.13.4,,fastest__mamut-berlin-n145-k11-hyb__seed__seed8__t348
fastest,mamut-berlin-n145-k11-hyb,145,11,main,seed,9,348,348.028,174866,42568.12499999999,11,True,42586.761000000006,-0.04376,0,,90.5244140625,90.3271484375,turing-3,0.13.4,,fastest__mamut-berlin-n145-k11-hyb__seed__seed9__t348
fastest,mamut-berlin-n145-k11-hyb,145,11,main,seed,10,348,348.032,177241,42558.548,11,True,42586.761000000006,-0.06625,0,,90.48291015625,90.26806640625,turing-3,0.13.4,,fastest__mamut-berlin-n145-k11-hyb__seed__seed10__t348
fastest,mamut-le_mans-n148-k16-poi,148,16,pilot,long,101,1420,1420.038,357334,41649.03700000002,16,True,41741.669999999984,-0.22192,0,,8.2685546875,90.27587890625,turing-3,0.13.4,,fastest__mamut-le_mans-n148-k16-poi__long__seed101__t1420
fastest,mamut-le_mans-n148-k16-poi,148,16,polish,polish,1267,710,710.008,194639,41638.42899999999,16,True,41741.669999999984,-0.24733,1,kept_existing,90.33837890625,73.86376953125,turing-3,0.13.4,fastest__mamut-le_mans-n148-k16-poi__seed__seed9__t355,fastest__mamut-le_mans-n148-k16-poi__polish__seed1267__t710
fastest,mamut-le_mans-n148-k16-poi,148,16,pilot,seed,1,355,355.027,71174,41657.69500000001,16,True,41741.669999999984,-0.20118,0,,90.21337890625,90.2216796875,turing-3,0.13.4,,fastest__mamut-le_mans-n148-k16-poi__seed__seed1__t355
fastest,mamut-le_mans-n148-k16-poi,148,16,pilot,seed,2,355,355.032,88383,41812.07499999999,16,True,41741.669999999984,0.16867,0,,90.21337890625,90.2216796875,turing-3,0.13.4,,fastest__mamut-le_mans-n148-k16-poi__seed__seed2__t355
fastest,mamut-le_mans-n148-k16-poi,148,16,pilot,seed,3,355,355.03,76394,41705.21500000002,16,True,41741.669999999984,-0.08733,0,,90.21337890625,90.2216796875,turing-3,0.13.4,,fastest__mamut-le_mans-n148-k16-poi__seed__seed3__t355
fastest,mamut-le_mans-n148-k16-poi,148,16,main,seed,4,355,355.036,77613,41712.03799999999,16,True,41741.669999999984,-0.07099,0,,90.48291015625,90.26806640625,turing-3,0.13.4,,fastest__mamut-le_mans-n148-k16-poi__seed__seed4__t355
fastest,mamut-le_mans-n148-k16-poi,148,16,main,seed,5,355,355.029,92268,41750.007000000005,16,True,41741.669999999984,0.01997,0,,90.48291015625,90.3271484375,turing-3,0.13.4,,fastest__mamut-le_mans-n148-k16-poi__seed__seed5__t355
fastest,mamut-le_mans-n148-k16-poi,148,16,main,seed,6,355,355.024,66022,41849.45100000002,16,True,41741.669999999984,0.25821,0,,90.48291015625,90.3271484375,turing-3,0.13.4,,fastest__mamut-le_mans-n148-k16-poi__seed__seed6__t355
fastest,mamut-le_mans-n148-k16-poi,148,16,main,seed,7,355,355.028,80155,41689.19000000002,16,True,41741.669999999984,-0.12573,0,,90.48291015625,90.3271484375,turing-3,0.13.4,,fastest__mamut-le_mans-n148-k16-poi__seed__seed7__t355
fastest,mamut-le_mans-n148-k16-poi,148,16,main,seed,8,355,355.023,82119,41784.20200000002,16,True,41741.669999999984,0.10189,0,,90.48291015625,90.3271484375,turing-3,0.13.4,,fastest__mamut-le_mans-n148-k16-poi__seed__seed8__t355
fastest,mamut-le_mans-n148-k16-poi,148,16,main,seed,9,355,355.024,72037,41638.42899999999,16,True,41741.669999999984,-0.24733,0,,90.48291015625,90.3271484375,turing-3,0.13.4,,fastest__mamut-le_mans-n148-k16-poi__seed__seed9__t355
fastest,mamut-le_mans-n148-k16-poi,148,16,main,seed,10,355,355.031,70198,41723.53000000001,16,True,41741.669999999984,-0.04346,0,,90.48291015625,90.3271484375,turing-3,0.13.4,,fastest__mamut-le_mans-n148-k16-poi__seed__seed10__t355
fastest,mamut-limoges-n152-k7-poi,152,7,polish,polish,1269,728,728.01,465367,13163.962999999996,7,True,13184.355000000003,-0.15467,1,kept_existing,90.28076171875,69.10009765625,turing-3,0.13.4,fastest__mamut-limoges-n152-k7-poi__seed__seed7__t364,fastest__mamut-limoges-n152-k7-poi__polish__seed1269__t728
fastest,mamut-limoges-n152-k7-poi,152,7,main,seed,1,364,364.03,219991,13171.825000000006,7,True,13184.355000000003,-0.09504,0,,90.287109375,90.3271484375,turing-3,0.13.4,,fastest__mamut-limoges-n152-k7-poi__seed__seed1__t364
fastest,mamut-limoges-n152-k7-poi,152,7,main,seed,2,364,364.03,209449,13163.963000000009,7,True,13184.355000000003,-0.15467,0,,90.287109375,90.3271484375,turing-3,0.13.4,,fastest__mamut-limoges-n152-k7-poi__seed__seed2__t364
fastest,mamut-limoges-n152-k7-poi,152,7,main,seed,3,364,364.028,218424,13167.693000000005,7,True,13184.355000000003,-0.12638,0,,90.287109375,90.3271484375,turing-3,0.13.4,,fastest__mamut-limoges-n152-k7-poi__seed__seed3__t364
fastest,mamut-limoges-n152-k7-poi,152,7,main,seed,4,364,364.03,399684,13163.963000000003,7,True,13184.355000000003,-0.15467,0,,90.287109375,90.3271484375,turing-3,0.13.4,,fastest__mamut-limoges-n152-k7-poi__seed__seed4__t364
fastest,mamut-limoges-n152-k7-poi,152,7,main,seed,5,364,364.024,218202,13406.819999999996,7,True,13184.355000000003,1.68734,0,,90.287109375,90.3271484375,turing-3,0.13.4,,fastest__mamut-limoges-n152-k7-poi__seed__seed5__t364
fastest,mamut-limoges-n152-k7-poi,152,7,main,seed,6,364,364.028,225239,13171.825000000006,7,True,13184.355000000003,-0.09504,0,,90.287109375,90.3271484375,turing-3,0.13.4,,fastest__mamut-limoges-n152-k7-poi__seed__seed6__t364
fastest,mamut-limoges-n152-k7-poi,152,7,main,seed,7,364,364.031,213129,13163.962999999996,7,True,13184.355000000003,-0.15467,0,,90.287109375,90.3271484375,turing-3,0.13.4,,fastest__mamut-limoges-n152-k7-poi__seed__seed7__t364
fastest,mamut-limoges-n152-k7-poi,152,7,main,seed,8,364,364.032,213976,13184.355000000001,7,True,13184.355000000003,-0.0,0,,90.287109375,90.3271484375,turing-3,0.13.4,,fastest__mamut-limoges-n152-k7-poi__seed__seed8__t364
fastest,mamut-limoges-n152-k7-poi,152,7,main,seed,9,364,364.03,240700,13217.711000000005,7,True,13184.355000000003,0.253,0,,90.287109375,90.3271484375,turing-3,0.13.4,,fastest__mamut-limoges-n152-k7-poi__seed__seed9__t364
fastest,mamut-limoges-n152-k7-poi,152,7,main,seed,10,364,364.024,216947,13184.355000000005,7,True,13184.355000000003,0.0,0,,90.287109375,90.3271484375,turing-3,0.13.4,,fastest__mamut-limoges-n152-k7-poi__seed__seed10__t364
fastest,mamut-amiens-n156-k7-poi,156,7,polish,polish,1223,748,748.013,400291,20782.681,7,True,20789.806,-0.03427,1,replaced,90.3056640625,64.0322265625,turing-3,0.13.4,fastest__mamut-amiens-n156-k7-poi__seed__seed6__t374,fastest__mamut-amiens-n156-k7-poi__polish__seed1223__t748
fastest,mamut-amiens-n156-k7-poi,156,7,main,seed,1,374,374.028,140485,20789.506,7,True,20789.806,-0.00144,0,,90.0732421875,90.3125,turing-3,0.13.4,,fastest__mamut-amiens-n156-k7-poi__seed__seed1__t374
fastest,mamut-amiens-n156-k7-poi,156,7,main,seed,2,374,374.032,139658,20785.758,7,True,20789.806,-0.01947,0,,90.0732421875,90.3125,turing-3,0.13.4,,fastest__mamut-amiens-n156-k7-poi__seed__seed2__t374
fastest,mamut-amiens-n156-k7-poi,156,7,main,seed,3,374,374.025,142205,20782.944000000007,7,True,20789.806,-0.03301,0,,90.0732421875,90.3125,turing-3,0.13.4,,fastest__mamut-amiens-n156-k7-poi__seed__seed3__t374
fastest,mamut-amiens-n156-k7-poi,156,7,main,seed,4,374,374.027,208998,20791.103000000006,7,True,20789.806,0.00624,0,,90.0732421875,90.287109375,turing-3,0.13.4,,fastest__mamut-amiens-n156-k7-poi__seed__seed4__t374
fastest,mamut-amiens-n156-k7-poi,156,7,main,seed,5,374,374.033,148314,20789.505,7,True,20789.806,-0.00145,0,,90.3125,90.30078125,turing-3,0.13.4,,fastest__mamut-amiens-n156-k7-poi__seed__seed5__t374
fastest,mamut-amiens-n156-k7-poi,156,7,main,seed,6,374,374.034,166989,20782.681999999997,7,True,20789.806,-0.03427,0,,90.3125,90.30078125,turing-3,0.13.4,,fastest__mamut-amiens-n156-k7-poi__seed__seed6__t374
fastest,mamut-amiens-n156-k7-poi,156,7,main,seed,7,374,374.03,157123,20782.983,7,True,20789.806,-0.03282,0,,90.3125,90.30078125,turing-3,0.13.4,,fastest__mamut-amiens-n156-k7-poi__seed__seed7__t374
fastest,mamut-amiens-n156-k7-poi,156,7,main,seed,8,374,374.026,145463,20796.137999999995,7,True,20789.806,0.03046,0,,90.3125,90.30078125,turing-3,0.13.4,,fastest__mamut-amiens-n156-k7-poi__seed__seed8__t374
fastest,mamut-amiens-n156-k7-poi,156,7,main,seed,9,374,374.038,149182,20789.506,7,True,20789.806,-0.00144,0,,90.3125,90.30078125,turing-3,0.13.4,,fastest__mamut-amiens-n156-k7-poi__seed__seed9__t374
fastest,mamut-amiens-n156-k7-poi,156,7,main,seed,10,374,374.032,142607,20787.452000000005,7,True,20789.806,-0.01132,0,,90.0732421875,90.3125,turing-3,0.13.4,,fastest__mamut-amiens-n156-k7-poi__seed__seed10__t374
fastest,mamut-los_angeles-n159-k9-hyb,159,9,polish,polish,1273,762,762.016,597274,43126.465000000004,9,True,43170.00000000002,-0.10085,1,kept_existing,90.4716796875,90.31103515625,turing-3,0.13.4,fastest__mamut-los_angeles-n159-k9-hyb__seed__seed5__t381,fastest__mamut-los_angeles-n159-k9-hyb__polish__seed1273__t762
fastest,mamut-los_angeles-n159-k9-hyb,159,9,main,seed,1,381,381.028,183835,43386.966,9,True,43170.00000000002,0.50259,0,,90.080078125,90.287109375,turing-3,0.13.4,,fastest__mamut-los_angeles-n159-k9-hyb__seed__seed1__t381
fastest,mamut-los_angeles-n159-k9-hyb,159,9,main,seed,2,381,381.026,262253,43191.86000000003,9,True,43170.00000000002,0.05064,0,,90.080078125,90.287109375,turing-3,0.13.4,,fastest__mamut-los_angeles-n159-k9-hyb__seed__seed2__t381
fastest,mamut-los_angeles-n159-k9-hyb,159,9,main,seed,3,381,381.03,169590,43337.84100000004,9,True,43170.00000000002,0.38879,0,,90.080078125,90.287109375,turing-3,0.13.4,,fastest__mamut-los_angeles-n159-k9-hyb__seed__seed3__t381
fastest,mamut-los_angeles-n159-k9-hyb,159,9,main,seed,4,381,381.029,179077,43165.29200000002,9,True,43170.00000000002,-0.01091,0,,90.080078125,90.287109375,turing-3,0.13.4,,fastest__mamut-los_angeles-n159-k9-hyb__seed__seed4__t381
fastest,mamut-los_angeles-n159-k9-hyb,159,9,main,seed,5,381,381.028,178024,43126.465000000004,9,True,43170.00000000002,-0.10085,0,,90.080078125,90.287109375,turing-3,0.13.4,,fastest__mamut-los_angeles-n159-k9-hyb__seed__seed5__t381
fastest,mamut-los_angeles-n159-k9-hyb,159,9,main,seed,6,381,381.024,178676,43191.86000000001,9,True,43170.00000000002,0.05064,0,,90.080078125,90.287109375,turing-3,0.13.4,,fastest__mamut-los_angeles-n159-k9-hyb__seed__seed6__t381
fastest,mamut-los_angeles-n159-k9-hyb,159,9,main,seed,7,381,381.038,199939,43337.84099999999,9,True,43170.00000000002,0.38879,0,,90.080078125,90.287109375,turing-3,0.13.4,,fastest__mamut-los_angeles-n159-k9-hyb__seed__seed7__t381
fastest,mamut-los_angeles-n159-k9-hyb,159,9,main,seed,8,381,381.019,179154,43252.674999999996,9,True,43170.00000000002,0.19151,0,,90.080078125,90.287109375,turing-3,0.13.4,,fastest__mamut-los_angeles-n159-k9-hyb__seed__seed8__t381
fastest,mamut-los_angeles-n159-k9-hyb,159,9,main,seed,9,381,381.028,181509,43290.44899999999,9,True,43170.00000000002,0.27901,0,,90.080078125,90.287109375,turing-3,0.13.4,,fastest__mamut-los_angeles-n159-k9-hyb__seed__seed9__t381
fastest,mamut-los_angeles-n159-k9-hyb,159,9,main,seed,10,381,381.028,324274,43155.558,9,True,43170.00000000002,-0.03345,0,,90.080078125,90.287109375,turing-3,0.13.4,,fastest__mamut-los_angeles-n159-k9-hyb__seed__seed10__t381
fastest,mamut-le_havre-n163-k7-par,163,7,polish,polish,1266,782,782.016,620545,10589.739000000003,7,True,10592.498,-0.02605,1,replaced,90.603515625,90.3056640625,turing-3,0.13.4,fastest__mamut-le_havre-n163-k7-par__seed__seed7__t391,fastest__mamut-le_havre-n163-k7-par__polish__seed1266__t782
fastest,mamut-le_havre-n163-k7-par,163,7,main,seed,1,391,391.033,231275,10605.478999999992,7,True,10592.498,0.12255,0,,90.08740234375,90.263671875,turing-3,0.13.4,,fastest__mamut-le_havre-n163-k7-par__seed__seed1__t391
fastest,mamut-le_havre-n163-k7-par,163,7,main,seed,2,391,391.03,305531,10604.220000000001,7,True,10592.498,0.11066,0,,90.08740234375,90.263671875,turing-3,0.13.4,,fastest__mamut-le_havre-n163-k7-par__seed__seed2__t391
fastest,mamut-le_havre-n163-k7-par,163,7,main,seed,3,391,391.03,412280,10607.428000000005,7,True,10592.498,0.14095,0,,90.08740234375,90.263671875,turing-3,0.13.4,,fastest__mamut-le_havre-n163-k7-par__seed__seed3__t391
fastest,mamut-le_havre-n163-k7-par,163,7,main,seed,4,391,391.024,229548,10651.921000000002,7,True,10592.498,0.56099,0,,90.08740234375,90.263671875,turing-3,0.13.4,,fastest__mamut-le_havre-n163-k7-par__seed__seed4__t391
fastest,mamut-le_havre-n163-k7-par,163,7,main,seed,5,391,391.032,301506,10610.682999999995,7,True,10592.498,0.17168,0,,90.08740234375,90.48291015625,turing-3,0.13.4,,fastest__mamut-le_havre-n163-k7-par__seed__seed5__t391
fastest,mamut-le_havre-n163-k7-par,163,7,main,seed,6,391,391.016,242637,10615.795000000006,7,True,10592.498,0.21994,0,,90.08740234375,90.263671875,turing-3,0.13.4,,fastest__mamut-le_havre-n163-k7-par__seed__seed6__t391
fastest,mamut-le_havre-n163-k7-par,163,7,main,seed,7,391,391.035,283764,10591.793000000003,7,True,10592.498,-0.00666,0,,90.08740234375,90.48291015625,turing-3,0.13.4,,fastest__mamut-le_havre-n163-k7-par__seed__seed7__t391
fastest,mamut-le_havre-n163-k7-par,163,7,main,seed,8,391,391.026,218276,10635.005,7,True,10592.498,0.40129,0,,90.08740234375,90.48291015625,turing-3,0.13.4,,fastest__mamut-le_havre-n163-k7-par__seed__seed8__t391
fastest,mamut-le_havre-n163-k7-par,163,7,main,seed,9,391,391.028,238724,10609.008999999993,7,True,10592.498,0.15587,0,,90.08740234375,90.48291015625,turing-3,0.13.4,,fastest__mamut-le_havre-n163-k7-par__seed__seed9__t391
fastest,mamut-le_havre-n163-k7-par,163,7,main,seed,10,391,391.036,229888,10595.129999999994,7,True,10592.498,0.02485,0,,90.08740234375,90.263671875,turing-3,0.13.4,,fastest__mamut-le_havre-n163-k7-par__seed__seed10__t391
fastest,mamut-brest-n167-k10-par,167,10,polish,polish,1242,800,800.012,490298,15923.131999999996,10,True,15980.797999999993,-0.36085,1,kept_existing,90.56884765625,90.31103515625,turing-3,0.13.4,fastest__mamut-brest-n167-k10-par__seed__seed2__t400,fastest__mamut-brest-n167-k10-par__polish__seed1242__t800
fastest,mamut-brest-n167-k10-par,167,10,main,seed,1,400,400.032,213422,15976.012999999995,10,True,15980.797999999993,-0.02994,0,,90.54296875,90.080078125,turing-3,0.13.4,,fastest__mamut-brest-n167-k10-par__seed__seed1__t400
fastest,mamut-brest-n167-k10-par,167,10,main,seed,2,400,400.019,338503,15923.131999999996,10,True,15980.797999999993,-0.36085,0,,90.54296875,90.080078125,turing-3,0.13.4,,fastest__mamut-brest-n167-k10-par__seed__seed2__t400
fastest,mamut-brest-n167-k10-par,167,10,main,seed,3,400,400.036,305073,15939.553,10,True,15980.797999999993,-0.25809,0,,90.54296875,90.080078125,turing-3,0.13.4,,fastest__mamut-brest-n167-k10-par__seed__seed3__t400
fastest,mamut-brest-n167-k10-par,167,10,main,seed,4,400,400.031,253315,15986.058,10,True,15980.797999999993,0.03291,0,,90.4990234375,90.0732421875,turing-3,0.13.4,,fastest__mamut-brest-n167-k10-par__seed__seed4__t400
fastest,mamut-brest-n167-k10-par,167,10,main,seed,5,400,400.026,331381,15931.80799999999,10,True,15980.797999999993,-0.30656,0,,90.09521484375,90.48291015625,turing-3,0.13.4,,fastest__mamut-brest-n167-k10-par__seed__seed5__t400
fastest,mamut-brest-n167-k10-par,167,10,main,seed,6,400,400.031,215108,15970.244999999997,10,True,15980.797999999993,-0.06604,0,,90.09521484375,90.48291015625,turing-3,0.13.4,,fastest__mamut-brest-n167-k10-par__seed__seed6__t400
fastest,mamut-brest-n167-k10-par,167,10,main,seed,7,400,400.029,213016,15972.640000000003,10,True,15980.797999999993,-0.05105,0,,90.08740234375,90.5244140625,turing-3,0.13.4,,fastest__mamut-brest-n167-k10-par__seed__seed7__t400
fastest,mamut-brest-n167-k10-par,167,10,main,seed,8,400,400.035,207668,15984.069999999996,10,True,15980.797999999993,0.02047,0,,90.08740234375,90.5244140625,turing-3,0.13.4,,fastest__mamut-brest-n167-k10-par__seed__seed8__t400
fastest,mamut-brest-n167-k10-par,167,10,main,seed,9,400,400.033,323975,15944.024000000001,10,True,15980.797999999993,-0.23011,0,,90.08740234375,90.5244140625,turing-3,0.13.4,,fastest__mamut-brest-n167-k10-par__seed__seed9__t400
fastest,mamut-brest-n167-k10-par,167,10,main,seed,10,400,400.034,204818,15974.646999999995,10,True,15980.797999999993,-0.03849,0,,90.54296875,90.080078125,turing-3,0.13.4,,fastest__mamut-brest-n167-k10-par__seed__seed10__t400
fastest,mamut-paris-n171-k8-hyb,171,8,polish,polish,1296,820,820.013,656701,15532.741999999997,8,True,15532.741999999997,0.0,1,,90.20849609375,90.28076171875,turing-3,0.13.4,bks:pyvrp-ils-v1:seed42,fastest__mamut-paris-n171-k8-hyb__polish__seed1296__t820
fastest,mamut-paris-n171-k8-hyb,171,8,main,seed,1,410,410.031,314155,15532.742000000002,8,True,15532.741999999997,0.0,0,,90.6982421875,90.08740234375,turing-3,0.13.4,,fastest__mamut-paris-n171-k8-hyb__seed__seed1__t410
fastest,mamut-paris-n171-k8-hyb,171,8,main,seed,2,410,410.029,286736,15532.741999999998,8,True,15532.741999999997,0.0,0,,90.6982421875,90.08740234375,turing-3,0.13.4,,fastest__mamut-paris-n171-k8-hyb__seed__seed2__t410
fastest,mamut-paris-n171-k8-hyb,171,8,main,seed,3,410,410.031,257196,15605.981000000005,8,True,15532.741999999997,0.47151,0,,90.6982421875,90.08740234375,turing-3,0.13.4,,fastest__mamut-paris-n171-k8-hyb__seed__seed3__t410
fastest,mamut-paris-n171-k8-hyb,171,8,main,seed,4,410,410.032,278949,15592.541000000007,8,True,15532.741999999997,0.38499,0,,90.6982421875,90.08740234375,turing-3,0.13.4,,fastest__mamut-paris-n171-k8-hyb__seed__seed4__t410
fastest,mamut-paris-n171-k8-hyb,171,8,main,seed,5,410,410.031,282945,15532.742000000006,8,True,15532.741999999997,0.0,0,,90.64208984375,90.080078125,turing-3,0.13.4,,fastest__mamut-paris-n171-k8-hyb__seed__seed5__t410
fastest,mamut-paris-n171-k8-hyb,171,8,main,seed,6,410,410.035,272494,15582.708000000004,8,True,15532.741999999997,0.32168,0,,90.64208984375,90.080078125,turing-3,0.13.4,,fastest__mamut-paris-n171-k8-hyb__seed__seed6__t410
fastest,mamut-paris-n171-k8-hyb,171,8,main,seed,7,410,410.039,443272,15532.742000000004,8,True,15532.741999999997,0.0,0,,90.64208984375,90.080078125,turing-3,0.13.4,,fastest__mamut-paris-n171-k8-hyb__seed__seed7__t410
fastest,mamut-paris-n171-k8-hyb,171,8,main,seed,8,410,410.033,273987,15629.481000000002,8,True,15532.741999999997,0.62281,0,,90.64208984375,90.080078125,turing-3,0.13.4,,fastest__mamut-paris-n171-k8-hyb__seed__seed8__t410
fastest,mamut-paris-n171-k8-hyb,171,8,main,seed,9,410,410.029,279361,15532.742000000002,8,True,15532.741999999997,0.0,0,,90.64208984375,90.080078125,turing-3,0.13.4,,fastest__mamut-paris-n171-k8-hyb__seed__seed9__t410
fastest,mamut-paris-n171-k8-hyb,171,8,main,seed,10,410,410.032,246955,15532.742,8,True,15532.741999999997,0.0,0,,90.6982421875,90.08740234375,turing-3,0.13.4,,fastest__mamut-paris-n171-k8-hyb__seed__seed10__t410
fastest,mamut-nimes-n175-k8-poi,175,8,polish,polish,1292,840,840.012,591361,20188.091000000015,8,True,20322.315000000002,-0.66048,1,kept_existing,90.26904296875,90.33837890625,turing-3,0.13.4,fastest__mamut-nimes-n175-k8-poi__seed__seed8__t420,fastest__mamut-nimes-n175-k8-poi__polish__seed1292__t840
fastest,mamut-nimes-n175-k8-poi,175,8,main,seed,1,420,420.029,250535,20396.488,8,True,20322.315000000002,0.36498,0,,90.64306640625,90.08740234375,turing-3,0.13.4,,fastest__mamut-nimes-n175-k8-poi__seed__seed1__t420
fastest,mamut-nimes-n175-k8-poi,175,8,main,seed,2,420,420.032,257704,20265.926999999992,8,True,20322.315000000002,-0.27747,0,,90.64306640625,90.08740234375,turing-3,0.13.4,,fastest__mamut-nimes-n175-k8-poi__seed__seed2__t420
fastest,mamut-nimes-n175-k8-poi,175,8,main,seed,3,420,420.033,309419,20265.927000000003,8,True,20322.315000000002,-0.27747,0,,90.64306640625,90.08740234375,turing-3,0.13.4,,fastest__mamut-nimes-n175-k8-poi__seed__seed3__t420
fastest,mamut-nimes-n175-k8-poi,175,8,main,seed,4,420,420.034,392569,20211.226,8,True,20322.315000000002,-0.54664,0,,90.64306640625,90.08740234375,turing-3,0.13.4,,fastest__mamut-nimes-n175-k8-poi__seed__seed4__t420
fastest,mamut-nimes-n175-k8-poi,175,8,main,seed,5,420,420.035,400707,20265.92700000001,8,True,20322.315000000002,-0.27747,0,,90.64306640625,90.08740234375,turing-3,0.13.4,,fastest__mamut-nimes-n175-k8-poi__seed__seed5__t420
fastest,mamut-nimes-n175-k8-poi,175,8,main,seed,6,420,420.034,250150,20268.628000000022,8,True,20322.315000000002,-0.26418,0,,90.64306640625,90.08740234375,turing-3,0.13.4,,fastest__mamut-nimes-n175-k8-poi__seed__seed6__t420
fastest,mamut-nimes-n175-k8-poi,175,8,main,seed,7,420,420.035,259404,20202.19600000001,8,True,20322.315000000002,-0.59107,0,,90.64306640625,90.08740234375,turing-3,0.13.4,,fastest__mamut-nimes-n175-k8-poi__seed__seed7__t420
fastest,mamut-nimes-n175-k8-poi,175,8,main,seed,8,420,420.036,261744,20188.091000000015,8,True,20322.315000000002,-0.66048,0,,90.64306640625,90.08740234375,turing-3,0.13.4,,fastest__mamut-nimes-n175-k8-poi__seed__seed8__t420
fastest,mamut-nimes-n175-k8-poi,175,8,main,seed,9,420,420.032,261713,20265.927000000007,8,True,20322.315000000002,-0.27747,0,,90.64306640625,90.08740234375,turing-3,0.13.4,,fastest__mamut-nimes-n175-k8-poi__seed__seed9__t420
fastest,mamut-nimes-n175-k8-poi,175,8,main,seed,10,420,420.037,257253,20272.267000000003,8,True,20322.315000000002,-0.24627,0,,90.64306640625,90.08740234375,turing-3,0.13.4,,fastest__mamut-nimes-n175-k8-poi__seed__seed10__t420
fastest,mamut-arles-n179-k11-par,179,11,polish,polish,1227,858,858.016,778935,48150.106,11,True,48186.38,-0.07528,1,kept_existing,90.24267578125,90.33837890625,turing-3,0.13.4,fastest__mamut-arles-n179-k11-par__seed__seed1__t429,fastest__mamut-arles-n179-k11-par__polish__seed1227__t858
fastest,mamut-arles-n179-k11-par,179,11,main,seed,1,429,429.032,305338,48150.106,11,True,48186.38,-0.07528,0,,90.3486328125,90.64208984375,turing-3,0.13.4,,fastest__mamut-arles-n179-k11-par__seed__seed1__t429
fastest,mamut-arles-n179-k11-par,179,11,main,seed,2,429,429.03,259309,48165.34700000001,11,True,48186.38,-0.04365,0,,90.3486328125,90.64208984375,turing-3,0.13.4,,fastest__mamut-arles-n179-k11-par__seed__seed2__t429
fastest,mamut-arles-n179-k11-par,179,11,main,seed,3,429,429.033,256681,48165.34700000001,11,True,48186.38,-0.04365,0,,90.3486328125,90.64208984375,turing-3,0.13.4,,fastest__mamut-arles-n179-k11-par__seed__seed3__t429
fastest,mamut-arles-n179-k11-par,179,11,main,seed,4,429,429.034,260589,48165.347000000016,11,True,48186.38,-0.04365,0,,90.3486328125,90.59033203125,turing-3,0.13.4,,fastest__mamut-arles-n179-k11-par__seed__seed4__t429
fastest,mamut-arles-n179-k11-par,179,11,main,seed,5,429,429.019,293808,48165.34700000001,11,True,48186.38,-0.04365,0,,90.61181640625,90.08740234375,turing-3,0.13.4,,fastest__mamut-arles-n179-k11-par__seed__seed5__t429
fastest,mamut-arles-n179-k11-par,179,11,main,seed,6,429,429.03,265334,48165.347000000016,11,True,48186.38,-0.04365,0,,90.61181640625,90.08740234375,turing-3,0.13.4,,fastest__mamut-arles-n179-k11-par__seed__seed6__t429
fastest,mamut-arles-n179-k11-par,179,11,main,seed,7,429,429.033,331718,48165.347,11,True,48186.38,-0.04365,0,,90.61181640625,90.080078125,turing-3,0.13.4,,fastest__mamut-arles-n179-k11-par__seed__seed7__t429
fastest,mamut-arles-n179-k11-par,179,11,main,seed,8,429,429.033,324499,48183.07299999998,11,True,48186.38,-0.00686,0,,90.61181640625,90.080078125,turing-3,0.13.4,,fastest__mamut-arles-n179-k11-par__seed__seed8__t429
fastest,mamut-arles-n179-k11-par,179,11,main,seed,9,429,429.035,261325,48175.41599999997,11,True,48186.38,-0.02275,0,,90.61181640625,90.080078125,turing-3,0.13.4,,fastest__mamut-arles-n179-k11-par__seed__seed9__t429
fastest,mamut-arles-n179-k11-par,179,11,main,seed,10,429,429.032,296526,48182.882000000005,11,True,48186.38,-0.00726,0,,90.37939453125,90.64208984375,turing-3,0.13.4,,fastest__mamut-arles-n179-k11-par__seed__seed10__t429
fastest,mamut-besancon-n183-k10-poi,183,10,polish,polish,1236,878,878.015,451939,21367.980999999992,10,True,21367.980999999992,0.0,1,,90.28759765625,90.2626953125,turing-3,0.13.4,bks:pyvrp-ils-v1:seed42,fastest__mamut-besancon-n183-k10-poi__polish__seed1236__t878
fastest,mamut-besancon-n183-k10-poi,183,10,main,seed,1,439,439.039,288081,21415.343999999997,10,True,21367.980999999992,0.22165,0,,90.45361328125,90.61181640625,turing-3,0.13.4,,fastest__mamut-besancon-n183-k10-poi__seed__seed1__t439
fastest,mamut-besancon-n183-k10-poi,183,10,main,seed,2,439,439.034,233040,21367.980999999996,10,True,21367.980999999992,0.0,0,,90.57763671875,90.61181640625,turing-3,0.13.4,,fastest__mamut-besancon-n183-k10-poi__seed__seed2__t439
fastest,mamut-besancon-n183-k10-poi,183,10,main,seed,3,439,439.025,240193,21412.974000000002,10,True,21367.980999999992,0.21056,0,,90.57763671875,90.61181640625,turing-3,0.13.4,,fastest__mamut-besancon-n183-k10-poi__seed__seed3__t439
fastest,mamut-besancon-n183-k10-poi,183,10,main,seed,4,439,439.041,236113,21367.981,10,True,21367.980999999992,0.0,0,,90.57763671875,90.61181640625,turing-3,0.13.4,,fastest__mamut-besancon-n183-k10-poi__seed__seed4__t439
fastest,mamut-besancon-n183-k10-poi,183,10,main,seed,5,439,439.041,236778,21367.980999999996,10,True,21367.980999999992,0.0,0,,90.41259765625,90.59033203125,turing-3,0.13.4,,fastest__mamut-besancon-n183-k10-poi__seed__seed5__t439
fastest,mamut-besancon-n183-k10-poi,183,10,main,seed,6,439,439.033,237776,21399.76700000001,10,True,21367.980999999992,0.14876,0,,90.41259765625,90.59033203125,turing-3,0.13.4,,fastest__mamut-besancon-n183-k10-poi__seed__seed6__t439
fastest,mamut-besancon-n183-k10-poi,183,10,main,seed,7,439,439.031,318173,21367.981,10,True,21367.980999999992,0.0,0,,90.41259765625,90.59033203125,turing-3,0.13.4,,fastest__mamut-besancon-n183-k10-poi__seed__seed7__t439
fastest,mamut-besancon-n183-k10-poi,183,10,main,seed,8,439,439.032,313855,21367.980999999996,10,True,21367.980999999992,0.0,0,,90.41259765625,90.59033203125,turing-3,0.13.4,,fastest__mamut-besancon-n183-k10-poi__seed__seed8__t439
fastest,mamut-besancon-n183-k10-poi,183,10,main,seed,9,439,439.032,369211,21367.981,10,True,21367.980999999992,0.0,0,,90.37939453125,90.59033203125,turing-3,0.13.4,,fastest__mamut-besancon-n183-k10-poi__seed__seed9__t439
fastest,mamut-besancon-n183-k10-poi,183,10,main,seed,10,439,439.039,261413,21367.980999999996,10,True,21367.980999999992,0.0,0,,90.45361328125,90.61181640625,turing-3,0.13.4,,fastest__mamut-besancon-n183-k10-poi__seed__seed10__t439
fastest,mamut-mexico_city-n187-k9-hyb,187,9,polish,polish,1281,896,896.018,701660,63600.84900000002,9,True,63652.502999999975,-0.08115,1,kept_existing,90.31494140625,90.28564453125,turing-3,0.13.4,fastest__mamut-mexico_city-n187-k9-hyb__seed__seed6__t448,fastest__mamut-mexico_city-n187-k9-hyb__polish__seed1281__t896
fastest,mamut-mexico_city-n187-k9-hyb,187,9,main,seed,1,448,448.049,381201,63619.61699999998,9,True,63652.502999999975,-0.05166,0,,90.4931640625,90.64306640625,turing-3,0.13.4,,fastest__mamut-mexico_city-n187-k9-hyb__seed__seed1__t448
fastest,mamut-mexico_city-n187-k9-hyb,187,9,main,seed,2,448,448.036,447755,63653.187,9,True,63652.502999999975,0.00107,0,,90.4931640625,90.64306640625,turing-3,0.13.4,,fastest__mamut-mexico_city-n187-k9-hyb__seed__seed2__t448
fastest,mamut-mexico_city-n187-k9-hyb,187,9,main,seed,3,448,448.042,248155,63716.82899999999,9,True,63652.502999999975,0.10106,0,,90.4931640625,90.64306640625,turing-3,0.13.4,,fastest__mamut-mexico_city-n187-k9-hyb__seed__seed3__t448
fastest,mamut-mexico_city-n187-k9-hyb,187,9,main,seed,4,448,448.036,285119,63742.48899999996,9,True,63652.502999999975,0.14137,0,,90.4931640625,90.64306640625,turing-3,0.13.4,,fastest__mamut-mexico_city-n187-k9-hyb__seed__seed4__t448
fastest,mamut-mexico_city-n187-k9-hyb,187,9,main,seed,5,448,448.042,266826,63949.085,9,True,63652.502999999975,0.46594,0,,90.4931640625,90.64306640625,turing-3,0.13.4,,fastest__mamut-mexico_city-n187-k9-hyb__seed__seed5__t448
fastest,mamut-mexico_city-n187-k9-hyb,187,9,main,seed,6,448,448.04,394893,63600.84900000002,9,True,63652.502999999975,-0.08115,0,,90.4931640625,90.64306640625,turing-3,0.13.4,,fastest__mamut-mexico_city-n187-k9-hyb__seed__seed6__t448
fastest,mamut-mexico_city-n187-k9-hyb,187,9,main,seed,7,448,448.036,349026,63728.537,9,True,63652.502999999975,0.11945,0,,90.4931640625,90.64306640625,turing-3,0.13.4,,fastest__mamut-mexico_city-n187-k9-hyb__seed__seed7__t448
fastest,mamut-mexico_city-n187-k9-hyb,187,9,main,seed,8,448,448.037,408410,63652.50299999998,9,True,63652.502999999975,0.0,0,,90.45361328125,90.64306640625,turing-3,0.13.4,,fastest__mamut-mexico_city-n187-k9-hyb__seed__seed8__t448
fastest,mamut-mexico_city-n187-k9-hyb,187,9,main,seed,9,448,448.041,250213,63643.598999999966,9,True,63652.502999999975,-0.01399,0,,90.45361328125,90.64306640625,turing-3,0.13.4,,fastest__mamut-mexico_city-n187-k9-hyb__seed__seed9__t448
fastest,mamut-mexico_city-n187-k9-hyb,187,9,main,seed,10,448,448.038,271738,63744.88899999999,9,True,63652.502999999975,0.14514,0,,90.4931640625,90.64306640625,turing-3,0.13.4,,fastest__mamut-mexico_city-n187-k9-hyb__seed__seed10__t448
fastest,mamut-caen-n192-k64-poi,192,64,polish,polish,1246,920,920.021,560710,30039.665999999972,64,True,30039.666,-0.0,1,kept_existing,90.09521484375,90.2216796875,turing-3,0.13.4,fastest__mamut-caen-n192-k64-poi__seed__seed7__t460,fastest__mamut-caen-n192-k64-poi__polish__seed1246__t920
fastest,mamut-caen-n192-k64-poi,192,64,main,seed,1,460,460.051,210181,30039.66599999999,64,True,30039.666,-0.0,0,,90.16796875,90.37939453125,turing-3,0.13.4,,fastest__mamut-caen-n192-k64-poi__seed__seed1__t460
fastest,mamut-caen-n192-k64-poi,192,64,main,seed,2,460,460.04,211173,30039.666,64,True,30039.666,0.0,0,,90.16796875,90.37939453125,turing-3,0.13.4,,fastest__mamut-caen-n192-k64-poi__seed__seed2__t460
fastest,mamut-caen-n192-k64-poi,192,64,main,seed,3,460,460.045,211102,30039.665999999987,64,True,30039.666,-0.0,0,,90.16796875,90.37939453125,turing-3,0.13.4,,fastest__mamut-caen-n192-k64-poi__seed__seed3__t460
fastest,mamut-caen-n192-k64-poi,192,64,main,seed,4,460,460.04,274003,30039.665999999994,64,True,30039.666,-0.0,0,,90.16796875,90.37939453125,turing-3,0.13.4,,fastest__mamut-caen-n192-k64-poi__seed__seed4__t460
fastest,mamut-caen-n192-k64-poi,192,64,main,seed,5,460,460.035,241592,30039.666000000005,64,True,30039.666,0.0,0,,90.5361328125,90.671875,turing-3,0.13.4,,fastest__mamut-caen-n192-k64-poi__seed__seed5__t460
fastest,mamut-caen-n192-k64-poi,192,64,main,seed,6,460,460.047,288983,30039.665999999994,64,True,30039.666,-0.0,0,,90.4931640625,90.6982421875,turing-3,0.13.4,,fastest__mamut-caen-n192-k64-poi__seed__seed6__t460
fastest,mamut-caen-n192-k64-poi,192,64,main,seed,7,460,460.034,353903,30039.665999999972,64,True,30039.666,-0.0,0,,90.5361328125,90.671875,turing-3,0.13.4,,fastest__mamut-caen-n192-k64-poi__seed__seed7__t460
fastest,mamut-caen-n192-k64-poi,192,64,main,seed,8,460,460.041,225272,30039.66599999999,64,True,30039.666,-0.0,0,,90.4931640625,90.6982421875,turing-3,0.13.4,,fastest__mamut-caen-n192-k64-poi__seed__seed8__t460
fastest,mamut-caen-n192-k64-poi,192,64,main,seed,9,460,460.037,222066,30039.666000000016,64,True,30039.666,0.0,0,,90.4931640625,90.6982421875,turing-3,0.13.4,,fastest__mamut-caen-n192-k64-poi__seed__seed9__t460
fastest,mamut-caen-n192-k64-poi,192,64,main,seed,10,460,460.033,253074,30039.665999999997,64,True,30039.666,-0.0,0,,90.16796875,90.37939453125,turing-3,0.13.4,,fastest__mamut-caen-n192-k64-poi__seed__seed10__t460
fastest,mamut-toulon-n196-k60-poi,196,60,polish,polish,1321,940,940.027,745348,32136.067999999967,62,True,32136.067999999996,-0.0,1,kept_existing,90.13427734375,90.2216796875,turing-3,0.13.4,fastest__mamut-toulon-n196-k60-poi__seed__seed10__t470,fastest__mamut-toulon-n196-k60-poi__polish__seed1321__t940
fastest,mamut-toulon-n196-k60-poi,196,60,main,seed,1,470,470.051,447817,32136.06799999999,62,True,32136.067999999996,-0.0,0,,90.20263671875,90.4931640625,turing-3,0.13.4,,fastest__mamut-toulon-n196-k60-poi__seed__seed1__t470
fastest,mamut-toulon-n196-k60-poi,196,60,main,seed,2,470,470.048,272800,32136.06799999998,62,True,32136.067999999996,-0.0,0,,90.20263671875,90.4931640625,turing-3,0.13.4,,fastest__mamut-toulon-n196-k60-poi__seed__seed2__t470
fastest,mamut-toulon-n196-k60-poi,196,60,main,seed,3,470,470.039,385885,32136.06799999998,62,True,32136.067999999996,-0.0,0,,90.20263671875,90.4931640625,turing-3,0.13.4,,fastest__mamut-toulon-n196-k60-poi__seed__seed3__t470
fastest,mamut-toulon-n196-k60-poi,196,60,main,seed,4,470,470.046,327837,32136.068000000003,62,True,32136.067999999996,0.0,0,,90.18603515625,90.4931640625,turing-3,0.13.4,,fastest__mamut-toulon-n196-k60-poi__seed__seed4__t470
fastest,mamut-toulon-n196-k60-poi,196,60,main,seed,5,470,470.044,252350,32136.068000000003,62,True,32136.067999999996,0.0,0,,90.11181640625,90.37939453125,turing-3,0.13.4,,fastest__mamut-toulon-n196-k60-poi__seed__seed5__t470
fastest,mamut-toulon-n196-k60-poi,196,60,main,seed,6,470,470.046,269566,32136.067999999985,62,True,32136.067999999996,-0.0,0,,90.11181640625,90.37939453125,turing-3,0.13.4,,fastest__mamut-toulon-n196-k60-poi__seed__seed6__t470
fastest,mamut-toulon-n196-k60-poi,196,60,main,seed,7,470,470.045,298126,32136.067999999992,62,True,32136.067999999996,-0.0,0,,90.11181640625,90.37939453125,turing-3,0.13.4,,fastest__mamut-toulon-n196-k60-poi__seed__seed7__t470
fastest,mamut-toulon-n196-k60-poi,196,60,main,seed,8,470,470.057,283116,32136.06799999998,62,True,32136.067999999996,-0.0,0,,90.11181640625,90.37939453125,turing-3,0.13.4,,fastest__mamut-toulon-n196-k60-poi__seed__seed8__t470
fastest,mamut-toulon-n196-k60-poi,196,60,main,seed,9,470,470.033,433685,32136.06799999997,62,True,32136.067999999996,-0.0,0,,90.11181640625,90.37939453125,turing-3,0.13.4,,fastest__mamut-toulon-n196-k60-poi__seed__seed9__t470
fastest,mamut-toulon-n196-k60-poi,196,60,main,seed,10,470,470.046,286810,32136.067999999967,62,True,32136.067999999996,-0.0,0,,90.20263671875,90.4931640625,turing-3,0.13.4,,fastest__mamut-toulon-n196-k60-poi__seed__seed10__t470
fastest,mamut-orleans-n201-k62-poi,201,62,polish,polish,1293,964,964.017,460432,39139.82499999998,65,True,39156.89100000001,-0.04358,1,replaced,90.13427734375,90.15771484375,turing-3,0.13.4,fastest__mamut-orleans-n201-k62-poi__seed__seed6__t482,fastest__mamut-orleans-n201-k62-poi__polish__seed1293__t964
fastest,mamut-orleans-n201-k62-poi,201,62,main,seed,1,482,482.025,217396,39148.03399999998,65,True,39156.89100000001,-0.02262,0,,90.240234375,90.4931640625,turing-3,0.13.4,,fastest__mamut-orleans-n201-k62-poi__seed__seed1__t482
fastest,mamut-orleans-n201-k62-poi,201,62,main,seed,2,482,482.043,233402,39277.20800000001,65,True,39156.89100000001,0.30727,0,,90.240234375,90.4931640625,turing-3,0.13.4,,fastest__mamut-orleans-n201-k62-poi__seed__seed2__t482
fastest,mamut-orleans-n201-k62-poi,201,62,main,seed,3,482,482.036,277483,39202.42099999998,65,True,39156.89100000001,0.11628,0,,90.240234375,90.4931640625,turing-3,0.13.4,,fastest__mamut-orleans-n201-k62-poi__seed__seed3__t482
fastest,mamut-orleans-n201-k62-poi,201,62,main,seed,4,482,482.04,319474,39177.09100000001,65,True,39156.89100000001,0.05159,0,,90.240234375,90.4931640625,turing-3,0.13.4,,fastest__mamut-orleans-n201-k62-poi__seed__seed4__t482
fastest,mamut-orleans-n201-k62-poi,201,62,main,seed,5,482,482.042,213745,39349.25399999998,65,True,39156.89100000001,0.49126,0,,90.240234375,90.4931640625,turing-3,0.13.4,,fastest__mamut-orleans-n201-k62-poi__seed__seed5__t482
fastest,mamut-orleans-n201-k62-poi,201,62,main,seed,6,482,482.039,364428,39143.59799999999,65,True,39156.89100000001,-0.03395,0,,90.240234375,90.4931640625,turing-3,0.13.4,,fastest__mamut-orleans-n201-k62-poi__seed__seed6__t482
fastest,mamut-orleans-n201-k62-poi,201,62,main,seed,7,482,482.035,218597,39277.20800000001,65,True,39156.89100000001,0.30727,0,,90.240234375,90.4931640625,turing-3,0.13.4,,fastest__mamut-orleans-n201-k62-poi__seed__seed7__t482
fastest,mamut-orleans-n201-k62-poi,201,62,main,seed,8,482,482.023,222078,39143.598999999995,65,True,39156.89100000001,-0.03395,0,,90.240234375,90.4931640625,turing-3,0.13.4,,fastest__mamut-orleans-n201-k62-poi__seed__seed8__t482
fastest,mamut-orleans-n201-k62-poi,201,62,main,seed,9,482,482.042,220096,39143.59899999997,65,True,39156.89100000001,-0.03395,0,,90.240234375,90.4931640625,turing-3,0.13.4,,fastest__mamut-orleans-n201-k62-poi__seed__seed9__t482
fastest,mamut-orleans-n201-k62-poi,201,62,main,seed,10,482,482.034,229897,39143.611000000004,65,True,39156.89100000001,-0.03391,0,,90.240234375,90.4931640625,turing-3,0.13.4,,fastest__mamut-orleans-n201-k62-poi__seed__seed10__t482
fastest,mamut-luxembourg-n206-k65-poi,206,65,polish,polish,1274,988,988.013,369782,99796.09800000003,66,True,99848.71700000006,-0.0527,1,kept_existing,90.18896484375,90.13330078125,turing-3,0.13.4,fastest__mamut-luxembourg-n206-k65-poi__seed__seed2__t494,fastest__mamut-luxembourg-n206-k65-poi__polish__seed1274__t988
fastest,mamut-luxembourg-n206-k65-poi,206,65,main,seed,1,494,494.038,136525,100122.32100000004,66,True,99848.71700000006,0.27402,0,,90.46240234375,90.11181640625,turing-3,0.13.4,,fastest__mamut-luxembourg-n206-k65-poi__seed__seed1__t494
fastest,mamut-luxembourg-n206-k65-poi,206,65,main,seed,2,494,494.041,155869,99796.09800000003,66,True,99848.71700000006,-0.0527,0,,90.46240234375,90.11181640625,turing-3,0.13.4,,fastest__mamut-luxembourg-n206-k65-poi__seed__seed2__t494
fastest,mamut-luxembourg-n206-k65-poi,206,65,main,seed,3,494,494.05,127359,100177.20300000004,66,True,99848.71700000006,0.32898,0,,90.42529296875,90.11181640625,turing-3,0.13.4,,fastest__mamut-luxembourg-n206-k65-poi__seed__seed3__t494
fastest,mamut-luxembourg-n206-k65-poi,206,65,main,seed,4,494,494.046,224318,99963.25300000007,66,True,99848.71700000006,0.11471,0,,90.42529296875,90.11181640625,turing-3,0.13.4,,fastest__mamut-luxembourg-n206-k65-poi__seed__seed4__t494
fastest,mamut-luxembourg-n206-k65-poi,206,65,main,seed,5,494,494.04,252022,100161.6970000001,66,True,99848.71700000006,0.31345,0,,90.26123046875,90.57763671875,turing-3,0.13.4,,fastest__mamut-luxembourg-n206-k65-poi__seed__seed5__t494
fastest,mamut-luxembourg-n206-k65-poi,206,65,main,seed,6,494,494.034,165796,100096.31700000002,66,True,99848.71700000006,0.24798,0,,90.2841796875,90.45361328125,turing-3,0.13.4,,fastest__mamut-luxembourg-n206-k65-poi__seed__seed6__t494
fastest,mamut-luxembourg-n206-k65-poi,206,65,main,seed,7,494,494.027,172741,99796.09800000007,66,True,99848.71700000006,-0.0527,0,,90.2841796875,90.45361328125,turing-3,0.13.4,,fastest__mamut-luxembourg-n206-k65-poi__seed__seed7__t494
fastest,mamut-luxembourg-n206-k65-poi,206,65,main,seed,8,494,494.037,159734,99851.27100000005,66,True,99848.71700000006,0.00256,0,,90.2841796875,90.45361328125,turing-3,0.13.4,,fastest__mamut-luxembourg-n206-k65-poi__seed__seed8__t494
fastest,mamut-luxembourg-n206-k65-poi,206,65,main,seed,9,494,494.025,145080,100176.73200000008,66,True,99848.71700000006,0.32851,0,,90.2841796875,90.45361328125,turing-3,0.13.4,,fastest__mamut-luxembourg-n206-k65-poi__seed__seed9__t494
fastest,mamut-luxembourg-n206-k65-poi,206,65,main,seed,10,494,494.037,157168,99801.23600000003,66,True,99848.71700000006,-0.04755,0,,90.46240234375,90.11181640625,turing-3,0.13.4,,fastest__mamut-luxembourg-n206-k65-poi__seed__seed10__t494
fastest,mamut-lagos-n210-k66-poi,210,66,polish,polish,1265,1008,1008.025,446510,126007.90799999995,66,True,126008.81999999999,-0.00072,1,kept_existing,90.18896484375,90.18359375,turing-3,0.13.4,fastest__mamut-lagos-n210-k66-poi__seed__seed7__t504,fastest__mamut-lagos-n210-k66-poi__polish__seed1265__t1008
fastest,mamut-lagos-n210-k66-poi,210,66,main,seed,1,504,504.042,244066,126341.34699999997,66,True,126008.81999999999,0.26389,0,,90.56689453125,90.2841796875,turing-3,0.13.4,,fastest__mamut-lagos-n210-k66-poi__seed__seed1__t504
fastest,mamut-lagos-n210-k66-poi,210,66,main,seed,2,504,504.047,281909,126007.90800000007,66,True,126008.81999999999,-0.00072,0,,90.56689453125,90.2841796875,turing-3,0.13.4,,fastest__mamut-lagos-n210-k66-poi__seed__seed2__t504
fastest,mamut-lagos-n210-k66-poi,210,66,main,seed,3,504,504.04,335648,126011.34599999996,66,True,126008.81999999999,0.002,0,,90.60205078125,90.2841796875,turing-3,0.13.4,,fastest__mamut-lagos-n210-k66-poi__seed__seed3__t504
fastest,mamut-lagos-n210-k66-poi,210,66,main,seed,4,504,504.043,313525,126010.43400000001,66,True,126008.81999999999,0.00128,0,,90.60205078125,90.26123046875,turing-3,0.13.4,,fastest__mamut-lagos-n210-k66-poi__seed__seed4__t504
fastest,mamut-lagos-n210-k66-poi,210,66,main,seed,5,504,504.044,232330,126341.34699999994,66,True,126008.81999999999,0.26389,0,,90.41552734375,90.11181640625,turing-3,0.13.4,,fastest__mamut-lagos-n210-k66-poi__seed__seed5__t504
fastest,mamut-lagos-n210-k66-poi,210,66,main,seed,6,504,504.048,321297,126008.81999999996,66,True,126008.81999999999,-0.0,0,,90.41552734375,90.18310546875,turing-3,0.13.4,,fastest__mamut-lagos-n210-k66-poi__seed__seed6__t504
fastest,mamut-lagos-n210-k66-poi,210,66,main,seed,7,504,504.048,287008,126007.90799999995,66,True,126008.81999999999,-0.00072,0,,90.41552734375,90.18310546875,turing-3,0.13.4,,fastest__mamut-lagos-n210-k66-poi__seed__seed7__t504
fastest,mamut-lagos-n210-k66-poi,210,66,main,seed,8,504,504.044,252412,126007.909,66,True,126008.81999999999,-0.00072,0,,90.41552734375,90.18310546875,turing-3,0.13.4,,fastest__mamut-lagos-n210-k66-poi__seed__seed8__t504
fastest,mamut-lagos-n210-k66-poi,210,66,main,seed,9,504,504.043,222891,126013.22200000001,66,True,126008.81999999999,0.00349,0,,90.46240234375,90.18310546875,turing-3,0.13.4,,fastest__mamut-lagos-n210-k66-poi__seed__seed9__t504
fastest,mamut-lagos-n210-k66-poi,210,66,main,seed,10,504,504.042,225847,126007.90900000004,66,True,126008.81999999999,-0.00072,0,,90.56689453125,90.2841796875,turing-3,0.13.4,,fastest__mamut-lagos-n210-k66-poi__seed__seed10__t504
fastest,mamut-buenos_aires-n215-k53-hyb,215,53,polish,polish,1245,1032,1032.013,469169,100026.6959999999,55,True,100026.6959999999,0.0,1,,90.20556640625,90.564453125,turing-3,0.13.4,bks:pyvrp-ils-v1:seed42,fastest__mamut-buenos_aires-n215-k53-hyb__polish__seed1245__t1032
fastest,mamut-buenos_aires-n215-k53-hyb,215,53,main,seed,1,516,516.037,270794,100107.52599999993,55,True,100026.6959999999,0.08081,0,,90.56689453125,90.240234375,turing-3,0.13.4,,fastest__mamut-buenos_aires-n215-k53-hyb__seed__seed1__t516
fastest,mamut-buenos_aires-n215-k53-hyb,215,53,main,seed,2,516,516.037,215095,100045.586,55,True,100026.6959999999,0.01888,0,,90.56689453125,90.240234375,turing-3,0.13.4,,fastest__mamut-buenos_aires-n215-k53-hyb__seed__seed2__t516
fastest,mamut-buenos_aires-n215-k53-hyb,215,53,main,seed,3,516,516.036,227995,100109.55999999991,55,True,100026.6959999999,0.08284,0,,90.56689453125,90.240234375,turing-3,0.13.4,,fastest__mamut-buenos_aires-n215-k53-hyb__seed__seed3__t516
fastest,mamut-buenos_aires-n215-k53-hyb,215,53,main,seed,4,516,516.04,231784,100098.72999999994,55,True,100026.6959999999,0.07201,0,,90.56689453125,90.240234375,turing-3,0.13.4,,fastest__mamut-buenos_aires-n215-k53-hyb__seed__seed4__t516
fastest,mamut-buenos_aires-n215-k53-hyb,215,53,main,seed,5,516,516.039,270617,100279.78599999996,56,True,100026.6959999999,0.25302,0,,90.56689453125,90.240234375,turing-3,0.13.4,,fastest__mamut-buenos_aires-n215-k53-hyb__seed__seed5__t516
fastest,mamut-buenos_aires-n215-k53-hyb,215,53,main,seed,6,516,516.038,215748,100054.93099999992,55,True,100026.6959999999,0.02823,0,,90.56689453125,90.240234375,turing-3,0.13.4,,fastest__mamut-buenos_aires-n215-k53-hyb__seed__seed6__t516
fastest,mamut-buenos_aires-n215-k53-hyb,215,53,main,seed,7,516,516.035,369260,100045.586,55,True,100026.6959999999,0.01888,0,,90.56689453125,90.240234375,turing-3,0.13.4,,fastest__mamut-buenos_aires-n215-k53-hyb__seed__seed7__t516
fastest,mamut-buenos_aires-n215-k53-hyb,215,53,main,seed,8,516,516.043,228307,100218.584,56,True,100026.6959999999,0.19184,0,,90.56689453125,90.240234375,turing-3,0.13.4,,fastest__mamut-buenos_aires-n215-k53-hyb__seed__seed8__t516
fastest,mamut-buenos_aires-n215-k53-hyb,215,53,main,seed,9,516,516.027,228763,100098.72999999994,55,True,100026.6959999999,0.07201,0,,90.56689453125,90.240234375,turing-3,0.13.4,,fastest__mamut-buenos_aires-n215-k53-hyb__seed__seed9__t516
fastest,mamut-buenos_aires-n215-k53-hyb,215,53,main,seed,10,516,516.039,230813,100037.52799999995,55,True,100026.6959999999,0.01083,0,,90.56689453125,90.240234375,turing-3,0.13.4,,fastest__mamut-buenos_aires-n215-k53-hyb__seed__seed10__t516
fastest,mamut-manila-n221-k48-hyb,221,48,pilot,long,101,2120,2120.023,1150845,47689.131,50,True,47689.13100000003,-0.0,0,,1.15380859375,61.2890625,turing-3,0.13.4,,fastest__mamut-manila-n221-k48-hyb__long__seed101__t2120
fastest,mamut-manila-n221-k48-hyb,221,48,polish,polish,1277,1060,1060.021,507221,47689.13099999998,50,True,47689.13100000003,-0.0,1,kept_existing,90.2431640625,90.6083984375,turing-3,0.13.4,fastest__mamut-manila-n221-k48-hyb__seed__seed4__t530,fastest__mamut-manila-n221-k48-hyb__polish__seed1277__t1060
fastest,mamut-manila-n221-k48-hyb,221,48,pilot,seed,1,530,530.028,395177,47689.131000000016,50,True,47689.13100000003,-0.0,0,,90.326171875,84.59912109375,turing-3,0.13.4,,fastest__mamut-manila-n221-k48-hyb__seed__seed1__t530
fastest,mamut-manila-n221-k48-hyb,221,48,pilot,seed,2,530,530.042,294255,47689.13100000004,50,True,47689.13100000003,0.0,0,,90.326171875,84.59912109375,turing-3,0.13.4,,fastest__mamut-manila-n221-k48-hyb__seed__seed2__t530
fastest,mamut-manila-n221-k48-hyb,221,48,pilot,seed,3,530,530.051,225109,47689.13099999999,50,True,47689.13100000003,-0.0,0,,90.326171875,84.59912109375,turing-3,0.13.4,,fastest__mamut-manila-n221-k48-hyb__seed__seed3__t530
fastest,mamut-manila-n221-k48-hyb,221,48,main,seed,4,530,530.046,239047,47689.13099999998,50,True,47689.13100000003,-0.0,0,,90.39306640625,90.240234375,turing-3,0.13.4,,fastest__mamut-manila-n221-k48-hyb__seed__seed4__t530
fastest,mamut-manila-n221-k48-hyb,221,48,main,seed,5,530,530.048,234763,47689.13100000002,50,True,47689.13100000003,-0.0,0,,90.39306640625,90.220703125,turing-3,0.13.4,,fastest__mamut-manila-n221-k48-hyb__seed__seed5__t530
fastest,mamut-manila-n221-k48-hyb,221,48,main,seed,6,530,530.047,318502,47689.13099999998,50,True,47689.13100000003,-0.0,0,,90.39306640625,90.220703125,turing-3,0.13.4,,fastest__mamut-manila-n221-k48-hyb__seed__seed6__t530
fastest,mamut-manila-n221-k48-hyb,221,48,main,seed,7,530,530.044,350649,47689.13100000004,50,True,47689.13100000003,0.0,0,,90.44189453125,90.20263671875,turing-3,0.13.4,,fastest__mamut-manila-n221-k48-hyb__seed__seed7__t530
fastest,mamut-manila-n221-k48-hyb,221,48,main,seed,8,530,530.04,264743,47817.43700000002,50,True,47689.13100000003,0.26905,0,,90.44189453125,90.20263671875,turing-3,0.13.4,,fastest__mamut-manila-n221-k48-hyb__seed__seed8__t530
fastest,mamut-manila-n221-k48-hyb,221,48,main,seed,9,530,530.043,240933,47809.688000000024,50,True,47689.13100000003,0.2528,0,,90.44189453125,90.20263671875,turing-3,0.13.4,,fastest__mamut-manila-n221-k48-hyb__seed__seed9__t530
fastest,mamut-manila-n221-k48-hyb,221,48,main,seed,10,530,530.046,379860,47689.131,50,True,47689.13100000003,-0.0,0,,90.44189453125,90.220703125,turing-3,0.13.4,,fastest__mamut-manila-n221-k48-hyb__seed__seed10__t530
fastest,mamut-biarritz-n226-k60-par,226,60,polish,polish,1237,1084,1084.034,543145,39741.573000000004,64,True,39756.44299999999,-0.0374,1,replaced,90.2646484375,90.54736328125,turing-3,0.13.4,fastest__mamut-biarritz-n226-k60-par__seed__seed4__t542,fastest__mamut-biarritz-n226-k60-par__polish__seed1237__t1084
fastest,mamut-biarritz-n226-k60-par,226,60,main,seed,1,542,542.058,287298,39913.65700000003,65,True,39756.44299999999,0.39544,0,,90.37158203125,90.41552734375,turing-3,0.13.4,,fastest__mamut-biarritz-n226-k60-par__seed__seed1__t542
fastest,mamut-biarritz-n226-k60-par,226,60,main,seed,2,542,542.04,280462,39753.306000000004,64,True,39756.44299999999,-0.00789,0,,90.37158203125,90.41552734375,turing-3,0.13.4,,fastest__mamut-biarritz-n226-k60-par__seed__seed2__t542
fastest,mamut-biarritz-n226-k60-par,226,60,main,seed,3,542,542.044,383355,39913.657,65,True,39756.44299999999,0.39544,0,,90.37158203125,90.41552734375,turing-3,0.13.4,,fastest__mamut-biarritz-n226-k60-par__seed__seed3__t542
fastest,mamut-biarritz-n226-k60-par,226,60,main,seed,4,542,542.06,272824,39750.501000000026,64,True,39756.44299999999,-0.01495,0,,90.37158203125,90.46240234375,turing-3,0.13.4,,fastest__mamut-biarritz-n226-k60-par__seed__seed4__t542
fastest,mamut-biarritz-n226-k60-par,226,60,main,seed,5,542,542.052,322270,39926.98500000001,65,True,39756.44299999999,0.42897,0,,90.37158203125,90.46240234375,turing-3,0.13.4,,fastest__mamut-biarritz-n226-k60-par__seed__seed5__t542
fastest,mamut-biarritz-n226-k60-par,226,60,main,seed,6,542,542.047,307159,39913.65700000002,65,True,39756.44299999999,0.39544,0,,90.37158203125,90.46240234375,turing-3,0.13.4,,fastest__mamut-biarritz-n226-k60-par__seed__seed6__t542
fastest,mamut-biarritz-n226-k60-par,226,60,main,seed,7,542,542.06,280030,39913.657000000014,65,True,39756.44299999999,0.39544,0,,90.37158203125,90.46240234375,turing-3,0.13.4,,fastest__mamut-biarritz-n226-k60-par__seed__seed7__t542
fastest,mamut-biarritz-n226-k60-par,226,60,main,seed,8,542,542.047,275407,39760.11200000001,64,True,39756.44299999999,0.00923,0,,90.37158203125,90.46240234375,turing-3,0.13.4,,fastest__mamut-biarritz-n226-k60-par__seed__seed8__t542
fastest,mamut-biarritz-n226-k60-par,226,60,main,seed,9,542,542.047,367508,39753.63799999999,64,True,39756.44299999999,-0.00706,0,,90.37158203125,90.46240234375,turing-3,0.13.4,,fastest__mamut-biarritz-n226-k60-par__seed__seed9__t542
fastest,mamut-biarritz-n226-k60-par,226,60,main,seed,10,542,542.059,363366,39913.657000000036,65,True,39756.44299999999,0.39544,0,,90.37158203125,90.41552734375,turing-3,0.13.4,,fastest__mamut-biarritz-n226-k60-par__seed__seed10__t542
fastest,mamut-dijon-n231-k38-poi,231,38,polish,polish,1257,1108,1108.021,517696,29803.533999999992,39,True,29819.677999999985,-0.05414,1,replaced,90.3134765625,90.3916015625,turing-3,0.13.4,bks:pyvrp-ils-v1:seed42,fastest__mamut-dijon-n231-k38-poi__polish__seed1257__t1108
fastest,mamut-dijon-n231-k38-poi,231,38,main,seed,1,554,554.029,264757,29932.172,39,True,29819.677999999985,0.37725,0,,90.216796875,90.44189453125,turing-3,0.13.4,,fastest__mamut-dijon-n231-k38-poi__seed__seed1__t554
fastest,mamut-dijon-n231-k38-poi,231,38,main,seed,2,554,554.052,222144,29880.159999999996,39,True,29819.677999999985,0.20283,0,,90.216796875,90.44189453125,turing-3,0.13.4,,fastest__mamut-dijon-n231-k38-poi__seed__seed2__t554
fastest,mamut-dijon-n231-k38-poi,231,38,main,seed,3,554,554.048,271462,29919.444999999978,39,True,29819.677999999985,0.33457,0,,90.216796875,90.44189453125,turing-3,0.13.4,,fastest__mamut-dijon-n231-k38-poi__seed__seed3__t554
fastest,mamut-dijon-n231-k38-poi,231,38,main,seed,4,554,554.042,219325,29949.261000000002,39,True,29819.677999999985,0.43456,0,,90.216796875,90.44189453125,turing-3,0.13.4,,fastest__mamut-dijon-n231-k38-poi__seed__seed4__t554
fastest,mamut-dijon-n231-k38-poi,231,38,main,seed,5,554,554.027,222101,29885.439999999977,39,True,29819.677999999985,0.22053,0,,90.216796875,90.44189453125,turing-3,0.13.4,,fastest__mamut-dijon-n231-k38-poi__seed__seed5__t554
fastest,mamut-dijon-n231-k38-poi,231,38,main,seed,6,554,554.048,222125,29868.50299999997,38,True,29819.677999999985,0.16373,0,,90.216796875,90.44189453125,turing-3,0.13.4,,fastest__mamut-dijon-n231-k38-poi__seed__seed6__t554
fastest,mamut-dijon-n231-k38-poi,231,38,main,seed,7,554,554.047,203628,29894.90299999999,39,True,29819.677999999985,0.25227,0,,90.216796875,90.44189453125,turing-3,0.13.4,,fastest__mamut-dijon-n231-k38-poi__seed__seed7__t554
fastest,mamut-dijon-n231-k38-poi,231,38,main,seed,8,554,554.04,273996,29871.006999999994,38,True,29819.677999999985,0.17213,0,,90.216796875,90.44189453125,turing-3,0.13.4,,fastest__mamut-dijon-n231-k38-poi__seed__seed8__t554
fastest,mamut-dijon-n231-k38-poi,231,38,main,seed,9,554,554.056,196335,29867.354999999985,38,True,29819.677999999985,0.15988,0,,90.216796875,90.56689453125,turing-3,0.13.4,,fastest__mamut-dijon-n231-k38-poi__seed__seed9__t554
fastest,mamut-dijon-n231-k38-poi,231,38,main,seed,10,554,554.05,206268,29883.036000000004,39,True,29819.677999999985,0.21247,0,,90.216796875,90.44189453125,turing-3,0.13.4,,fastest__mamut-dijon-n231-k38-poi__seed__seed10__t554
fastest,mamut-chambery-n236-k48-par,236,48,polish,polish,1250,1132,1132.018,345334,75306.07599999997,48,True,75306.07599999997,0.0,1,,90.3134765625,90.34765625,turing-3,0.13.4,bks:pyvrp-ils-v1:seed42,fastest__mamut-chambery-n236-k48-par__polish__seed1250__t1132
fastest,mamut-chambery-n236-k48-par,236,48,main,seed,1,566,566.047,247614,75318.28299999991,48,True,75306.07599999997,0.01621,0,,90.279296875,90.44189453125,turing-3,0.13.4,,fastest__mamut-chambery-n236-k48-par__seed__seed1__t566
fastest,mamut-chambery-n236-k48-par,236,48,main,seed,2,566,566.049,232496,75306.076,48,True,75306.07599999997,0.0,0,,90.279296875,90.44189453125,turing-3,0.13.4,,fastest__mamut-chambery-n236-k48-par__seed__seed2__t566
fastest,mamut-chambery-n236-k48-par,236,48,main,seed,3,566,566.048,179053,75306.07599999999,48,True,75306.07599999997,0.0,0,,90.279296875,90.44189453125,turing-3,0.13.4,,fastest__mamut-chambery-n236-k48-par__seed__seed3__t566
fastest,mamut-chambery-n236-k48-par,236,48,main,seed,4,566,566.04,158291,75388.00100000002,48,True,75306.07599999997,0.10879,0,,90.279296875,90.56689453125,turing-3,0.13.4,,fastest__mamut-chambery-n236-k48-par__seed__seed4__t566
fastest,mamut-chambery-n236-k48-par,236,48,main,seed,5,566,566.052,208354,75306.07600000002,48,True,75306.07599999997,0.0,0,,90.279296875,90.56689453125,turing-3,0.13.4,,fastest__mamut-chambery-n236-k48-par__seed__seed5__t566
fastest,mamut-chambery-n236-k48-par,236,48,main,seed,6,566,566.047,149445,75318.28300000002,48,True,75306.07599999997,0.01621,0,,90.279296875,90.56689453125,turing-3,0.13.4,,fastest__mamut-chambery-n236-k48-par__seed__seed6__t566
fastest,mamut-chambery-n236-k48-par,236,48,main,seed,7,566,566.049,151816,75325.58599999997,48,True,75306.07599999997,0.02591,0,,90.279296875,90.56689453125,turing-3,0.13.4,,fastest__mamut-chambery-n236-k48-par__seed__seed7__t566
fastest,mamut-chambery-n236-k48-par,236,48,main,seed,8,566,566.029,197319,75325.586,48,True,75306.07599999997,0.02591,0,,90.2568359375,90.56689453125,turing-3,0.13.4,,fastest__mamut-chambery-n236-k48-par__seed__seed8__t566
fastest,mamut-chambery-n236-k48-par,236,48,main,seed,9,566,566.042,159544,75318.28300000005,48,True,75306.07599999997,0.01621,0,,90.2568359375,90.56689453125,turing-3,0.13.4,,fastest__mamut-chambery-n236-k48-par__seed__seed9__t566
fastest,mamut-chambery-n236-k48-par,236,48,main,seed,10,566,566.049,164146,75396.30700000004,48,True,75306.07599999997,0.11982,0,,90.279296875,90.44189453125,turing-3,0.13.4,,fastest__mamut-chambery-n236-k48-par__seed__seed10__t566
fastest,mamut-bangkok-n242-k49-hyb,242,49,polish,polish,1231,1160,1160.015,335516,176369.721,49,True,176438.81400000007,-0.03916,1,kept_existing,90.3134765625,90.208984375,turing-3,0.13.4,fastest__mamut-bangkok-n242-k49-hyb__seed__seed3__t580,fastest__mamut-bangkok-n242-k49-hyb__polish__seed1231__t1160
fastest,mamut-bangkok-n242-k49-hyb,242,49,main,seed,1,580,580.053,163782,176426.098,49,True,176438.81400000007,-0.00721,0,,90.57763671875,90.37158203125,turing-3,0.13.4,,fastest__mamut-bangkok-n242-k49-hyb__seed__seed1__t580
fastest,mamut-bangkok-n242-k49-hyb,242,49,main,seed,2,580,580.048,243255,176406.67900000003,49,True,176438.81400000007,-0.01821,0,,90.57763671875,90.37158203125,turing-3,0.13.4,,fastest__mamut-bangkok-n242-k49-hyb__seed__seed2__t580
fastest,mamut-bangkok-n242-k49-hyb,242,49,main,seed,3,580,580.043,184139,176369.721,49,True,176438.81400000007,-0.03916,0,,90.57763671875,90.37158203125,turing-3,0.13.4,,fastest__mamut-bangkok-n242-k49-hyb__seed__seed3__t580
fastest,mamut-bangkok-n242-k49-hyb,242,49,main,seed,4,580,580.048,224499,176419.934,49,True,176438.81400000007,-0.0107,0,,90.57763671875,90.37158203125,turing-3,0.13.4,,fastest__mamut-bangkok-n242-k49-hyb__seed__seed4__t580
fastest,mamut-bangkok-n242-k49-hyb,242,49,main,seed,5,580,580.042,172934,176427.03200000006,49,True,176438.81400000007,-0.00668,0,,90.57763671875,90.37158203125,turing-3,0.13.4,,fastest__mamut-bangkok-n242-k49-hyb__seed__seed5__t580
fastest,mamut-bangkok-n242-k49-hyb,242,49,main,seed,6,580,580.047,175354,176421.698,49,True,176438.81400000007,-0.0097,0,,90.57763671875,90.37158203125,turing-3,0.13.4,,fastest__mamut-bangkok-n242-k49-hyb__seed__seed6__t580
fastest,mamut-bangkok-n242-k49-hyb,242,49,main,seed,7,580,580.05,160052,176426.0979999999,49,True,176438.81400000007,-0.00721,0,,90.53125,90.37158203125,turing-3,0.13.4,,fastest__mamut-bangkok-n242-k49-hyb__seed__seed7__t580
fastest,mamut-bangkok-n242-k49-hyb,242,49,main,seed,8,580,580.028,275505,176375.88500000004,49,True,176438.81400000007,-0.03567,0,,90.53125,90.50244140625,turing-3,0.13.4,,fastest__mamut-bangkok-n242-k49-hyb__seed__seed8__t580
fastest,mamut-bangkok-n242-k49-hyb,242,49,main,seed,9,580,580.046,169105,176502.70100000003,49,True,176438.81400000007,0.03621,0,,90.53125,90.50244140625,turing-3,0.13.4,,fastest__mamut-bangkok-n242-k49-hyb__seed__seed9__t580
fastest,mamut-bangkok-n242-k49-hyb,242,49,main,seed,10,580,580.046,172283,176374.522,49,True,176438.81400000007,-0.03644,0,,90.57763671875,90.37158203125,turing-3,0.13.4,,fastest__mamut-bangkok-n242-k49-hyb__seed__seed10__t580
fastest,mamut-saint_etienne-n248-k43-poi,248,43,polish,polish,1308,1190,1190.028,593694,93897.66600000007,44,True,94011.95300000004,-0.12157,1,replaced,90.3408203125,90.35986328125,turing-3,0.13.4,fastest__mamut-saint_etienne-n248-k43-poi__seed__seed7__t595,fastest__mamut-saint_etienne-n248-k43-poi__polish__seed1308__t1190
fastest,mamut-saint_etienne-n248-k43-poi,248,43,main,seed,1,595,595.051,321543,94187.14099999999,44,True,94011.95300000004,0.18635,0,,90.55712890625,90.2568359375,turing-3,0.13.4,,fastest__mamut-saint_etienne-n248-k43-poi__seed__seed1__t595
fastest,mamut-saint_etienne-n248-k43-poi,248,43,main,seed,2,595,595.049,241112,94323.18200000006,44,True,94011.95300000004,0.33105,0,,90.55712890625,90.2568359375,turing-3,0.13.4,,fastest__mamut-saint_etienne-n248-k43-poi__seed__seed2__t595
fastest,mamut-saint_etienne-n248-k43-poi,248,43,main,seed,3,595,595.053,228189,94045.42400000009,44,True,94011.95300000004,0.0356,0,,90.55712890625,90.2568359375,turing-3,0.13.4,,fastest__mamut-saint_etienne-n248-k43-poi__seed__seed3__t595
fastest,mamut-saint_etienne-n248-k43-poi,248,43,main,seed,4,595,595.056,229017,94019.16700000006,44,True,94011.95300000004,0.00767,0,,90.55712890625,90.2568359375,turing-3,0.13.4,,fastest__mamut-saint_etienne-n248-k43-poi__seed__seed4__t595
fastest,mamut-saint_etienne-n248-k43-poi,248,43,main,seed,5,595,595.032,234936,93982.91900000005,44,True,94011.95300000004,-0.03088,0,,90.55712890625,90.2568359375,turing-3,0.13.4,,fastest__mamut-saint_etienne-n248-k43-poi__seed__seed5__t595
fastest,mamut-saint_etienne-n248-k43-poi,248,43,main,seed,6,595,595.061,234020,94006.86100000006,44,True,94011.95300000004,-0.00542,0,,90.55712890625,90.2568359375,turing-3,0.13.4,,fastest__mamut-saint_etienne-n248-k43-poi__seed__seed6__t595
fastest,mamut-saint_etienne-n248-k43-poi,248,43,main,seed,7,595,595.051,333334,93937.26900000003,44,True,94011.95300000004,-0.07944,0,,90.55712890625,90.2568359375,turing-3,0.13.4,,fastest__mamut-saint_etienne-n248-k43-poi__seed__seed7__t595
fastest,mamut-saint_etienne-n248-k43-poi,248,43,main,seed,8,595,595.054,318226,94177.723,44,True,94011.95300000004,0.17633,0,,90.85302734375,90.23583984375,turing-3,0.13.4,,fastest__mamut-saint_etienne-n248-k43-poi__seed__seed8__t595
fastest,mamut-saint_etienne-n248-k43-poi,248,43,main,seed,9,595,595.052,279594,93975.08900000002,44,True,94011.95300000004,-0.03921,0,,90.85302734375,90.216796875,turing-3,0.13.4,,fastest__mamut-saint_etienne-n248-k43-poi__seed__seed9__t595
fastest,mamut-saint_etienne-n248-k43-poi,248,43,main,seed,10,595,595.053,239380,94072.47800000005,44,True,94011.95300000004,0.06438,0,,90.55712890625,90.2568359375,turing-3,0.13.4,,fastest__mamut-saint_etienne-n248-k43-poi__seed__seed10__t595
fastest,mamut-mulhouse-n254-k42-par,254,42,polish,polish,1285,1218,1218.021,342398,66185.98800000004,42,True,66401.71600000001,-0.32488,1,replaced,90.267578125,90.603515625,turing-3,0.13.4,fastest__mamut-mulhouse-n254-k42-par__seed__seed5__t609,fastest__mamut-mulhouse-n254-k42-par__polish__seed1285__t1218
fastest,mamut-mulhouse-n254-k42-par,254,42,main,seed,1,609,609.052,209591,66259.406,42,True,66401.71600000001,-0.21432,0,,90.51806640625,90.23583984375,turing-3,0.13.4,,fastest__mamut-mulhouse-n254-k42-par__seed__seed1__t609
fastest,mamut-mulhouse-n254-k42-par,254,42,main,seed,2,609,609.056,201281,66289.794,42,True,66401.71600000001,-0.16855,0,,90.51806640625,90.23583984375,turing-3,0.13.4,,fastest__mamut-mulhouse-n254-k42-par__seed__seed2__t609
fastest,mamut-mulhouse-n254-k42-par,254,42,main,seed,3,609,609.048,167772,66214.19600000007,42,True,66401.71600000001,-0.2824,0,,90.51806640625,90.216796875,turing-3,0.13.4,,fastest__mamut-mulhouse-n254-k42-par__seed__seed3__t609
fastest,mamut-mulhouse-n254-k42-par,254,42,main,seed,4,609,609.065,218833,66293.10400000004,42,True,66401.71600000001,-0.16357,0,,90.51806640625,90.216796875,turing-3,0.13.4,,fastest__mamut-mulhouse-n254-k42-par__seed__seed4__t609
fastest,mamut-mulhouse-n254-k42-par,254,42,main,seed,5,609,609.037,158953,66189.17300000005,42,True,66401.71600000001,-0.32009,0,,90.51806640625,90.216796875,turing-3,0.13.4,,fastest__mamut-mulhouse-n254-k42-par__seed__seed5__t609
fastest,mamut-mulhouse-n254-k42-par,254,42,main,seed,6,609,609.055,163821,66305.974,42,True,66401.71600000001,-0.14419,0,,90.51806640625,90.216796875,turing-3,0.13.4,,fastest__mamut-mulhouse-n254-k42-par__seed__seed6__t609
fastest,mamut-mulhouse-n254-k42-par,254,42,main,seed,7,609,609.052,259623,66450.54099999997,42,True,66401.71600000001,0.07353,0,,90.51806640625,90.216796875,turing-3,0.13.4,,fastest__mamut-mulhouse-n254-k42-par__seed__seed7__t609
fastest,mamut-mulhouse-n254-k42-par,254,42,main,seed,8,609,609.047,157599,66221.00200000001,42,True,66401.71600000001,-0.27215,0,,90.51806640625,90.216796875,turing-3,0.13.4,,fastest__mamut-mulhouse-n254-k42-par__seed__seed8__t609
fastest,mamut-mulhouse-n254-k42-par,254,42,main,seed,9,609,609.055,159456,66403.61100000006,42,True,66401.71600000001,0.00285,0,,90.51806640625,90.216796875,turing-3,0.13.4,,fastest__mamut-mulhouse-n254-k42-par__seed__seed9__t609
fastest,mamut-mulhouse-n254-k42-par,254,42,main,seed,10,609,609.057,162242,66425.80400000002,42,True,66401.71600000001,0.03628,0,,90.51806640625,90.23583984375,turing-3,0.13.4,,fastest__mamut-mulhouse-n254-k42-par__seed__seed10__t609
fastest,mamut-saint_malo-n260-k35-par,260,35,polish,polish,1309,1248,1248.027,706964,28054.801999999992,37,True,28054.80200000001,-0.0,1,kept_existing,90.16650390625,90.20849609375,turing-3,0.13.4,fastest__mamut-saint_malo-n260-k35-par__seed__seed1__t624,fastest__mamut-saint_malo-n260-k35-par__polish__seed1309__t1248
fastest,mamut-saint_malo-n260-k35-par,260,35,main,seed,1,624,624.061,290944,28054.801999999992,37,True,28054.80200000001,-0.0,0,,90.27490234375,90.57763671875,turing-3,0.13.4,,fastest__mamut-saint_malo-n260-k35-par__seed__seed1__t624
fastest,mamut-saint_malo-n260-k35-par,260,35,main,seed,2,624,624.05,407508,28054.802,37,True,28054.80200000001,-0.0,0,,90.27490234375,90.57763671875,turing-3,0.13.4,,fastest__mamut-saint_malo-n260-k35-par__seed__seed2__t624
fastest,mamut-saint_malo-n260-k35-par,260,35,main,seed,3,624,624.053,394255,28054.802,37,True,28054.80200000001,-0.0,0,,90.27490234375,90.53125,turing-3,0.13.4,,fastest__mamut-saint_malo-n260-k35-par__seed__seed3__t624
fastest,mamut-saint_malo-n260-k35-par,260,35,main,seed,4,624,624.062,313948,28054.802000000003,37,True,28054.80200000001,-0.0,0,,90.27490234375,90.53125,turing-3,0.13.4,,fastest__mamut-saint_malo-n260-k35-par__seed__seed4__t624
fastest,mamut-saint_malo-n260-k35-par,260,35,main,seed,5,624,624.059,331558,28054.80200000001,37,True,28054.80200000001,0.0,0,,90.27490234375,90.53125,turing-3,0.13.4,,fastest__mamut-saint_malo-n260-k35-par__seed__seed5__t624
fastest,mamut-saint_malo-n260-k35-par,260,35,main,seed,6,624,624.057,295741,28054.80200000001,37,True,28054.80200000001,0.0,0,,90.27490234375,90.53125,turing-3,0.13.4,,fastest__mamut-saint_malo-n260-k35-par__seed__seed6__t624
fastest,mamut-saint_malo-n260-k35-par,260,35,main,seed,7,624,624.056,368892,28054.801999999996,37,True,28054.80200000001,-0.0,0,,90.27490234375,90.53125,turing-3,0.13.4,,fastest__mamut-saint_malo-n260-k35-par__seed__seed7__t624
fastest,mamut-saint_malo-n260-k35-par,260,35,main,seed,8,624,624.058,294485,28054.802,37,True,28054.80200000001,-0.0,0,,90.27490234375,90.53125,turing-3,0.13.4,,fastest__mamut-saint_malo-n260-k35-par__seed__seed8__t624
fastest,mamut-saint_malo-n260-k35-par,260,35,main,seed,9,624,624.061,293795,28060.867000000013,37,True,28054.80200000001,0.02162,0,,90.25244140625,90.48828125,turing-3,0.13.4,,fastest__mamut-saint_malo-n260-k35-par__seed__seed9__t624
fastest,mamut-saint_malo-n260-k35-par,260,35,main,seed,10,624,624.057,358406,28054.801999999996,37,True,28054.80200000001,-0.0,0,,90.27490234375,90.57763671875,turing-3,0.13.4,,fastest__mamut-saint_malo-n260-k35-par__seed__seed10__t624
fastest,mamut-rouen-n266-k36-poi,266,36,polish,polish,1307,1276,1276.029,749704,43069.385999999984,37,True,43102.44699999999,-0.0767,1,kept_existing,90.38671875,90.24267578125,turing-3,0.13.4,fastest__mamut-rouen-n266-k36-poi__seed__seed3__t638,fastest__mamut-rouen-n266-k36-poi__polish__seed1307__t1276
fastest,mamut-rouen-n266-k36-poi,266,36,main,seed,1,638,638.059,270092,43378.51799999998,37,True,43102.44699999999,0.6405,0,,90.34716796875,90.51806640625,turing-3,0.13.4,,fastest__mamut-rouen-n266-k36-poi__seed__seed1__t638
fastest,mamut-rouen-n266-k36-poi,266,36,main,seed,2,638,638.032,368005,43105.914000000026,37,True,43102.44699999999,0.00804,0,,90.34716796875,90.51806640625,turing-3,0.13.4,,fastest__mamut-rouen-n266-k36-poi__seed__seed2__t638
fastest,mamut-rouen-n266-k36-poi,266,36,main,seed,3,638,638.057,331797,43069.385999999984,37,True,43102.44699999999,-0.0767,0,,90.34716796875,90.51806640625,turing-3,0.13.4,,fastest__mamut-rouen-n266-k36-poi__seed__seed3__t638
fastest,mamut-rouen-n266-k36-poi,266,36,main,seed,4,638,638.056,407849,43437.00499999997,37,True,43102.44699999999,0.77619,0,,90.34716796875,90.51806640625,turing-3,0.13.4,,fastest__mamut-rouen-n266-k36-poi__seed__seed4__t638
fastest,mamut-rouen-n266-k36-poi,266,36,main,seed,5,638,638.053,249471,43420.96199999998,37,True,43102.44699999999,0.73897,0,,90.34716796875,90.51806640625,turing-3,0.13.4,,fastest__mamut-rouen-n266-k36-poi__seed__seed5__t638
fastest,mamut-rouen-n266-k36-poi,266,36,main,seed,6,638,638.068,195254,43511.5,37,True,43102.44699999999,0.94903,0,,90.34716796875,90.51806640625,turing-3,0.13.4,,fastest__mamut-rouen-n266-k36-poi__seed__seed6__t638
fastest,mamut-rouen-n266-k36-poi,266,36,main,seed,7,638,638.056,302906,43415.68799999998,37,True,43102.44699999999,0.72674,0,,90.3193359375,90.51806640625,turing-3,0.13.4,,fastest__mamut-rouen-n266-k36-poi__seed__seed7__t638
fastest,mamut-rouen-n266-k36-poi,266,36,main,seed,8,638,638.056,221793,43509.54,37,True,43102.44699999999,0.94448,0,,90.3193359375,90.51806640625,turing-3,0.13.4,,fastest__mamut-rouen-n266-k36-poi__seed__seed8__t638
fastest,mamut-rouen-n266-k36-poi,266,36,main,seed,9,638,638.056,226003,43425.67299999998,37,True,43102.44699999999,0.7499,0,,90.3193359375,90.51806640625,turing-3,0.13.4,,fastest__mamut-rouen-n266-k36-poi__seed__seed9__t638
fastest,mamut-rouen-n266-k36-poi,266,36,main,seed,10,638,638.036,315042,43074.176,37,True,43102.44699999999,-0.06559,0,,90.34716796875,90.51806640625,turing-3,0.13.4,,fastest__mamut-rouen-n266-k36-poi__seed__seed10__t638
fastest,mamut-aix_en_provence-n272-k39-poi,272,39,polish,polish,1220,1304,1304.028,567917,93671.738,39,True,93790.4069999999,-0.12653,1,replaced,90.32666015625,90.31494140625,turing-3,0.13.4,fastest__mamut-aix_en_provence-n272-k39-poi__seed__seed4__t652,fastest__mamut-aix_en_provence-n272-k39-poi__polish__seed1220__t1304
fastest,mamut-aix_en_provence-n272-k39-poi,272,39,main,seed,1,652,652.065,232753,93993.35200000003,39,True,93790.4069999999,0.21638,0,,90.41064453125,90.51806640625,turing-3,0.13.4,,fastest__mamut-aix_en_provence-n272-k39-poi__seed__seed1__t652
fastest,mamut-aix_en_provence-n272-k39-poi,272,39,main,seed,2,652,652.057,307046,93991.31600000005,39,True,93790.4069999999,0.21421,0,,90.34716796875,90.7529296875,turing-3,0.13.4,,fastest__mamut-aix_en_provence-n272-k39-poi__seed__seed2__t652
fastest,mamut-aix_en_provence-n272-k39-poi,272,39,main,seed,3,652,652.059,300330,93865.94599999998,39,True,93790.4069999999,0.08054,0,,90.34716796875,90.7529296875,turing-3,0.13.4,,fastest__mamut-aix_en_provence-n272-k39-poi__seed__seed3__t652
fastest,mamut-aix_en_provence-n272-k39-poi,272,39,main,seed,4,652,652.058,276662,93710.19499999996,39,True,93790.4069999999,-0.08552,0,,90.34716796875,90.7529296875,turing-3,0.13.4,,fastest__mamut-aix_en_provence-n272-k39-poi__seed__seed4__t652
fastest,mamut-aix_en_provence-n272-k39-poi,272,39,main,seed,5,652,652.064,256024,93951.18899999998,39,True,93790.4069999999,0.17143,0,,90.34716796875,90.7529296875,turing-3,0.13.4,,fastest__mamut-aix_en_provence-n272-k39-poi__seed__seed5__t652
fastest,mamut-aix_en_provence-n272-k39-poi,272,39,main,seed,6,652,652.062,256758,94171.19399999996,39,True,93790.4069999999,0.406,0,,90.34716796875,90.7529296875,turing-3,0.13.4,,fastest__mamut-aix_en_provence-n272-k39-poi__seed__seed6__t652
fastest,mamut-aix_en_provence-n272-k39-poi,272,39,main,seed,7,652,652.056,228480,93765.84599999996,39,True,93790.4069999999,-0.02619,0,,90.34716796875,90.7529296875,turing-3,0.13.4,,fastest__mamut-aix_en_provence-n272-k39-poi__seed__seed7__t652
fastest,mamut-aix_en_provence-n272-k39-poi,272,39,main,seed,8,652,652.068,222646,93913.27799999998,39,True,93790.4069999999,0.13101,0,,90.34716796875,90.7529296875,turing-3,0.13.4,,fastest__mamut-aix_en_provence-n272-k39-poi__seed__seed8__t652
fastest,mamut-aix_en_provence-n272-k39-poi,272,39,main,seed,9,652,652.062,281484,93895.87299999996,39,True,93790.4069999999,0.11245,0,,90.34716796875,90.7529296875,turing-3,0.13.4,,fastest__mamut-aix_en_provence-n272-k39-poi__seed__seed9__t652
fastest,mamut-aix_en_provence-n272-k39-poi,272,39,main,seed,10,652,652.042,183842,94243.41799999998,39,True,93790.4069999999,0.483,0,,90.44677734375,90.51806640625,turing-3,0.13.4,,fastest__mamut-aix_en_provence-n272-k39-poi__seed__seed10__t652
fastest,mamut-quimper-n278-k48-par,278,48,polish,polish,1301,1334,1334.032,302117,44096.085,48,True,44339.219000000005,-0.54835,1,replaced,90.38134765625,90.13427734375,turing-3,0.13.4,fastest__mamut-quimper-n278-k48-par__seed__seed7__t667,fastest__mamut-quimper-n278-k48-par__polish__seed1301__t1334
fastest,mamut-quimper-n278-k48-par,278,48,main,seed,1,667,667.055,219705,44322.75200000003,48,True,44339.219000000005,-0.03714,0,,90.30517578125,90.27490234375,turing-3,0.13.4,,fastest__mamut-quimper-n278-k48-par__seed__seed1__t667
fastest,mamut-quimper-n278-k48-par,278,48,main,seed,2,667,667.058,158175,44198.06700000003,48,True,44339.219000000005,-0.31835,0,,90.30517578125,90.27490234375,turing-3,0.13.4,,fastest__mamut-quimper-n278-k48-par__seed__seed2__t667
fastest,mamut-quimper-n278-k48-par,278,48,main,seed,3,667,667.062,207233,44319.38600000001,48,True,44339.219000000005,-0.04473,0,,90.44091796875,90.27490234375,turing-3,0.13.4,,fastest__mamut-quimper-n278-k48-par__seed__seed3__t667
fastest,mamut-quimper-n278-k48-par,278,48,main,seed,4,667,667.058,207541,44386.477000000035,48,True,44339.219000000005,0.10658,0,,90.44091796875,90.25244140625,turing-3,0.13.4,,fastest__mamut-quimper-n278-k48-par__seed__seed4__t667
fastest,mamut-quimper-n278-k48-par,278,48,main,seed,5,667,667.054,163536,44346.49000000001,48,True,44339.219000000005,0.0164,0,,90.64599609375,90.25244140625,turing-3,0.13.4,,fastest__mamut-quimper-n278-k48-par__seed__seed5__t667
fastest,mamut-quimper-n278-k48-par,278,48,main,seed,6,667,667.057,161980,44153.10099999999,48,True,44339.219000000005,-0.41976,0,,90.64599609375,90.25244140625,turing-3,0.13.4,,fastest__mamut-quimper-n278-k48-par__seed__seed6__t667
fastest,mamut-quimper-n278-k48-par,278,48,main,seed,7,667,667.066,200796,44131.544000000045,48,True,44339.219000000005,-0.46838,0,,90.64599609375,90.25244140625,turing-3,0.13.4,,fastest__mamut-quimper-n278-k48-par__seed__seed7__t667
fastest,mamut-quimper-n278-k48-par,278,48,main,seed,8,667,667.055,226791,44316.47200000001,48,True,44339.219000000005,-0.0513,0,,90.64599609375,90.25244140625,turing-3,0.13.4,,fastest__mamut-quimper-n278-k48-par__seed__seed8__t667
fastest,mamut-quimper-n278-k48-par,278,48,main,seed,9,667,667.06,164000,44292.62600000005,48,True,44339.219000000005,-0.10508,0,,90.64599609375,90.23193359375,turing-3,0.13.4,,fastest__mamut-quimper-n278-k48-par__seed__seed9__t667
fastest,mamut-quimper-n278-k48-par,278,48,main,seed,10,667,667.057,195545,44150.45300000003,48,True,44339.219000000005,-0.42573,0,,90.30517578125,90.27490234375,turing-3,0.13.4,,fastest__mamut-quimper-n278-k48-par__seed__seed10__t667
fastest,mamut-chicago-n285-k91-poi,285,91,polish,polish,1252,1368,1368.035,484176,416819.7280000001,93,True,416999.3910000004,-0.04308,1,replaced,90.33984375,90.18896484375,turing-3,0.13.4,fastest__mamut-chicago-n285-k91-poi__seed__seed1__t684,fastest__mamut-chicago-n285-k91-poi__polish__seed1252__t1368
fastest,mamut-chicago-n285-k91-poi,285,91,main,seed,1,684,684.057,186988,416826.2540000001,93,True,416999.3910000004,-0.04152,0,,90.5595703125,90.34716796875,turing-3,0.13.4,,fastest__mamut-chicago-n285-k91-poi__seed__seed1__t684
fastest,mamut-chicago-n285-k91-poi,285,91,main,seed,2,684,684.06,260216,417533.15200000023,93,True,416999.3910000004,0.128,0,,90.5595703125,90.34716796875,turing-3,0.13.4,,fastest__mamut-chicago-n285-k91-poi__seed__seed2__t684
fastest,mamut-chicago-n285-k91-poi,285,91,main,seed,3,684,684.063,247879,417492.80099999986,93,True,416999.3910000004,0.11832,0,,90.5595703125,90.34716796875,turing-3,0.13.4,,fastest__mamut-chicago-n285-k91-poi__seed__seed3__t684
fastest,mamut-chicago-n285-k91-poi,285,91,main,seed,4,684,684.062,264429,416901.5420000001,93,True,416999.3910000004,-0.02347,0,,90.5595703125,90.34716796875,turing-3,0.13.4,,fastest__mamut-chicago-n285-k91-poi__seed__seed4__t684
fastest,mamut-chicago-n285-k91-poi,285,91,main,seed,5,684,684.061,173018,417253.32800000027,93,True,416999.3910000004,0.0609,0,,90.5595703125,90.34716796875,turing-3,0.13.4,,fastest__mamut-chicago-n285-k91-poi__seed__seed5__t684
fastest,mamut-chicago-n285-k91-poi,285,91,main,seed,6,684,684.058,202546,417528.8090000002,93,True,416999.3910000004,0.12696,0,,90.5595703125,90.34716796875,turing-3,0.13.4,,fastest__mamut-chicago-n285-k91-poi__seed__seed6__t684
fastest,mamut-chicago-n285-k91-poi,285,91,main,seed,7,684,684.066,195274,417499.3380000001,93,True,416999.3910000004,0.11989,0,,90.5595703125,90.34716796875,turing-3,0.13.4,,fastest__mamut-chicago-n285-k91-poi__seed__seed7__t684
fastest,mamut-chicago-n285-k91-poi,285,91,main,seed,8,684,684.055,259961,417126.576,93,True,416999.3910000004,0.0305,0,,90.5595703125,90.34716796875,turing-3,0.13.4,,fastest__mamut-chicago-n285-k91-poi__seed__seed8__t684
fastest,mamut-chicago-n285-k91-poi,285,91,main,seed,9,684,684.062,188347,417131.59300000005,93,True,416999.3910000004,0.0317,0,,90.5595703125,90.34716796875,turing-3,0.13.4,,fastest__mamut-chicago-n285-k91-poi__seed__seed9__t684
fastest,mamut-chicago-n285-k91-poi,285,91,main,seed,10,684,684.056,164516,416929.0680000003,93,True,416999.3910000004,-0.01686,0,,90.5595703125,90.34716796875,turing-3,0.13.4,,fastest__mamut-chicago-n285-k91-poi__seed__seed10__t684
fastest,mamut-bayonne-n292-k33-hyb,292,33,polish,polish,1234,1400,1400.026,500476,60649.27999999997,33,True,60692.56199999999,-0.07131,1,kept_existing,90.29736328125,90.20556640625,turing-3,0.13.4,fastest__mamut-bayonne-n292-k33-hyb__seed__seed6__t700,fastest__mamut-bayonne-n292-k33-hyb__polish__seed1234__t1400
fastest,mamut-bayonne-n292-k33-hyb,292,33,main,seed,1,700,700.071,219264,60676.662,33,True,60692.56199999999,-0.0262,0,,90.25927734375,90.34716796875,turing-3,0.13.4,,fastest__mamut-bayonne-n292-k33-hyb__seed__seed1__t700
fastest,mamut-bayonne-n292-k33-hyb,292,33,main,seed,2,700,700.072,248322,60675.49099999994,33,True,60692.56199999999,-0.02813,0,,90.25927734375,90.34716796875,turing-3,0.13.4,,fastest__mamut-bayonne-n292-k33-hyb__seed__seed2__t700
fastest,mamut-bayonne-n292-k33-hyb,292,33,main,seed,3,700,700.066,228940,60723.321999999964,33,True,60692.56199999999,0.05068,0,,90.25927734375,90.34716796875,turing-3,0.13.4,,fastest__mamut-bayonne-n292-k33-hyb__seed__seed3__t700
fastest,mamut-bayonne-n292-k33-hyb,292,33,main,seed,4,700,700.074,201616,60681.49399999997,33,True,60692.56199999999,-0.01824,0,,90.25927734375,90.34716796875,turing-3,0.13.4,,fastest__mamut-bayonne-n292-k33-hyb__seed__seed4__t700
fastest,mamut-bayonne-n292-k33-hyb,292,33,main,seed,5,700,700.073,286861,60662.95099999998,33,True,60692.56199999999,-0.04879,0,,90.25927734375,90.34716796875,turing-3,0.13.4,,fastest__mamut-bayonne-n292-k33-hyb__seed__seed5__t700
fastest,mamut-bayonne-n292-k33-hyb,292,33,main,seed,6,700,700.073,318069,60649.27999999997,33,True,60692.56199999999,-0.07131,0,,90.25927734375,90.34716796875,turing-3,0.13.4,,fastest__mamut-bayonne-n292-k33-hyb__seed__seed6__t700
fastest,mamut-bayonne-n292-k33-hyb,292,33,main,seed,7,700,700.067,209199,60662.95099999997,33,True,60692.56199999999,-0.04879,0,,90.47900390625,90.34716796875,turing-3,0.13.4,,fastest__mamut-bayonne-n292-k33-hyb__seed__seed7__t700
fastest,mamut-bayonne-n292-k33-hyb,292,33,main,seed,8,700,700.069,255165,60662.95099999997,33,True,60692.56199999999,-0.04879,0,,90.47900390625,90.34716796875,turing-3,0.13.4,,fastest__mamut-bayonne-n292-k33-hyb__seed__seed8__t700
fastest,mamut-bayonne-n292-k33-hyb,292,33,main,seed,9,700,700.08,225338,60649.27999999998,33,True,60692.56199999999,-0.07131,0,,90.47900390625,90.3193359375,turing-3,0.13.4,,fastest__mamut-bayonne-n292-k33-hyb__seed__seed9__t700
fastest,mamut-bayonne-n292-k33-hyb,292,33,main,seed,10,700,700.074,208036,60702.55100000001,33,True,60692.56199999999,0.01646,0,,90.25927734375,90.34716796875,turing-3,0.13.4,,fastest__mamut-bayonne-n292-k33-hyb__seed__seed10__t700
fastest,mamut-vienna-n298-k36-poi,298,36,polish,polish,1326,1430,1430.038,414013,65251.33800000007,36,True,65287.90299999997,-0.05601,1,replaced,90.294921875,90.2880859375,turing-3,0.13.4,fastest__mamut-vienna-n298-k36-poi__seed__seed8__t715,fastest__mamut-vienna-n298-k36-poi__polish__seed1326__t1430
fastest,mamut-vienna-n298-k36-poi,298,36,main,seed,1,715,715.075,204262,65537.52599999997,36,True,65287.90299999997,0.38234,0,,90.1396484375,90.64599609375,turing-3,0.13.4,,fastest__mamut-vienna-n298-k36-poi__seed__seed1__t715
fastest,mamut-vienna-n298-k36-poi,298,36,main,seed,2,715,715.068,225818,65416.574,36,True,65287.90299999997,0.19708,0,,90.1396484375,90.64599609375,turing-3,0.13.4,,fastest__mamut-vienna-n298-k36-poi__seed__seed2__t715
fastest,mamut-vienna-n298-k36-poi,298,36,main,seed,3,715,715.083,176978,65537.32400000002,36,True,65287.90299999997,0.38203,0,,90.1396484375,90.64599609375,turing-3,0.13.4,,fastest__mamut-vienna-n298-k36-poi__seed__seed3__t715
fastest,mamut-vienna-n298-k36-poi,298,36,main,seed,4,715,715.07,260525,65317.37100000002,36,True,65287.90299999997,0.04514,0,,90.1396484375,90.64599609375,turing-3,0.13.4,,fastest__mamut-vienna-n298-k36-poi__seed__seed4__t715
fastest,mamut-vienna-n298-k36-poi,298,36,main,seed,5,715,715.08,205832,65508.87499999998,36,True,65287.90299999997,0.33846,0,,90.1396484375,90.64599609375,turing-3,0.13.4,,fastest__mamut-vienna-n298-k36-poi__seed__seed5__t715
fastest,mamut-vienna-n298-k36-poi,298,36,main,seed,6,715,715.047,233567,65295.34999999997,36,True,65287.90299999997,0.01141,0,,90.1396484375,90.64599609375,turing-3,0.13.4,,fastest__mamut-vienna-n298-k36-poi__seed__seed6__t715
fastest,mamut-vienna-n298-k36-poi,298,36,main,seed,7,715,715.074,191384,65457.66900000003,36,True,65287.90299999997,0.26003,0,,90.1396484375,90.64599609375,turing-3,0.13.4,,fastest__mamut-vienna-n298-k36-poi__seed__seed7__t715
fastest,mamut-vienna-n298-k36-poi,298,36,main,seed,8,715,715.07,214313,65274.36,36,True,65287.90299999997,-0.02074,0,,90.1396484375,90.64599609375,turing-3,0.13.4,,fastest__mamut-vienna-n298-k36-poi__seed__seed8__t715
fastest,mamut-vienna-n298-k36-poi,298,36,main,seed,9,715,715.089,163039,65373.716000000015,36,True,65287.90299999997,0.13144,0,,90.1396484375,90.64599609375,turing-3,0.13.4,,fastest__mamut-vienna-n298-k36-poi__seed__seed9__t715
fastest,mamut-vienna-n298-k36-poi,298,36,main,seed,10,715,715.047,209532,65650.83400000002,36,True,65287.90299999997,0.55589,0,,90.1396484375,90.64599609375,turing-3,0.13.4,,fastest__mamut-vienna-n298-k36-poi__seed__seed10__t715
fastest,mamut-kuala_lumpur-n305-k42-poi,305,42,polish,polish,1264,1464,1464.027,313003,140910.56699999992,43,True,141208.5010000001,-0.21099,1,kept_existing,90.470703125,90.3134765625,turing-3,0.13.4,fastest__mamut-kuala_lumpur-n305-k42-poi__seed__seed2__t732,fastest__mamut-kuala_lumpur-n305-k42-poi__polish__seed1264__t1464
fastest,mamut-kuala_lumpur-n305-k42-poi,305,42,main,seed,1,732,732.078,149001,141330.2520000001,43,True,141208.5010000001,0.08622,0,,90.38720703125,90.47900390625,turing-3,0.13.4,,fastest__mamut-kuala_lumpur-n305-k42-poi__seed__seed1__t732
fastest,mamut-kuala_lumpur-n305-k42-poi,305,42,main,seed,2,732,732.068,235840,140910.56699999992,43,True,141208.5010000001,-0.21099,0,,90.35595703125,90.52099609375,turing-3,0.13.4,,fastest__mamut-kuala_lumpur-n305-k42-poi__seed__seed2__t732
fastest,mamut-kuala_lumpur-n305-k42-poi,305,42,main,seed,3,732,732.069,144502,141290.0180000001,43,True,141208.5010000001,0.05773,0,,90.35595703125,90.52099609375,turing-3,0.13.4,,fastest__mamut-kuala_lumpur-n305-k42-poi__seed__seed3__t732
fastest,mamut-kuala_lumpur-n305-k42-poi,305,42,main,seed,4,732,732.073,155738,141114.38399999993,43,True,141208.5010000001,-0.06665,0,,90.35595703125,90.52099609375,turing-3,0.13.4,,fastest__mamut-kuala_lumpur-n305-k42-poi__seed__seed4__t732
fastest,mamut-kuala_lumpur-n305-k42-poi,305,42,main,seed,5,732,732.063,135368,141345.861,43,True,141208.5010000001,0.09727,0,,90.35595703125,90.52099609375,turing-3,0.13.4,,fastest__mamut-kuala_lumpur-n305-k42-poi__seed__seed5__t732
fastest,mamut-kuala_lumpur-n305-k42-poi,305,42,main,seed,6,732,732.064,136819,141155.65100000004,43,True,141208.5010000001,-0.03743,0,,90.35595703125,90.52099609375,turing-3,0.13.4,,fastest__mamut-kuala_lumpur-n305-k42-poi__seed__seed6__t732
fastest,mamut-kuala_lumpur-n305-k42-poi,305,42,main,seed,7,732,732.076,171825,141077.93599999996,43,True,141208.5010000001,-0.09246,0,,90.35595703125,90.52099609375,turing-3,0.13.4,,fastest__mamut-kuala_lumpur-n305-k42-poi__seed__seed7__t732
fastest,mamut-kuala_lumpur-n305-k42-poi,305,42,main,seed,8,732,732.059,154614,141162.223,43,True,141208.5010000001,-0.03277,0,,90.3271484375,90.5595703125,turing-3,0.13.4,,fastest__mamut-kuala_lumpur-n305-k42-poi__seed__seed8__t732
fastest,mamut-kuala_lumpur-n305-k42-poi,305,42,main,seed,9,732,732.058,162250,141147.48499999984,43,True,141208.5010000001,-0.04321,0,,90.3271484375,90.5595703125,turing-3,0.13.4,,fastest__mamut-kuala_lumpur-n305-k42-poi__seed__seed9__t732
fastest,mamut-kuala_lumpur-n305-k42-poi,305,42,main,seed,10,732,732.063,176068,141063.08799999993,43,True,141208.5010000001,-0.10298,0,,90.38720703125,90.47900390625,turing-3,0.13.4,,fastest__mamut-kuala_lumpur-n305-k42-poi__seed__seed10__t732
fastest,mamut-prague-n313-k11-poi,313,11,polish,polish,1300,1502,1502.032,1044007,83748.619,11,True,84052.85399999999,-0.36196,1,replaced,90.357421875,90.3134765625,turing-3,0.13.4,fastest__mamut-prague-n313-k11-poi__seed__seed1__t751,fastest__mamut-prague-n313-k11-poi__polish__seed1300__t1502
fastest,mamut-prague-n313-k11-poi,313,11,main,seed,1,751,751.049,440391,83849.033,11,True,84052.85399999999,-0.24249,0,,90.275390625,90.5595703125,turing-3,0.13.4,,fastest__mamut-prague-n313-k11-poi__seed__seed1__t751
fastest,mamut-prague-n313-k11-poi,313,11,main,seed,2,751,751.082,431852,83864.81799999988,11,True,84052.85399999999,-0.22371,0,,90.275390625,90.5595703125,turing-3,0.13.4,,fastest__mamut-prague-n313-k11-poi__seed__seed2__t751
fastest,mamut-prague-n313-k11-poi,313,11,main,seed,3,751,751.086,416784,83895.28800000003,11,True,84052.85399999999,-0.18746,0,,90.275390625,90.5595703125,turing-3,0.13.4,,fastest__mamut-prague-n313-k11-poi__seed__seed3__t751
fastest,mamut-prague-n313-k11-poi,313,11,main,seed,4,751,751.087,360814,83993.369,11,True,84052.85399999999,-0.07077,0,,90.275390625,90.5595703125,turing-3,0.13.4,,fastest__mamut-prague-n313-k11-poi__seed__seed4__t751
fastest,mamut-prague-n313-k11-poi,313,11,main,seed,5,751,751.089,474738,84052.546,11,True,84052.85399999999,-0.00037,0,,90.275390625,90.5595703125,turing-3,0.13.4,,fastest__mamut-prague-n313-k11-poi__seed__seed5__t751
fastest,mamut-prague-n313-k11-poi,313,11,main,seed,6,751,751.081,424998,83955.352,11,True,84052.85399999999,-0.116,0,,90.275390625,90.5595703125,turing-3,0.13.4,,fastest__mamut-prague-n313-k11-poi__seed__seed6__t751
fastest,mamut-prague-n313-k11-poi,313,11,main,seed,7,751,751.065,552667,83918.04100000004,11,True,84052.85399999999,-0.16039,0,,90.275390625,90.5595703125,turing-3,0.13.4,,fastest__mamut-prague-n313-k11-poi__seed__seed7__t751
fastest,mamut-prague-n313-k11-poi,313,11,main,seed,8,751,751.072,359699,83945.46600000001,11,True,84052.85399999999,-0.12776,0,,90.275390625,90.5595703125,turing-3,0.13.4,,fastest__mamut-prague-n313-k11-poi__seed__seed8__t751
fastest,mamut-prague-n313-k11-poi,313,11,main,seed,9,751,751.075,529791,83983.75600000001,11,True,84052.85399999999,-0.08221,0,,90.275390625,90.5595703125,turing-3,0.13.4,,fastest__mamut-prague-n313-k11-poi__seed__seed9__t751
fastest,mamut-prague-n313-k11-poi,313,11,main,seed,10,751,751.088,410798,83963.03499999996,11,True,84052.85399999999,-0.10686,0,,90.275390625,90.5595703125,turing-3,0.13.4,,fastest__mamut-prague-n313-k11-poi__seed__seed10__t751
fastest,mamut-reims-n320-k64-hyb,320,64,polish,polish,1302,1536,1536.038,528724,119745.06700000001,64,True,119959.30999999997,-0.1786,1,replaced,90.3876953125,90.3408203125,turing-3,0.13.4,fastest__mamut-reims-n320-k64-hyb__seed__seed4__t768,fastest__mamut-reims-n320-k64-hyb__polish__seed1302__t1536
fastest,mamut-reims-n320-k64-hyb,320,64,main,seed,1,768,768.068,286925,120162.48699999995,65,True,119959.30999999997,0.16937,0,,90.31396484375,90.1396484375,turing-3,0.13.4,,fastest__mamut-reims-n320-k64-hyb__seed__seed1__t768
fastest,mamut-reims-n320-k64-hyb,320,64,main,seed,2,768,768.076,243994,120304.9190000001,65,True,119959.30999999997,0.28811,0,,90.31396484375,90.1396484375,turing-3,0.13.4,,fastest__mamut-reims-n320-k64-hyb__seed__seed2__t768
fastest,mamut-reims-n320-k64-hyb,320,64,main,seed,3,768,768.074,240381,120318.38900000001,65,True,119959.30999999997,0.29933,0,,90.369140625,90.1396484375,turing-3,0.13.4,,fastest__mamut-reims-n320-k64-hyb__seed__seed3__t768
fastest,mamut-reims-n320-k64-hyb,320,64,main,seed,4,768,768.075,204190,119829.85900000008,64,True,119959.30999999997,-0.10791,0,,90.369140625,90.1396484375,turing-3,0.13.4,,fastest__mamut-reims-n320-k64-hyb__seed__seed4__t768
fastest,mamut-reims-n320-k64-hyb,320,64,main,seed,5,768,768.071,246577,120415.04199999997,65,True,119959.30999999997,0.37991,0,,90.369140625,90.1396484375,turing-3,0.13.4,,fastest__mamut-reims-n320-k64-hyb__seed__seed5__t768
fastest,mamut-reims-n320-k64-hyb,320,64,main,seed,6,768,768.078,203623,120242.01299999986,65,True,119959.30999999997,0.23567,0,,90.369140625,90.1396484375,turing-3,0.13.4,,fastest__mamut-reims-n320-k64-hyb__seed__seed6__t768
fastest,mamut-reims-n320-k64-hyb,320,64,main,seed,7,768,768.082,250230,120275.25400000004,65,True,119959.30999999997,0.26338,0,,90.369140625,90.1396484375,turing-3,0.13.4,,fastest__mamut-reims-n320-k64-hyb__seed__seed7__t768
fastest,mamut-reims-n320-k64-hyb,320,64,main,seed,8,768,768.05,211483,120317.72699999991,65,True,119959.30999999997,0.29878,0,,90.369140625,90.1396484375,turing-3,0.13.4,,fastest__mamut-reims-n320-k64-hyb__seed__seed8__t768
fastest,mamut-reims-n320-k64-hyb,320,64,main,seed,9,768,768.073,205065,120302.48900000003,65,True,119959.30999999997,0.28608,0,,90.369140625,90.1396484375,turing-3,0.13.4,,fastest__mamut-reims-n320-k64-hyb__seed__seed9__t768
fastest,mamut-reims-n320-k64-hyb,320,64,main,seed,10,768,768.077,243688,120356.95899999989,65,True,119959.30999999997,0.33149,0,,90.31396484375,90.1396484375,turing-3,0.13.4,,fastest__mamut-reims-n320-k64-hyb__seed__seed10__t768
fastest,mamut-pau-n327-k46-hyb,327,46,polish,polish,1297,1568,1568.029,633666,52019.15700000002,47,True,52122.706000000035,-0.19866,1,replaced,90.45947265625,90.3134765625,turing-3,0.13.4,fastest__mamut-pau-n327-k46-hyb__seed__seed4__t784,fastest__mamut-pau-n327-k46-hyb__polish__seed1297__t1568
fastest,mamut-pau-n327-k46-hyb,327,46,main,seed,1,784,784.084,377150,52125.64899999998,47,True,52122.706000000035,0.00565,0,,90.28564453125,90.275390625,turing-3,0.13.4,,fastest__mamut-pau-n327-k46-hyb__seed__seed1__t784
fastest,mamut-pau-n327-k46-hyb,327,46,main,seed,2,784,784.085,260361,52134.314000000035,47,True,52122.706000000035,0.02227,0,,90.28564453125,90.275390625,turing-3,0.13.4,,fastest__mamut-pau-n327-k46-hyb__seed__seed2__t784
fastest,mamut-pau-n327-k46-hyb,327,46,main,seed,3,784,784.082,279589,52259.64199999999,47,True,52122.706000000035,0.26272,0,,90.28564453125,90.275390625,turing-3,0.13.4,,fastest__mamut-pau-n327-k46-hyb__seed__seed3__t784
fastest,mamut-pau-n327-k46-hyb,327,46,main,seed,4,784,784.077,272023,52024.23500000002,47,True,52122.706000000035,-0.18892,0,,90.28564453125,90.275390625,turing-3,0.13.4,,fastest__mamut-pau-n327-k46-hyb__seed__seed4__t784
fastest,mamut-pau-n327-k46-hyb,327,46,main,seed,5,784,784.081,254670,52114.246000000036,47,True,52122.706000000035,-0.01623,0,,90.28564453125,90.275390625,turing-3,0.13.4,,fastest__mamut-pau-n327-k46-hyb__seed__seed5__t784
fastest,mamut-pau-n327-k46-hyb,327,46,main,seed,6,784,784.056,299975,52323.97900000004,47,True,52122.706000000035,0.38615,0,,90.28564453125,90.275390625,turing-3,0.13.4,,fastest__mamut-pau-n327-k46-hyb__seed__seed6__t784
fastest,mamut-pau-n327-k46-hyb,327,46,main,seed,7,784,784.083,313932,52244.22900000001,47,True,52122.706000000035,0.23315,0,,90.28564453125,90.275390625,turing-3,0.13.4,,fastest__mamut-pau-n327-k46-hyb__seed__seed7__t784
fastest,mamut-pau-n327-k46-hyb,327,46,main,seed,8,784,784.08,368203,52099.58300000005,47,True,52122.706000000035,-0.04436,0,,90.28564453125,90.275390625,turing-3,0.13.4,,fastest__mamut-pau-n327-k46-hyb__seed__seed8__t784
fastest,mamut-pau-n327-k46-hyb,327,46,main,seed,9,784,784.075,260975,52172.00500000001,47,True,52122.706000000035,0.09458,0,,90.28564453125,90.275390625,turing-3,0.13.4,,fastest__mamut-pau-n327-k46-hyb__seed__seed9__t784
fastest,mamut-pau-n327-k46-hyb,327,46,main,seed,10,784,784.088,253921,52074.274999999994,47,True,52122.706000000035,-0.09292,0,,90.28564453125,90.275390625,turing-3,0.13.4,,fastest__mamut-pau-n327-k46-hyb__seed__seed10__t784
fastest,mamut-vannes-n335-k16-par,335,16,polish,polish,1324,1608,1608.037,1350573,26261.639999999992,16,True,26315.39799999999,-0.20428,1,replaced,90.24560546875,90.2431640625,turing-3,0.13.4,fastest__mamut-vannes-n335-k16-par__seed__seed8__t804,fastest__mamut-vannes-n335-k16-par__polish__seed1324__t1608
fastest,mamut-vannes-n335-k16-par,335,16,main,seed,1,804,804.091,562955,26268.592,16,True,26315.39799999999,-0.17787,0,,90.337890625,90.38720703125,turing-3,0.13.4,,fastest__mamut-vannes-n335-k16-par__seed__seed1__t804
fastest,mamut-vannes-n335-k16-par,335,16,main,seed,2,804,804.085,417716,26366.981999999975,16,True,26315.39799999999,0.19602,0,,90.28564453125,90.35595703125,turing-3,0.13.4,,fastest__mamut-vannes-n335-k16-par__seed__seed2__t804
fastest,mamut-vannes-n335-k16-par,335,16,main,seed,3,804,804.089,411208,26274.059000000005,16,True,26315.39799999999,-0.15709,0,,90.28564453125,90.3271484375,turing-3,0.13.4,,fastest__mamut-vannes-n335-k16-par__seed__seed3__t804
fastest,mamut-vannes-n335-k16-par,335,16,main,seed,4,804,804.079,506940,26287.74099999998,16,True,26315.39799999999,-0.1051,0,,90.28564453125,90.3271484375,turing-3,0.13.4,,fastest__mamut-vannes-n335-k16-par__seed__seed4__t804
fastest,mamut-vannes-n335-k16-par,335,16,main,seed,5,804,804.08,538130,26367.554999999982,16,True,26315.39799999999,0.1982,0,,90.28564453125,90.3271484375,turing-3,0.13.4,,fastest__mamut-vannes-n335-k16-par__seed__seed5__t804
fastest,mamut-vannes-n335-k16-par,335,16,main,seed,6,804,804.092,456080,26279.246000000003,16,True,26315.39799999999,-0.13738,0,,90.28564453125,90.3271484375,turing-3,0.13.4,,fastest__mamut-vannes-n335-k16-par__seed__seed6__t804
fastest,mamut-vannes-n335-k16-par,335,16,main,seed,7,804,804.084,471302,26330.176999999974,16,True,26315.39799999999,0.05616,0,,90.28564453125,90.3271484375,turing-3,0.13.4,,fastest__mamut-vannes-n335-k16-par__seed__seed7__t804
fastest,mamut-vannes-n335-k16-par,335,16,main,seed,8,804,804.082,524796,26268.37399999998,16,True,26315.39799999999,-0.17869,0,,90.28564453125,90.3271484375,turing-3,0.13.4,,fastest__mamut-vannes-n335-k16-par__seed__seed8__t804
fastest,mamut-vannes-n335-k16-par,335,16,main,seed,9,804,804.084,484395,26299.847999999976,16,True,26315.39799999999,-0.05909,0,,90.28564453125,90.3271484375,turing-3,0.13.4,,fastest__mamut-vannes-n335-k16-par__seed__seed9__t804
fastest,mamut-vannes-n335-k16-par,335,16,main,seed,10,804,804.098,424103,26291.12599999998,16,True,26315.39799999999,-0.09223,0,,90.337890625,90.33349609375,turing-3,0.13.4,,fastest__mamut-vannes-n335-k16-par__seed__seed10__t804
fastest,mamut-brussels-n343-k46-poi,343,46,polish,polish,1243,1646,1646.04,809213,47926.41699999996,47,True,48218.984,-0.60675,1,replaced,90.28662109375,90.18896484375,turing-3,0.13.4,fastest__mamut-brussels-n343-k46-poi__seed__seed10__t823,fastest__mamut-brussels-n343-k46-poi__polish__seed1243__t1646
fastest,mamut-brussels-n343-k46-poi,343,46,main,seed,1,823,823.08,349706,48111.04199999999,48,True,48218.984,-0.22386,0,,90.283203125,90.31396484375,turing-3,0.13.4,,fastest__mamut-brussels-n343-k46-poi__seed__seed1__t823
fastest,mamut-brussels-n343-k46-poi,343,46,main,seed,2,823,823.084,534885,48130.695999999974,48,True,48218.984,-0.1831,0,,90.283203125,90.31396484375,turing-3,0.13.4,,fastest__mamut-brussels-n343-k46-poi__seed__seed2__t823
fastest,mamut-brussels-n343-k46-poi,343,46,main,seed,3,823,823.083,348767,48114.70500000001,48,True,48218.984,-0.21626,0,,90.283203125,90.31396484375,turing-3,0.13.4,,fastest__mamut-brussels-n343-k46-poi__seed__seed3__t823
fastest,mamut-brussels-n343-k46-poi,343,46,main,seed,4,823,823.082,463846,47953.89999999997,47,True,48218.984,-0.54975,0,,90.283203125,90.31396484375,turing-3,0.13.4,,fastest__mamut-brussels-n343-k46-poi__seed__seed4__t823
fastest,mamut-brussels-n343-k46-poi,343,46,main,seed,5,823,823.085,498049,48064.89699999997,47,True,48218.984,-0.31956,0,,90.283203125,90.31396484375,turing-3,0.13.4,,fastest__mamut-brussels-n343-k46-poi__seed__seed5__t823
fastest,mamut-brussels-n343-k46-poi,343,46,main,seed,6,823,823.082,351526,47942.42200000001,47,True,48218.984,-0.57355,0,,90.283203125,90.369140625,turing-3,0.13.4,,fastest__mamut-brussels-n343-k46-poi__seed__seed6__t823
fastest,mamut-brussels-n343-k46-poi,343,46,main,seed,7,823,823.087,481531,48039.55199999998,47,True,48218.984,-0.37212,0,,90.283203125,90.369140625,turing-3,0.13.4,,fastest__mamut-brussels-n343-k46-poi__seed__seed7__t823
fastest,mamut-brussels-n343-k46-poi,343,46,main,seed,8,823,823.082,365352,48137.92499999999,48,True,48218.984,-0.16811,0,,90.283203125,90.369140625,turing-3,0.13.4,,fastest__mamut-brussels-n343-k46-poi__seed__seed8__t823
fastest,mamut-brussels-n343-k46-poi,343,46,main,seed,9,823,823.071,378901,48052.03399999995,47,True,48218.984,-0.34623,0,,90.283203125,90.369140625,turing-3,0.13.4,,fastest__mamut-brussels-n343-k46-poi__seed__seed9__t823
fastest,mamut-brussels-n343-k46-poi,343,46,main,seed,10,823,823.078,341344,47941.56399999995,47,True,48218.984,-0.57533,0,,90.283203125,90.31396484375,turing-3,0.13.4,,fastest__mamut-brussels-n343-k46-poi__seed__seed10__t823
fastest,mamut-vilnius-n351-k9-poi,351,9,pilot,long,101,3368,3368.052,1905078,43659.87700000004,9,True,43721.88900000002,-0.14183,0,,1.15380859375,48.10107421875,turing-3,0.13.4,,fastest__mamut-vilnius-n351-k9-poi__long__seed101__t3368
fastest,mamut-vilnius-n351-k9-poi,351,9,polish,polish,1327,1684,1684.036,727718,43591.85800000001,9,True,43721.88900000002,-0.2974,1,replaced,90.18505859375,90.146484375,turing-3,0.13.4,fastest__mamut-vilnius-n351-k9-poi__long__seed101__t3368,fastest__mamut-vilnius-n351-k9-poi__polish__seed1327__t1684
fastest,mamut-vilnius-n351-k9-poi,351,9,pilot,seed,1,842,842.097,407697,43733.86900000002,9,True,43721.88900000002,0.0274,0,,1.15380859375,90.21630859375,turing-3,0.13.4,,fastest__mamut-vilnius-n351-k9-poi__seed__seed1__t842
fastest,mamut-vilnius-n351-k9-poi,351,9,pilot,seed,2,842,842.095,327643,43726.14299999998,9,True,43721.88900000002,0.00973,0,,1.15380859375,90.21630859375,turing-3,0.13.4,,fastest__mamut-vilnius-n351-k9-poi__seed__seed2__t842
fastest,mamut-vilnius-n351-k9-poi,351,9,pilot,seed,3,842,842.088,300825,43741.45700000001,9,True,43721.88900000002,0.04476,0,,1.15380859375,90.21630859375,turing-3,0.13.4,,fastest__mamut-vilnius-n351-k9-poi__seed__seed3__t842
fastest,mamut-vilnius-n351-k9-poi,351,9,main,seed,4,842,842.09,326394,43755.72100000001,9,True,43721.88900000002,0.07738,0,,90.7822265625,90.28564453125,turing-3,0.13.4,,fastest__mamut-vilnius-n351-k9-poi__seed__seed4__t842
fastest,mamut-vilnius-n351-k9-poi,351,9,main,seed,5,842,842.099,398401,43699.29400000003,9,True,43721.88900000002,-0.05168,0,,90.7822265625,90.28564453125,turing-3,0.13.4,,fastest__mamut-vilnius-n351-k9-poi__seed__seed5__t842
fastest,mamut-vilnius-n351-k9-poi,351,9,main,seed,6,842,842.09,412340,43722.617999999995,9,True,43721.88900000002,0.00167,0,,90.7822265625,90.28564453125,turing-3,0.13.4,,fastest__mamut-vilnius-n351-k9-poi__seed__seed6__t842
fastest,mamut-vilnius-n351-k9-poi,351,9,main,seed,7,842,842.104,386114,43733.94399999997,9,True,43721.88900000002,0.02757,0,,90.7822265625,90.28564453125,turing-3,0.13.4,,fastest__mamut-vilnius-n351-k9-poi__seed__seed7__t842
fastest,mamut-vilnius-n351-k9-poi,351,9,main,seed,8,842,842.102,311175,43758.668999999994,9,True,43721.88900000002,0.08412,0,,90.7822265625,90.28564453125,turing-3,0.13.4,,fastest__mamut-vilnius-n351-k9-poi__seed__seed8__t842
fastest,mamut-vilnius-n351-k9-poi,351,9,main,seed,9,842,842.101,346015,43701.854000000036,9,True,43721.88900000002,-0.04582,0,,90.7822265625,90.28564453125,turing-3,0.13.4,,fastest__mamut-vilnius-n351-k9-poi__seed__seed9__t842
fastest,mamut-vilnius-n351-k9-poi,351,9,main,seed,10,842,842.063,331231,43714.46899999998,9,True,43721.88900000002,-0.01697,0,,90.7822265625,90.28564453125,turing-3,0.13.4,,fastest__mamut-vilnius-n351-k9-poi__seed__seed10__t842
fastest,mamut-mumbai-n359-k44-poi,359,44,polish,polish,1286,1722,1722.045,748878,97948.67600000006,44,True,98074.60900000011,-0.12841,1,replaced,90.26025390625,90.103515625,turing-3,0.13.4,fastest__mamut-mumbai-n359-k44-poi__seed__seed2__t861,fastest__mamut-mumbai-n359-k44-poi__polish__seed1286__t1722
fastest,mamut-mumbai-n359-k44-poi,359,44,main,seed,1,861,861.09,453747,98053.60800000011,44,True,98074.60900000011,-0.02141,0,,90.9814453125,90.28564453125,turing-3,0.13.4,,fastest__mamut-mumbai-n359-k44-poi__seed__seed1__t861
fastest,mamut-mumbai-n359-k44-poi,359,44,main,seed,2,861,861.088,384705,97961.73700000004,44,True,98074.60900000011,-0.11509,0,,90.9814453125,90.28564453125,turing-3,0.13.4,,fastest__mamut-mumbai-n359-k44-poi__seed__seed2__t861
fastest,mamut-mumbai-n359-k44-poi,359,44,main,seed,3,861,861.089,336477,98306.26400000001,44,True,98074.60900000011,0.2362,0,,90.9814453125,90.28564453125,turing-3,0.13.4,,fastest__mamut-mumbai-n359-k44-poi__seed__seed3__t861
fastest,mamut-mumbai-n359-k44-poi,359,44,main,seed,4,861,861.08,498662,98223.53200000004,44,True,98074.60900000011,0.15185,0,,90.9814453125,90.28564453125,turing-3,0.13.4,,fastest__mamut-mumbai-n359-k44-poi__seed__seed4__t861
fastest,mamut-mumbai-n359-k44-poi,359,44,main,seed,5,861,861.088,334985,98309.80699999996,44,True,98074.60900000011,0.23982,0,,90.9814453125,90.28564453125,turing-3,0.13.4,,fastest__mamut-mumbai-n359-k44-poi__seed__seed5__t861
fastest,mamut-mumbai-n359-k44-poi,359,44,main,seed,6,861,861.055,581013,98021.07800000005,44,True,98074.60900000011,-0.05458,0,,90.9814453125,90.28564453125,turing-3,0.13.4,,fastest__mamut-mumbai-n359-k44-poi__seed__seed6__t861
fastest,mamut-mumbai-n359-k44-poi,359,44,main,seed,7,861,861.088,458157,98472.19400000009,44,True,98074.60900000011,0.40539,0,,90.9814453125,90.28564453125,turing-3,0.13.4,,fastest__mamut-mumbai-n359-k44-poi__seed__seed7__t861
fastest,mamut-mumbai-n359-k44-poi,359,44,main,seed,8,861,861.094,403090,98611.20800000007,45,True,98074.60900000011,0.54713,0,,90.9814453125,90.28564453125,turing-3,0.13.4,,fastest__mamut-mumbai-n359-k44-poi__seed__seed8__t861
fastest,mamut-mumbai-n359-k44-poi,359,44,main,seed,9,861,861.106,333735,98282.49000000008,44,True,98074.60900000011,0.21196,0,,90.90283203125,90.2626953125,turing-3,0.13.4,,fastest__mamut-mumbai-n359-k44-poi__seed__seed9__t861
fastest,mamut-mumbai-n359-k44-poi,359,44,main,seed,10,861,861.061,291143,98594.92600000002,45,True,98074.60900000011,0.53053,0,,90.9814453125,90.28564453125,turing-3,0.13.4,,fastest__mamut-mumbai-n359-k44-poi__seed__seed10__t861
fastest,mamut-albi-n368-k10-par,368,10,polish,polish,1222,1766,1766.045,1286389,20123.879999999986,10,True,20231.439,-0.53164,1,replaced,90.220703125,90.28759765625,turing-3,0.13.4,fastest__mamut-albi-n368-k10-par__seed__seed6__t883,fastest__mamut-albi-n368-k10-par__polish__seed1222__t1766
fastest,mamut-albi-n368-k10-par,368,10,main,seed,1,883,883.059,612375,20199.139000000014,10,True,20231.439,-0.15965,0,,90.265625,90.283203125,turing-3,0.13.4,,fastest__mamut-albi-n368-k10-par__seed__seed1__t883
fastest,mamut-albi-n368-k10-par,368,10,main,seed,2,883,883.092,761420,20179.672000000002,10,True,20231.439,-0.25587,0,,90.265625,90.283203125,turing-3,0.13.4,,fastest__mamut-albi-n368-k10-par__seed__seed2__t883
fastest,mamut-albi-n368-k10-par,368,10,main,seed,3,883,883.061,561812,20182.056999999993,10,True,20231.439,-0.24409,0,,90.265625,90.283203125,turing-3,0.13.4,,fastest__mamut-albi-n368-k10-par__seed__seed3__t883
fastest,mamut-albi-n368-k10-par,368,10,main,seed,4,883,883.099,537825,20178.761,10,True,20231.439,-0.26038,0,,90.265625,90.283203125,turing-3,0.13.4,,fastest__mamut-albi-n368-k10-par__seed__seed4__t883
fastest,mamut-albi-n368-k10-par,368,10,main,seed,5,883,883.098,556184,20154.89900000001,10,True,20231.439,-0.37832,0,,90.265625,90.283203125,turing-3,0.13.4,,fastest__mamut-albi-n368-k10-par__seed__seed5__t883
fastest,mamut-albi-n368-k10-par,368,10,main,seed,6,883,883.094,747106,20139.383000000016,10,True,20231.439,-0.45501,0,,90.265625,90.283203125,turing-3,0.13.4,,fastest__mamut-albi-n368-k10-par__seed__seed6__t883
fastest,mamut-albi-n368-k10-par,368,10,main,seed,7,883,883.091,568084,20140.010999999995,10,True,20231.439,-0.45191,0,,90.265625,90.283203125,turing-3,0.13.4,,fastest__mamut-albi-n368-k10-par__seed__seed7__t883
fastest,mamut-albi-n368-k10-par,368,10,main,seed,8,883,883.102,627717,20243.700000000008,10,True,20231.439,0.0606,0,,90.244140625,90.283203125,turing-3,0.13.4,,fastest__mamut-albi-n368-k10-par__seed__seed8__t883
fastest,mamut-albi-n368-k10-par,368,10,main,seed,9,883,883.101,696423,20181.857999999997,10,True,20231.439,-0.24507,0,,90.244140625,90.26025390625,turing-3,0.13.4,,fastest__mamut-albi-n368-k10-par__seed__seed9__t883
fastest,mamut-albi-n368-k10-par,368,10,main,seed,10,883,883.095,532722,20157.944999999996,10,True,20231.439,-0.36327,0,,90.265625,90.283203125,turing-3,0.13.4,,fastest__mamut-albi-n368-k10-par__seed__seed10__t883
fastest,mamut-grenoble-n376-k34-poi,376,34,polish,polish,1259,1804,1804.042,914617,28699.192,34,True,28720.318000000007,-0.07356,1,kept_existing,90.26123046875,90.26904296875,turing-3,0.13.4,fastest__mamut-grenoble-n376-k34-poi__seed__seed3__t902,fastest__mamut-grenoble-n376-k34-poi__polish__seed1259__t1804
fastest,mamut-grenoble-n376-k34-poi,376,34,main,seed,1,902,902.097,334405,28748.064999999973,34,True,28720.318000000007,0.09661,0,,90.2353515625,90.90283203125,turing-3,0.13.4,,fastest__mamut-grenoble-n376-k34-poi__seed__seed1__t902
fastest,mamut-grenoble-n376-k34-poi,376,34,main,seed,2,902,902.096,332352,28735.602000000006,35,True,28720.318000000007,0.05322,0,,90.2353515625,90.9814453125,turing-3,0.13.4,,fastest__mamut-grenoble-n376-k34-poi__seed__seed2__t902
fastest,mamut-grenoble-n376-k34-poi,376,34,main,seed,3,902,902.092,490586,28699.192,34,True,28720.318000000007,-0.07356,0,,90.2353515625,90.9814453125,turing-3,0.13.4,,fastest__mamut-grenoble-n376-k34-poi__seed__seed3__t902
fastest,mamut-grenoble-n376-k34-poi,376,34,main,seed,4,902,902.088,391510,28721.41299999999,34,True,28720.318000000007,0.00381,0,,90.2353515625,90.9814453125,turing-3,0.13.4,,fastest__mamut-grenoble-n376-k34-poi__seed__seed4__t902
fastest,mamut-grenoble-n376-k34-poi,376,34,main,seed,5,902,902.06,352028,28743.335000000014,35,True,28720.318000000007,0.08014,0,,90.2353515625,90.9814453125,turing-3,0.13.4,,fastest__mamut-grenoble-n376-k34-poi__seed__seed5__t902
fastest,mamut-grenoble-n376-k34-poi,376,34,main,seed,6,902,902.095,340593,28787.928,34,True,28720.318000000007,0.23541,0,,90.2353515625,90.9814453125,turing-3,0.13.4,,fastest__mamut-grenoble-n376-k34-poi__seed__seed6__t902
fastest,mamut-grenoble-n376-k34-poi,376,34,main,seed,7,902,902.094,367643,28719.663,34,True,28720.318000000007,-0.00228,0,,90.2353515625,90.9814453125,turing-3,0.13.4,,fastest__mamut-grenoble-n376-k34-poi__seed__seed7__t902
fastest,mamut-grenoble-n376-k34-poi,376,34,main,seed,8,902,902.09,376212,28740.977,34,True,28720.318000000007,0.07193,0,,90.2353515625,90.9814453125,turing-3,0.13.4,,fastest__mamut-grenoble-n376-k34-poi__seed__seed8__t902
fastest,mamut-grenoble-n376-k34-poi,376,34,main,seed,9,902,902.089,395537,28708.55899999998,34,True,28720.318000000007,-0.04094,0,,90.2353515625,90.9814453125,turing-3,0.13.4,,fastest__mamut-grenoble-n376-k34-poi__seed__seed9__t902
fastest,mamut-grenoble-n376-k34-poi,376,34,main,seed,10,902,902.097,389016,28747.470000000023,34,True,28720.318000000007,0.09454,0,,90.2353515625,90.9814453125,turing-3,0.13.4,,fastest__mamut-grenoble-n376-k34-poi__seed__seed10__t902
fastest,mamut-nice-n385-k12-poi,385,12,polish,polish,1291,1848,1848.041,884172,35892.03900000002,12,True,36084.89999999997,-0.53446,1,replaced,90.2841796875,90.56884765625,turing-3,0.13.4,fastest__mamut-nice-n385-k12-poi__seed__seed6__t924,fastest__mamut-nice-n385-k12-poi__polish__seed1291__t1848
fastest,mamut-nice-n385-k12-poi,385,12,main,seed,1,924,924.101,468838,35957.649,12,True,36084.89999999997,-0.35264,0,,90.255859375,90.76318359375,turing-3,0.13.4,,fastest__mamut-nice-n385-k12-poi__seed__seed1__t924
fastest,mamut-nice-n385-k12-poi,385,12,main,seed,2,924,924.102,519678,35976.35500000003,12,True,36084.89999999997,-0.3008,0,,90.2353515625,90.76318359375,turing-3,0.13.4,,fastest__mamut-nice-n385-k12-poi__seed__seed2__t924
fastest,mamut-nice-n385-k12-poi,385,12,main,seed,3,924,924.133,454191,36009.57100000004,12,True,36084.89999999997,-0.20875,0,,90.2353515625,90.76318359375,turing-3,0.13.4,,fastest__mamut-nice-n385-k12-poi__seed__seed3__t924
fastest,mamut-nice-n385-k12-poi,385,12,main,seed,4,924,924.115,524682,35980.88900000004,12,True,36084.89999999997,-0.28824,0,,90.2353515625,90.7822265625,turing-3,0.13.4,,fastest__mamut-nice-n385-k12-poi__seed__seed4__t924
fastest,mamut-nice-n385-k12-poi,385,12,main,seed,5,924,924.129,458733,35954.300999999985,12,True,36084.89999999997,-0.36192,0,,90.2353515625,90.7822265625,turing-3,0.13.4,,fastest__mamut-nice-n385-k12-poi__seed__seed5__t924
fastest,mamut-nice-n385-k12-poi,385,12,main,seed,6,924,924.139,454197,35892.04100000001,12,True,36084.89999999997,-0.53446,0,,90.2353515625,90.7822265625,turing-3,0.13.4,,fastest__mamut-nice-n385-k12-poi__seed__seed6__t924
fastest,mamut-nice-n385-k12-poi,385,12,main,seed,7,924,924.122,494217,35966.452999999965,12,True,36084.89999999997,-0.32825,0,,90.2353515625,90.7822265625,turing-3,0.13.4,,fastest__mamut-nice-n385-k12-poi__seed__seed7__t924
fastest,mamut-nice-n385-k12-poi,385,12,main,seed,8,924,924.129,421753,36027.719999999994,12,True,36084.89999999997,-0.15846,0,,90.2353515625,90.7822265625,turing-3,0.13.4,,fastest__mamut-nice-n385-k12-poi__seed__seed8__t924
fastest,mamut-nice-n385-k12-poi,385,12,main,seed,9,924,924.141,416047,35923.314000000035,12,True,36084.89999999997,-0.44779,0,,90.2353515625,90.7822265625,turing-3,0.13.4,,fastest__mamut-nice-n385-k12-poi__seed__seed9__t924
fastest,mamut-nice-n385-k12-poi,385,12,main,seed,10,924,924.118,465305,35928.15400000001,12,True,36084.89999999997,-0.43438,0,,90.255859375,90.76318359375,turing-3,0.13.4,,fastest__mamut-nice-n385-k12-poi__seed__seed10__t924
fastest,mamut-carcassonne-n394-k20-par,394,20,polish,polish,1248,1890,1890.049,1127775,29970.29399999998,20,True,30200.737,-0.76304,1,replaced,90.2841796875,90.4716796875,turing-3,0.13.4,fastest__mamut-carcassonne-n394-k20-par__seed__seed9__t945,fastest__mamut-carcassonne-n394-k20-par__polish__seed1248__t1890
fastest,mamut-carcassonne-n394-k20-par,394,20,main,seed,1,945,945.124,632638,30083.989999999998,20,True,30200.737,-0.38657,0,,90.20263671875,90.265625,turing-3,0.13.4,,fastest__mamut-carcassonne-n394-k20-par__seed__seed1__t945
fastest,mamut-carcassonne-n394-k20-par,394,20,main,seed,2,945,945.124,469577,30100.11900000001,20,True,30200.737,-0.33316,0,,90.20263671875,90.265625,turing-3,0.13.4,,fastest__mamut-carcassonne-n394-k20-par__seed__seed2__t945
fastest,mamut-carcassonne-n394-k20-par,394,20,main,seed,3,945,945.1,618344,30054.25600000002,20,True,30200.737,-0.48502,0,,90.20263671875,90.265625,turing-3,0.13.4,,fastest__mamut-carcassonne-n394-k20-par__seed__seed3__t945
fastest,mamut-carcassonne-n394-k20-par,394,20,main,seed,4,945,945.12,502349,30135.961999999996,20,True,30200.737,-0.21448,0,,90.20263671875,90.265625,turing-3,0.13.4,,fastest__mamut-carcassonne-n394-k20-par__seed__seed4__t945
fastest,mamut-carcassonne-n394-k20-par,394,20,main,seed,5,945,945.106,490256,30075.351000000002,20,True,30200.737,-0.41518,0,,90.20263671875,90.265625,turing-3,0.13.4,,fastest__mamut-carcassonne-n394-k20-par__seed__seed5__t945
fastest,mamut-carcassonne-n394-k20-par,394,20,main,seed,6,945,945.125,440269,30271.494999999995,20,True,30200.737,0.23429,0,,90.20263671875,90.265625,turing-3,0.13.4,,fastest__mamut-carcassonne-n394-k20-par__seed__seed6__t945
fastest,mamut-carcassonne-n394-k20-par,394,20,main,seed,7,945,945.081,523517,30098.90500000001,20,True,30200.737,-0.33718,0,,90.20263671875,90.265625,turing-3,0.13.4,,fastest__mamut-carcassonne-n394-k20-par__seed__seed7__t945
fastest,mamut-carcassonne-n394-k20-par,394,20,main,seed,8,945,945.101,427723,30097.21900000002,20,True,30200.737,-0.34277,0,,90.20263671875,90.265625,turing-3,0.13.4,,fastest__mamut-carcassonne-n394-k20-par__seed__seed8__t945
fastest,mamut-carcassonne-n394-k20-par,394,20,main,seed,9,945,945.118,644142,30016.067999999985,20,True,30200.737,-0.61147,0,,90.20263671875,90.265625,turing-3,0.13.4,,fastest__mamut-carcassonne-n394-k20-par__seed__seed9__t945
fastest,mamut-carcassonne-n394-k20-par,394,20,main,seed,10,945,945.074,524954,30159.199000000015,20,True,30200.737,-0.13754,0,,90.20263671875,90.265625,turing-3,0.13.4,,fastest__mamut-carcassonne-n394-k20-par__seed__seed10__t945
fastest,mamut-annecy-n404-k11-hyb,404,11,polish,polish,1226,1938,1938.034,1307494,29174.867000000017,11,True,29227.033999999992,-0.17849,1,replaced,90.169921875,90.267578125,turing-3,0.13.4,fastest__mamut-annecy-n404-k11-hyb__seed__seed7__t969,fastest__mamut-annecy-n404-k11-hyb__polish__seed1226__t1938
fastest,mamut-annecy-n404-k11-hyb,404,11,main,seed,1,969,969.121,561086,29233.660000000007,11,True,29227.033999999992,0.02267,0,,90.27880859375,90.255859375,turing-3,0.13.4,,fastest__mamut-annecy-n404-k11-hyb__seed__seed1__t969
fastest,mamut-annecy-n404-k11-hyb,404,11,main,seed,2,969,969.118,538463,29187.513999999996,11,True,29227.033999999992,-0.13522,0,,90.27880859375,90.255859375,turing-3,0.13.4,,fastest__mamut-annecy-n404-k11-hyb__seed__seed2__t969
fastest,mamut-annecy-n404-k11-hyb,404,11,main,seed,3,969,969.119,697980,29210.770000000015,11,True,29227.033999999992,-0.05565,0,,90.25634765625,90.255859375,turing-3,0.13.4,,fastest__mamut-annecy-n404-k11-hyb__seed__seed3__t969
fastest,mamut-annecy-n404-k11-hyb,404,11,main,seed,4,969,969.106,651565,29208.256,11,True,29227.033999999992,-0.06425,0,,90.25634765625,90.255859375,turing-3,0.13.4,,fastest__mamut-annecy-n404-k11-hyb__seed__seed4__t969
fastest,mamut-annecy-n404-k11-hyb,404,11,main,seed,5,969,969.116,548481,29218.321000000033,11,True,29227.033999999992,-0.02981,0,,90.25634765625,90.255859375,turing-3,0.13.4,,fastest__mamut-annecy-n404-k11-hyb__seed__seed5__t969
fastest,mamut-annecy-n404-k11-hyb,404,11,main,seed,6,969,969.074,647843,29207.331999999995,11,True,29227.033999999992,-0.06741,0,,90.25634765625,90.2353515625,turing-3,0.13.4,,fastest__mamut-annecy-n404-k11-hyb__seed__seed6__t969
fastest,mamut-annecy-n404-k11-hyb,404,11,main,seed,7,969,969.119,719298,29175.734000000004,11,True,29227.033999999992,-0.17552,0,,90.25634765625,90.2353515625,turing-3,0.13.4,,fastest__mamut-annecy-n404-k11-hyb__seed__seed7__t969
fastest,mamut-annecy-n404-k11-hyb,404,11,main,seed,8,969,969.125,722681,29194.464000000007,11,True,29227.033999999992,-0.11144,0,,90.25634765625,90.2353515625,turing-3,0.13.4,,fastest__mamut-annecy-n404-k11-hyb__seed__seed8__t969
fastest,mamut-annecy-n404-k11-hyb,404,11,main,seed,9,969,969.129,655496,29214.115999999998,11,True,29227.033999999992,-0.0442,0,,90.25634765625,90.2353515625,turing-3,0.13.4,,fastest__mamut-annecy-n404-k11-hyb__seed__seed9__t969
fastest,mamut-annecy-n404-k11-hyb,404,11,main,seed,10,969,969.127,561123,29183.072000000004,11,True,29227.033999999992,-0.15042,0,,90.27880859375,90.255859375,turing-3,0.13.4,,fastest__mamut-annecy-n404-k11-hyb__seed__seed10__t969
fastest,mamut-angers-n413-k95-hyb,413,95,polish,polish,1225,1982,1982.05,625483,193329.86200000005,96,True,194587.90599999987,-0.64652,1,replaced,90.28564453125,90.18115234375,turing-3,0.13.4,fastest__mamut-angers-n413-k95-hyb__seed__seed9__t991,fastest__mamut-angers-n413-k95-hyb__polish__seed1225__t1982
fastest,mamut-angers-n413-k95-hyb,413,95,main,seed,1,991,991.089,350100,193880.88900000014,96,True,194587.90599999987,-0.36334,0,,90.35888671875,90.2353515625,turing-3,0.13.4,,fastest__mamut-angers-n413-k95-hyb__seed__seed1__t991
fastest,mamut-angers-n413-k95-hyb,413,95,main,seed,2,991,991.098,390846,193824.93299999984,96,True,194587.90599999987,-0.3921,0,,90.35888671875,90.2353515625,turing-3,0.13.4,,fastest__mamut-angers-n413-k95-hyb__seed__seed2__t991
fastest,mamut-angers-n413-k95-hyb,413,95,main,seed,3,991,991.066,405068,193871.6699999999,96,True,194587.90599999987,-0.36808,0,,90.35888671875,90.2353515625,turing-3,0.13.4,,fastest__mamut-angers-n413-k95-hyb__seed__seed3__t991
fastest,mamut-angers-n413-k95-hyb,413,95,main,seed,4,991,991.072,336469,193770.1559999999,96,True,194587.90599999987,-0.42025,0,,90.35888671875,90.2353515625,turing-3,0.13.4,,fastest__mamut-angers-n413-k95-hyb__seed__seed4__t991
fastest,mamut-angers-n413-k95-hyb,413,95,main,seed,5,991,991.1,438622,194452.00799999989,97,True,194587.90599999987,-0.06984,0,,90.35888671875,90.2353515625,turing-3,0.13.4,,fastest__mamut-angers-n413-k95-hyb__seed__seed5__t991
fastest,mamut-angers-n413-k95-hyb,413,95,main,seed,6,991,991.106,442180,193781.86299999975,96,True,194587.90599999987,-0.41423,0,,90.35888671875,90.2353515625,turing-3,0.13.4,,fastest__mamut-angers-n413-k95-hyb__seed__seed6__t991
fastest,mamut-angers-n413-k95-hyb,413,95,main,seed,7,991,991.096,312056,194363.9480000002,96,True,194587.90599999987,-0.11509,0,,90.35888671875,90.2353515625,turing-3,0.13.4,,fastest__mamut-angers-n413-k95-hyb__seed__seed7__t991
fastest,mamut-angers-n413-k95-hyb,413,95,main,seed,8,991,991.094,362546,193523.68200000006,96,True,194587.90599999987,-0.54691,0,,90.35888671875,90.2353515625,turing-3,0.13.4,,fastest__mamut-angers-n413-k95-hyb__seed__seed8__t991
fastest,mamut-angers-n413-k95-hyb,413,95,main,seed,9,991,991.103,331572,193393.25900000002,96,True,194587.90599999987,-0.61394,0,,90.35888671875,90.2353515625,turing-3,0.13.4,,fastest__mamut-angers-n413-k95-hyb__seed__seed9__t991
fastest,mamut-angers-n413-k95-hyb,413,95,main,seed,10,991,991.063,344745,193578.09900000005,96,True,194587.90599999987,-0.51895,0,,90.35888671875,90.2353515625,turing-3,0.13.4,,fastest__mamut-angers-n413-k95-hyb__seed__seed10__t991
fastest,mamut-riga-n423-k105-poi,423,105,polish,polish,1305,2030,2030.065,779528,212466.19900000023,108,True,213226.1470000001,-0.3564,1,replaced,90.34521484375,90.38671875,turing-3,0.13.4,fastest__mamut-riga-n423-k105-poi__seed__seed9__t1015,fastest__mamut-riga-n423-k105-poi__polish__seed1305__t2030
fastest,mamut-riga-n423-k105-poi,423,105,main,seed,1,1015,1015.108,346487,212542.8830000002,108,True,213226.1470000001,-0.32044,0,,90.34912109375,90.20263671875,turing-3,0.13.4,,fastest__mamut-riga-n423-k105-poi__seed__seed1__t1015
fastest,mamut-riga-n423-k105-poi,423,105,main,seed,2,1015,1015.117,354668,213063.99600000022,109,True,213226.1470000001,-0.07605,0,,90.34912109375,90.20263671875,turing-3,0.13.4,,fastest__mamut-riga-n423-k105-poi__seed__seed2__t1015
fastest,mamut-riga-n423-k105-poi,423,105,main,seed,3,1015,1015.114,350901,212744.60700000008,108,True,213226.1470000001,-0.22584,0,,90.34912109375,90.20263671875,turing-3,0.13.4,,fastest__mamut-riga-n423-k105-poi__seed__seed3__t1015
fastest,mamut-riga-n423-k105-poi,423,105,main,seed,4,1015,1015.108,357025,212560.4930000003,108,True,213226.1470000001,-0.31218,0,,90.34912109375,90.20263671875,turing-3,0.13.4,,fastest__mamut-riga-n423-k105-poi__seed__seed4__t1015
fastest,mamut-riga-n423-k105-poi,423,105,main,seed,5,1015,1015.121,343057,213256.5020000001,109,True,213226.1470000001,0.01424,0,,90.34912109375,90.20263671875,turing-3,0.13.4,,fastest__mamut-riga-n423-k105-poi__seed__seed5__t1015
fastest,mamut-riga-n423-k105-poi,423,105,main,seed,6,1015,1015.11,385451,212594.56899999984,108,True,213226.1470000001,-0.2962,0,,90.34912109375,90.20263671875,turing-3,0.13.4,,fastest__mamut-riga-n423-k105-poi__seed__seed6__t1015
fastest,mamut-riga-n423-k105-poi,423,105,main,seed,7,1015,1015.118,403755,212558.9000000001,108,True,213226.1470000001,-0.31293,0,,90.34912109375,90.20263671875,turing-3,0.13.4,,fastest__mamut-riga-n423-k105-poi__seed__seed7__t1015
fastest,mamut-riga-n423-k105-poi,423,105,main,seed,8,1015,1015.113,408941,212939.52900000033,108,True,213226.1470000001,-0.13442,0,,90.34912109375,90.20263671875,turing-3,0.13.4,,fastest__mamut-riga-n423-k105-poi__seed__seed8__t1015
fastest,mamut-riga-n423-k105-poi,423,105,main,seed,9,1015,1015.101,371408,212542.44200000018,108,True,213226.1470000001,-0.32065,0,,90.34912109375,90.20263671875,turing-3,0.13.4,,fastest__mamut-riga-n423-k105-poi__seed__seed9__t1015
fastest,mamut-riga-n423-k105-poi,423,105,main,seed,10,1015,1015.113,430024,212547.12300000014,108,True,213226.1470000001,-0.31845,0,,90.34912109375,90.20263671875,turing-3,0.13.4,,fastest__mamut-riga-n423-k105-poi__seed__seed10__t1015
fastest,mamut-nancy-n433-k9-hyb,433,9,polish,polish,1288,2078,2078.046,1486883,26524.07800000003,9,True,26609.248999999996,-0.32008,1,kept_existing,90.22216796875,90.30029296875,turing-3,0.13.4,fastest__mamut-nancy-n433-k9-hyb__seed__seed6__t1039,fastest__mamut-nancy-n433-k9-hyb__polish__seed1288__t2078
fastest,mamut-nancy-n433-k9-hyb,433,9,main,seed,1,1039,1039.142,587980,26547.445999999978,9,True,26609.248999999996,-0.23226,0,,90.16796875,90.35888671875,turing-3,0.13.4,,fastest__mamut-nancy-n433-k9-hyb__seed__seed1__t1039
fastest,mamut-nancy-n433-k9-hyb,433,9,main,seed,2,1039,1039.158,713621,26656.223000000013,9,True,26609.248999999996,0.17653,0,,90.16796875,90.35888671875,turing-3,0.13.4,,fastest__mamut-nancy-n433-k9-hyb__seed__seed2__t1039
fastest,mamut-nancy-n433-k9-hyb,433,9,main,seed,3,1039,1039.135,593761,26593.723000000027,9,True,26609.248999999996,-0.05835,0,,90.16796875,90.35888671875,turing-3,0.13.4,,fastest__mamut-nancy-n433-k9-hyb__seed__seed3__t1039
fastest,mamut-nancy-n433-k9-hyb,433,9,main,seed,4,1039,1039.128,694356,26558.95699999999,9,True,26609.248999999996,-0.189,0,,90.16796875,90.35888671875,turing-3,0.13.4,,fastest__mamut-nancy-n433-k9-hyb__seed__seed4__t1039
fastest,mamut-nancy-n433-k9-hyb,433,9,main,seed,5,1039,1039.083,565677,26600.112000000005,9,True,26609.248999999996,-0.03434,0,,90.16796875,90.35888671875,turing-3,0.13.4,,fastest__mamut-nancy-n433-k9-hyb__seed__seed5__t1039
fastest,mamut-nancy-n433-k9-hyb,433,9,main,seed,6,1039,1039.123,694132,26524.07800000003,9,True,26609.248999999996,-0.32008,0,,90.16796875,90.35888671875,turing-3,0.13.4,,fastest__mamut-nancy-n433-k9-hyb__seed__seed6__t1039
fastest,mamut-nancy-n433-k9-hyb,433,9,main,seed,7,1039,1039.076,637440,26588.11700000003,9,True,26609.248999999996,-0.07942,0,,90.16796875,90.35888671875,turing-3,0.13.4,,fastest__mamut-nancy-n433-k9-hyb__seed__seed7__t1039
fastest,mamut-nancy-n433-k9-hyb,433,9,main,seed,8,1039,1039.133,681441,26610.306000000015,9,True,26609.248999999996,0.00397,0,,90.16796875,90.35888671875,turing-3,0.13.4,,fastest__mamut-nancy-n433-k9-hyb__seed__seed8__t1039
fastest,mamut-nancy-n433-k9-hyb,433,9,main,seed,9,1039,1039.075,622916,26567.86600000001,9,True,26609.248999999996,-0.15552,0,,90.16796875,90.35888671875,turing-3,0.13.4,,fastest__mamut-nancy-n433-k9-hyb__seed__seed9__t1039
fastest,mamut-nancy-n433-k9-hyb,433,9,main,seed,10,1039,1039.075,807899,26547.828999999998,9,True,26609.248999999996,-0.23082,0,,90.16796875,90.35888671875,turing-3,0.13.4,,fastest__mamut-nancy-n433-k9-hyb__seed__seed10__t1039
fastest,mamut-bourges-n443-k46-par,443,46,polish,polish,1241,2126,2126.06,797299,34956.33600000001,46,True,35024.86799999998,-0.19567,1,replaced,90.28857421875,90.38134765625,turing-3,0.13.4,fastest__mamut-bourges-n443-k46-par__seed__seed6__t1063,fastest__mamut-bourges-n443-k46-par__polish__seed1241__t2126
fastest,mamut-bourges-n443-k46-par,443,46,main,seed,1,1063,1063.123,467481,34995.57799999998,46,True,35024.86799999998,-0.08363,0,,90.2353515625,90.330078125,turing-3,0.13.4,,fastest__mamut-bourges-n443-k46-par__seed__seed1__t1063
fastest,mamut-bourges-n443-k46-par,443,46,main,seed,2,1063,1063.134,500238,35006.950999999994,46,True,35024.86799999998,-0.05116,0,,90.19873046875,90.30322265625,turing-3,0.13.4,,fastest__mamut-bourges-n443-k46-par__seed__seed2__t1063
fastest,mamut-bourges-n443-k46-par,443,46,main,seed,3,1063,1063.128,483365,35019.75399999996,46,True,35024.86799999998,-0.0146,0,,90.19873046875,90.30322265625,turing-3,0.13.4,,fastest__mamut-bourges-n443-k46-par__seed__seed3__t1063
fastest,mamut-bourges-n443-k46-par,443,46,main,seed,4,1063,1063.117,463921,34970.188999999984,46,True,35024.86799999998,-0.15611,0,,90.19873046875,90.27880859375,turing-3,0.13.4,,fastest__mamut-bourges-n443-k46-par__seed__seed4__t1063
fastest,mamut-bourges-n443-k46-par,443,46,main,seed,5,1063,1063.119,419175,35107.53299999999,46,True,35024.86799999998,0.23602,0,,90.19873046875,90.27880859375,turing-3,0.13.4,,fastest__mamut-bourges-n443-k46-par__seed__seed5__t1063
fastest,mamut-bourges-n443-k46-par,443,46,main,seed,6,1063,1063.112,407526,34960.787999999986,46,True,35024.86799999998,-0.18296,0,,90.19873046875,90.27880859375,turing-3,0.13.4,,fastest__mamut-bourges-n443-k46-par__seed__seed6__t1063
fastest,mamut-bourges-n443-k46-par,443,46,main,seed,7,1063,1063.114,464500,35023.97800000002,46,True,35024.86799999998,-0.00254,0,,90.1826171875,90.27880859375,turing-3,0.13.4,,fastest__mamut-bourges-n443-k46-par__seed__seed7__t1063
fastest,mamut-bourges-n443-k46-par,443,46,main,seed,8,1063,1063.115,465663,35020.53999999998,46,True,35024.86799999998,-0.01236,0,,90.1826171875,90.27880859375,turing-3,0.13.4,,fastest__mamut-bourges-n443-k46-par__seed__seed8__t1063
fastest,mamut-bourges-n443-k46-par,443,46,main,seed,9,1063,1063.124,457551,34974.25299999999,46,True,35024.86799999998,-0.14451,0,,90.1826171875,90.27880859375,turing-3,0.13.4,,fastest__mamut-bourges-n443-k46-par__seed__seed9__t1063
fastest,mamut-bourges-n443-k46-par,443,46,main,seed,10,1063,1063.115,422308,35053.00199999998,46,True,35024.86799999998,0.08033,0,,90.2353515625,90.35888671875,turing-3,0.13.4,,fastest__mamut-bourges-n443-k46-par__seed__seed10__t1063
fastest,mamut-lorient-n453-k114-par,453,114,polish,polish,1272,2174,2174.051,611715,55799.13500000002,114,True,55812.838999999985,-0.02455,1,kept_existing,90.24072265625,90.33984375,turing-3,0.13.4,fastest__mamut-lorient-n453-k114-par__seed__seed4__t1087,fastest__mamut-lorient-n453-k114-par__polish__seed1272__t2174
fastest,mamut-lorient-n453-k114-par,453,114,main,seed,1,1087,1087.118,282715,55817.15200000003,114,True,55812.838999999985,0.00773,0,,90.24658203125,90.3798828125,turing-3,0.13.4,,fastest__mamut-lorient-n453-k114-par__seed__seed1__t1087
fastest,mamut-lorient-n453-k114-par,453,114,main,seed,2,1087,1087.116,311979,55829.385000000024,114,True,55812.838999999985,0.02965,0,,90.24658203125,90.34912109375,turing-3,0.13.4,,fastest__mamut-lorient-n453-k114-par__seed__seed2__t1087
fastest,mamut-lorient-n453-k114-par,453,114,main,seed,3,1087,1087.112,321445,55826.769000000066,114,True,55812.838999999985,0.02496,0,,90.24658203125,90.34912109375,turing-3,0.13.4,,fastest__mamut-lorient-n453-k114-par__seed__seed3__t1087
fastest,mamut-lorient-n453-k114-par,453,114,main,seed,4,1087,1087.115,351472,55799.13500000002,114,True,55812.838999999985,-0.02455,0,,90.24658203125,90.34912109375,turing-3,0.13.4,,fastest__mamut-lorient-n453-k114-par__seed__seed4__t1087
fastest,mamut-lorient-n453-k114-par,453,114,main,seed,5,1087,1087.123,368573,55799.13500000005,114,True,55812.838999999985,-0.02455,0,,90.24658203125,90.34912109375,turing-3,0.13.4,,fastest__mamut-lorient-n453-k114-par__seed__seed5__t1087
fastest,mamut-lorient-n453-k114-par,453,114,main,seed,6,1087,1087.125,339767,55826.603,114,True,55812.838999999985,0.02466,0,,90.24658203125,90.34912109375,turing-3,0.13.4,,fastest__mamut-lorient-n453-k114-par__seed__seed6__t1087
fastest,mamut-lorient-n453-k114-par,453,114,main,seed,7,1087,1087.12,366677,55816.312000000056,114,True,55812.838999999985,0.00622,0,,90.24658203125,90.34912109375,turing-3,0.13.4,,fastest__mamut-lorient-n453-k114-par__seed__seed7__t1087
fastest,mamut-lorient-n453-k114-par,453,114,main,seed,8,1087,1087.108,371046,55833.12800000005,114,True,55812.838999999985,0.03635,0,,90.2265625,90.34912109375,turing-3,0.13.4,,fastest__mamut-lorient-n453-k114-par__seed__seed8__t1087
fastest,mamut-lorient-n453-k114-par,453,114,main,seed,9,1087,1087.118,316457,55799.13500000002,114,True,55812.838999999985,-0.02455,0,,90.2265625,90.34912109375,turing-3,0.13.4,,fastest__mamut-lorient-n453-k114-par__seed__seed9__t1087
fastest,mamut-lorient-n453-k114-par,453,114,main,seed,10,1087,1087.118,263430,55871.22200000002,114,True,55812.838999999985,0.1046,0,,90.24658203125,90.3798828125,turing-3,0.13.4,,fastest__mamut-lorient-n453-k114-par__seed__seed10__t1087
fastest,mamut-ajaccio-n464-k10-par,464,10,polish,polish,1221,2226,2226.052,1071393,27055.515000000003,10,True,27109.13799999999,-0.1978,1,replaced,90.25,90.29736328125,turing-3,0.13.4,fastest__mamut-ajaccio-n464-k10-par__seed__seed8__t1113,fastest__mamut-ajaccio-n464-k10-par__polish__seed1221__t2226
fastest,mamut-ajaccio-n464-k10-par,464,10,main,seed,1,1113,1113.172,572002,27088.877999999997,10,True,27109.13799999999,-0.07473,0,,90.3310546875,90.255859375,turing-3,0.13.4,,fastest__mamut-ajaccio-n464-k10-par__seed__seed1__t1113
fastest,mamut-ajaccio-n464-k10-par,464,10,main,seed,2,1113,1113.15,578023,27074.10899999999,10,True,27109.13799999999,-0.12921,0,,90.3310546875,90.255859375,turing-3,0.13.4,,fastest__mamut-ajaccio-n464-k10-par__seed__seed2__t1113
fastest,mamut-ajaccio-n464-k10-par,464,10,main,seed,3,1113,1113.156,477970,27196.637999999977,10,True,27109.13799999999,0.32277,0,,90.3310546875,90.2353515625,turing-3,0.13.4,,fastest__mamut-ajaccio-n464-k10-par__seed__seed3__t1113
fastest,mamut-ajaccio-n464-k10-par,464,10,main,seed,4,1113,1113.157,665849,27225.14100000002,10,True,27109.13799999999,0.42791,0,,90.3310546875,90.2353515625,turing-3,0.13.4,,fastest__mamut-ajaccio-n464-k10-par__seed__seed4__t1113
fastest,mamut-ajaccio-n464-k10-par,464,10,main,seed,5,1113,1113.159,502152,27251.297000000006,10,True,27109.13799999999,0.5244,0,,90.47119140625,90.1826171875,turing-3,0.13.4,,fastest__mamut-ajaccio-n464-k10-par__seed__seed5__t1113
fastest,mamut-ajaccio-n464-k10-par,464,10,main,seed,6,1113,1113.159,597150,27222.861,10,True,27109.13799999999,0.4195,0,,90.47119140625,90.1826171875,turing-3,0.13.4,,fastest__mamut-ajaccio-n464-k10-par__seed__seed6__t1113
fastest,mamut-ajaccio-n464-k10-par,464,10,main,seed,7,1113,1113.158,567792,27167.074000000008,10,True,27109.13799999999,0.21371,0,,90.47119140625,90.16796875,turing-3,0.13.4,,fastest__mamut-ajaccio-n464-k10-par__seed__seed7__t1113
fastest,mamut-ajaccio-n464-k10-par,464,10,main,seed,8,1113,1113.151,494283,27058.191,10,True,27109.13799999999,-0.18793,0,,90.47119140625,90.16796875,turing-3,0.13.4,,fastest__mamut-ajaccio-n464-k10-par__seed__seed8__t1113
fastest,mamut-ajaccio-n464-k10-par,464,10,main,seed,9,1113,1113.162,574904,27186.065999999995,10,True,27109.13799999999,0.28377,0,,90.47119140625,90.16796875,turing-3,0.13.4,,fastest__mamut-ajaccio-n464-k10-par__seed__seed9__t1113
fastest,mamut-ajaccio-n464-k10-par,464,10,main,seed,10,1113,1113.137,494148,27213.711999999985,10,True,27109.13799999999,0.38575,0,,90.3310546875,90.255859375,turing-3,0.13.4,,fastest__mamut-ajaccio-n464-k10-par__seed__seed10__t1113
fastest,mamut-chartres-n475-k53-par,475,53,polish,polish,1251,2280,2280.054,803878,53633.88500000004,53,True,53872.79300000002,-0.44347,1,replaced,90.255859375,90.32080078125,turing-3,0.13.4,fastest__mamut-chartres-n475-k53-par__seed__seed1__t1140,fastest__mamut-chartres-n475-k53-par__polish__seed1251__t2280
fastest,mamut-chartres-n475-k53-par,475,53,main,seed,1,1140,1140.138,335802,53664.18400000003,53,True,53872.79300000002,-0.38723,0,,90.29638671875,90.1826171875,turing-3,0.13.4,,fastest__mamut-chartres-n475-k53-par__seed__seed1__t1140
fastest,mamut-chartres-n475-k53-par,475,53,main,seed,2,1140,1140.134,329844,53761.76599999998,53,True,53872.79300000002,-0.20609,0,,90.2724609375,90.16796875,turing-3,0.13.4,,fastest__mamut-chartres-n475-k53-par__seed__seed2__t1140
fastest,mamut-chartres-n475-k53-par,475,53,main,seed,3,1140,1140.134,401198,53771.374999999985,53,True,53872.79300000002,-0.18825,0,,90.2724609375,90.16796875,turing-3,0.13.4,,fastest__mamut-chartres-n475-k53-par__seed__seed3__t1140
fastest,mamut-chartres-n475-k53-par,475,53,main,seed,4,1140,1140.15,359881,53752.91900000006,53,True,53872.79300000002,-0.22251,0,,90.2724609375,90.16796875,turing-3,0.13.4,,fastest__mamut-chartres-n475-k53-par__seed__seed4__t1140
fastest,mamut-chartres-n475-k53-par,475,53,main,seed,5,1140,1140.133,376547,53744.136000000035,53,True,53872.79300000002,-0.23882,0,,90.2724609375,90.16796875,turing-3,0.13.4,,fastest__mamut-chartres-n475-k53-par__seed__seed5__t1140
fastest,mamut-chartres-n475-k53-par,475,53,main,seed,6,1140,1140.081,325274,53738.82000000006,53,True,53872.79300000002,-0.24868,0,,90.2724609375,90.16796875,turing-3,0.13.4,,fastest__mamut-chartres-n475-k53-par__seed__seed6__t1140
fastest,mamut-chartres-n475-k53-par,475,53,main,seed,7,1140,1140.134,448076,53691.94099999996,53,True,53872.79300000002,-0.3357,0,,90.2724609375,90.16796875,turing-3,0.13.4,,fastest__mamut-chartres-n475-k53-par__seed__seed7__t1140
fastest,mamut-chartres-n475-k53-par,475,53,main,seed,8,1140,1140.09,333667,53698.18800000004,53,True,53872.79300000002,-0.32411,0,,90.2724609375,90.16796875,turing-3,0.13.4,,fastest__mamut-chartres-n475-k53-par__seed__seed8__t1140
fastest,mamut-chartres-n475-k53-par,475,53,main,seed,9,1140,1140.088,436736,53804.53000000006,53,True,53872.79300000002,-0.12671,0,,90.2724609375,90.16796875,turing-3,0.13.4,,fastest__mamut-chartres-n475-k53-par__seed__seed9__t1140
fastest,mamut-chartres-n475-k53-par,475,53,main,seed,10,1140,1140.145,356853,53672.38300000004,53,True,53872.79300000002,-0.37201,0,,90.29638671875,90.1826171875,turing-3,0.13.4,,fastest__mamut-chartres-n475-k53-par__seed__seed10__t1140
fastest,mamut-bastia-n486-k22-par,486,22,polish,polish,1233,2332,2332.065,828442,62418.21899999993,22,True,62505.20699999995,-0.13917,1,replaced,90.3876953125,90.470703125,turing-3,0.13.4,fastest__mamut-bastia-n486-k22-par__seed__seed4__t1166,fastest__mamut-bastia-n486-k22-par__polish__seed1233__t2332
fastest,mamut-bastia-n486-k22-par,486,22,main,seed,1,1166,1166.166,414132,62496.51099999991,22,True,62505.20699999995,-0.01391,0,,91.62548828125,90.24658203125,turing-3,0.13.4,,fastest__mamut-bastia-n486-k22-par__seed__seed1__t1166
fastest,mamut-bastia-n486-k22-par,486,22,main,seed,2,1166,1166.161,372730,62506.33499999995,22,True,62505.20699999995,0.0018,0,,91.62548828125,90.24658203125,turing-3,0.13.4,,fastest__mamut-bastia-n486-k22-par__seed__seed2__t1166
fastest,mamut-bastia-n486-k22-par,486,22,main,seed,3,1166,1166.146,481098,62491.78799999998,22,True,62505.20699999995,-0.02147,0,,91.62548828125,90.24658203125,turing-3,0.13.4,,fastest__mamut-bastia-n486-k22-par__seed__seed3__t1166
fastest,mamut-bastia-n486-k22-par,486,22,main,seed,4,1166,1166.153,439353,62428.24999999995,22,True,62505.20699999995,-0.12312,0,,91.62548828125,90.24658203125,turing-3,0.13.4,,fastest__mamut-bastia-n486-k22-par__seed__seed4__t1166
fastest,mamut-bastia-n486-k22-par,486,22,main,seed,5,1166,1166.14,391933,62502.311,22,True,62505.20699999995,-0.00463,0,,91.62548828125,90.24658203125,turing-3,0.13.4,,fastest__mamut-bastia-n486-k22-par__seed__seed5__t1166
fastest,mamut-bastia-n486-k22-par,486,22,main,seed,6,1166,1166.168,406278,62483.58099999999,22,True,62505.20699999995,-0.0346,0,,91.62548828125,90.24658203125,turing-3,0.13.4,,fastest__mamut-bastia-n486-k22-par__seed__seed6__t1166
fastest,mamut-bastia-n486-k22-par,486,22,main,seed,7,1166,1166.161,538719,62481.7329999999,22,True,62505.20699999995,-0.03756,0,,91.62548828125,90.24658203125,turing-3,0.13.4,,fastest__mamut-bastia-n486-k22-par__seed__seed7__t1166
fastest,mamut-bastia-n486-k22-par,486,22,main,seed,8,1166,1166.182,447811,62468.37899999993,22,True,62505.20699999995,-0.05892,0,,91.62548828125,90.24658203125,turing-3,0.13.4,,fastest__mamut-bastia-n486-k22-par__seed__seed8__t1166
fastest,mamut-bastia-n486-k22-par,486,22,main,seed,9,1166,1166.152,452540,62480.554000000004,22,True,62505.20699999995,-0.03944,0,,91.62548828125,90.24658203125,turing-3,0.13.4,,fastest__mamut-bastia-n486-k22-par__seed__seed9__t1166
fastest,mamut-bastia-n486-k22-par,486,22,main,seed,10,1166,1166.144,448893,62449.76399999998,22,True,62505.20699999995,-0.0887,0,,91.62548828125,90.24658203125,turing-3,0.13.4,,fastest__mamut-bastia-n486-k22-par__seed__seed10__t1166
fastest,mamut-nantes-n498-k11-poi,498,11,polish,polish,1289,2390,2390.058,1358452,29685.822000000007,11,True,29789.671000000002,-0.34861,1,kept_existing,90.3193359375,90.357421875,turing-3,0.13.4,fastest__mamut-nantes-n498-k11-poi__seed__seed3__t1195,fastest__mamut-nantes-n498-k11-poi__polish__seed1289__t2390
fastest,mamut-nantes-n498-k11-poi,498,11,main,seed,1,1195,1195.159,687128,29955.76300000002,11,True,29789.671000000002,0.55755,0,,90.33056640625,90.322265625,turing-3,0.13.4,,fastest__mamut-nantes-n498-k11-poi__seed__seed1__t1195
fastest,mamut-nantes-n498-k11-poi,498,11,main,seed,2,1195,1195.161,667505,29785.566000000006,11,True,29789.671000000002,-0.01378,0,,90.33056640625,90.29638671875,turing-3,0.13.4,,fastest__mamut-nantes-n498-k11-poi__seed__seed2__t1195
fastest,mamut-nantes-n498-k11-poi,498,11,main,seed,3,1195,1195.151,631545,29685.822000000007,11,True,29789.671000000002,-0.34861,0,,90.33056640625,90.29638671875,turing-3,0.13.4,,fastest__mamut-nantes-n498-k11-poi__seed__seed3__t1195
fastest,mamut-nantes-n498-k11-poi,498,11,main,seed,4,1195,1195.193,649309,29938.676,11,True,29789.671000000002,0.50019,0,,90.33056640625,90.29638671875,turing-3,0.13.4,,fastest__mamut-nantes-n498-k11-poi__seed__seed4__t1195
fastest,mamut-nantes-n498-k11-poi,498,11,main,seed,5,1195,1195.117,654951,29760.59900000003,11,True,29789.671000000002,-0.09759,0,,90.3037109375,90.2724609375,turing-3,0.13.4,,fastest__mamut-nantes-n498-k11-poi__seed__seed5__t1195
fastest,mamut-nantes-n498-k11-poi,498,11,main,seed,6,1195,1195.175,919193,29967.165000000008,11,True,29789.671000000002,0.59582,0,,90.3037109375,90.2724609375,turing-3,0.13.4,,fastest__mamut-nantes-n498-k11-poi__seed__seed6__t1195
fastest,mamut-nantes-n498-k11-poi,498,11,main,seed,7,1195,1195.193,705028,29903.73900000002,11,True,29789.671000000002,0.38291,0,,90.3037109375,90.2724609375,turing-3,0.13.4,,fastest__mamut-nantes-n498-k11-poi__seed__seed7__t1195
fastest,mamut-nantes-n498-k11-poi,498,11,main,seed,8,1195,1195.192,865704,29850.09300000001,11,True,29789.671000000002,0.20283,0,,90.3037109375,90.2724609375,turing-3,0.13.4,,fastest__mamut-nantes-n498-k11-poi__seed__seed8__t1195
fastest,mamut-nantes-n498-k11-poi,498,11,main,seed,9,1195,1195.175,682110,29703.368000000002,11,True,29789.671000000002,-0.28971,0,,90.3037109375,90.2724609375,turing-3,0.13.4,,fastest__mamut-nantes-n498-k11-poi__seed__seed9__t1195
fastest,mamut-nantes-n498-k11-poi,498,11,main,seed,10,1195,1195.163,788311,29774.212,11,True,29789.671000000002,-0.05189,0,,90.27197265625,90.322265625,turing-3,0.13.4,,fastest__mamut-nantes-n498-k11-poi__seed__seed10__t1195
fastest,mamut-tours-n509-k48-hyb,509,48,pilot,long,101,4884,4884.173,2987079,55769.32099999998,49,True,55814.04200000003,-0.08012,0,,8.2685546875,36.173828125,turing-3,0.13.4,,fastest__mamut-tours-n509-k48-hyb__long__seed101__t4884
fastest,mamut-tours-n509-k48-hyb,509,48,polish,polish,1323,2442,2442.079,1145743,55700.39200000002,49,True,55814.04200000003,-0.20362,1,replaced,90.33837890625,90.3876953125,turing-3,0.13.4,fastest__mamut-tours-n509-k48-hyb__seed__seed3__t1221,fastest__mamut-tours-n509-k48-hyb__polish__seed1323__t2442
fastest,mamut-tours-n509-k48-hyb,509,48,pilot,seed,1,1221,1221.079,681494,55782.28500000001,49,True,55814.04200000003,-0.0569,0,,1.15380859375,90.232421875,turing-3,0.13.4,,fastest__mamut-tours-n509-k48-hyb__seed__seed1__t1221
fastest,mamut-tours-n509-k48-hyb,509,48,pilot,seed,2,1221,1221.079,472784,55853.52899999999,49,True,55814.04200000003,0.07075,0,,1.15380859375,90.232421875,turing-3,0.13.4,,fastest__mamut-tours-n509-k48-hyb__seed__seed2__t1221
fastest,mamut-tours-n509-k48-hyb,509,48,pilot,seed,3,1221,1221.143,461567,55749.084000000046,49,True,55814.04200000003,-0.11638,0,,1.15380859375,90.232421875,turing-3,0.13.4,,fastest__mamut-tours-n509-k48-hyb__seed__seed3__t1221
fastest,mamut-tours-n509-k48-hyb,509,48,main,seed,4,1221,1221.119,463809,55881.40800000006,49,True,55814.04200000003,0.1207,0,,90.27734375,90.2724609375,turing-3,0.13.4,,fastest__mamut-tours-n509-k48-hyb__seed__seed4__t1221
fastest,mamut-tours-n509-k48-hyb,509,48,main,seed,5,1221,1221.113,557425,55807.05200000006,49,True,55814.04200000003,-0.01252,0,,90.27734375,90.2724609375,turing-3,0.13.4,,fastest__mamut-tours-n509-k48-hyb__seed__seed5__t1221
fastest,mamut-tours-n509-k48-hyb,509,48,main,seed,6,1221,1221.156,444635,55830.66199999997,49,True,55814.04200000003,0.02978,0,,90.2548828125,90.2724609375,turing-3,0.13.4,,fastest__mamut-tours-n509-k48-hyb__seed__seed6__t1221
fastest,mamut-tours-n509-k48-hyb,509,48,main,seed,7,1221,1221.156,558003,55801.23100000003,49,True,55814.04200000003,-0.02295,0,,90.2548828125,90.2724609375,turing-3,0.13.4,,fastest__mamut-tours-n509-k48-hyb__seed__seed7__t1221
fastest,mamut-tours-n509-k48-hyb,509,48,main,seed,8,1221,1221.171,554066,55808.06000000008,49,True,55814.04200000003,-0.01072,0,,90.2548828125,90.2724609375,turing-3,0.13.4,,fastest__mamut-tours-n509-k48-hyb__seed__seed8__t1221
fastest,mamut-tours-n509-k48-hyb,509,48,main,seed,9,1221,1221.154,493832,55764.73300000003,49,True,55814.04200000003,-0.08835,0,,90.2548828125,90.2724609375,turing-3,0.13.4,,fastest__mamut-tours-n509-k48-hyb__seed__seed9__t1221
fastest,mamut-tours-n509-k48-hyb,509,48,main,seed,10,1221,1221.104,586559,55832.834999999934,49,True,55814.04200000003,0.03367,0,,90.27734375,90.2724609375,turing-3,0.13.4,,fastest__mamut-tours-n509-k48-hyb__seed__seed10__t1221
fastest,mamut-dakar-n521-k12-poi,521,12,polish,polish,1256,2500,2500.059,1471649,23650.255,12,True,23825.004000000008,-0.73347,1,replaced,90.38623046875,90.45947265625,turing-3,0.13.4,fastest__mamut-dakar-n521-k12-poi__seed__seed3__t1250,fastest__mamut-dakar-n521-k12-poi__polish__seed1256__t2500
fastest,mamut-dakar-n521-k12-poi,521,12,main,seed,1,1250,1250.199,683124,23795.95700000001,12,True,23825.004000000008,-0.12192,0,,90.28515625,91.68017578125,turing-3,0.13.4,,fastest__mamut-dakar-n521-k12-poi__seed__seed1__t1250
fastest,mamut-dakar-n521-k12-poi,521,12,main,seed,2,1250,1250.106,959514,24115.433000000015,12,True,23825.004000000008,1.21901,0,,90.28515625,91.68017578125,turing-3,0.13.4,,fastest__mamut-dakar-n521-k12-poi__seed__seed2__t1250
fastest,mamut-dakar-n521-k12-poi,521,12,main,seed,3,1250,1250.184,789821,23655.007999999998,12,True,23825.004000000008,-0.71352,0,,90.4228515625,91.62548828125,turing-3,0.13.4,,fastest__mamut-dakar-n521-k12-poi__seed__seed3__t1250
fastest,mamut-dakar-n521-k12-poi,521,12,main,seed,4,1250,1250.168,866348,23790.11799999999,12,True,23825.004000000008,-0.14643,0,,90.4228515625,91.62548828125,turing-3,0.13.4,,fastest__mamut-dakar-n521-k12-poi__seed__seed4__t1250
fastest,mamut-dakar-n521-k12-poi,521,12,main,seed,5,1250,1250.179,765770,23707.297999999984,12,True,23825.004000000008,-0.49404,0,,90.4228515625,91.62548828125,turing-3,0.13.4,,fastest__mamut-dakar-n521-k12-poi__seed__seed5__t1250
fastest,mamut-dakar-n521-k12-poi,521,12,main,seed,6,1250,1250.186,699285,23795.47699999998,12,True,23825.004000000008,-0.12393,0,,90.4228515625,91.62548828125,turing-3,0.13.4,,fastest__mamut-dakar-n521-k12-poi__seed__seed6__t1250
fastest,mamut-dakar-n521-k12-poi,521,12,main,seed,7,1250,1250.184,1003675,23862.965000000015,12,True,23825.004000000008,0.15933,0,,90.4228515625,91.62548828125,turing-3,0.13.4,,fastest__mamut-dakar-n521-k12-poi__seed__seed7__t1250
fastest,mamut-dakar-n521-k12-poi,521,12,main,seed,8,1250,1250.196,816302,23795.497,12,True,23825.004000000008,-0.12385,0,,90.3017578125,90.337890625,turing-3,0.13.4,,fastest__mamut-dakar-n521-k12-poi__seed__seed8__t1250
fastest,mamut-dakar-n521-k12-poi,521,12,main,seed,9,1250,1250.164,743376,23817.228000000003,12,True,23825.004000000008,-0.03264,0,,90.27734375,90.47119140625,turing-3,0.13.4,,fastest__mamut-dakar-n521-k12-poi__seed__seed9__t1250
fastest,mamut-dakar-n521-k12-poi,521,12,main,seed,10,1250,1250.187,698302,23856.972000000027,12,True,23825.004000000008,0.13418,0,,90.28515625,91.68017578125,turing-3,0.13.4,,fastest__mamut-dakar-n521-k12-poi__seed__seed10__t1250
fastest,mamut-oslo-n534-k27-poi,534,27,polish,polish,1294,2562,2562.077,1152532,80333.08300000001,27,True,80615.12800000001,-0.34987,1,replaced,90.4833984375,90.26708984375,turing-3,0.13.4,fastest__mamut-oslo-n534-k27-poi__seed__seed5__t1281,fastest__mamut-oslo-n534-k27-poi__polish__seed1294__t2562
fastest,mamut-oslo-n534-k27-poi,534,27,main,seed,1,1281,1281.189,455431,80546.676,27,True,80615.12800000001,-0.08491,0,,90.322265625,90.27734375,turing-3,0.13.4,,fastest__mamut-oslo-n534-k27-poi__seed__seed1__t1281
fastest,mamut-oslo-n534-k27-poi,534,27,main,seed,2,1281,1281.219,631231,80440.002,27,True,80615.12800000001,-0.21724,0,,90.322265625,90.27734375,turing-3,0.13.4,,fastest__mamut-oslo-n534-k27-poi__seed__seed2__t1281
fastest,mamut-oslo-n534-k27-poi,534,27,main,seed,3,1281,1281.188,589472,80612.94900000007,27,True,80615.12800000001,-0.0027,0,,90.322265625,90.27734375,turing-3,0.13.4,,fastest__mamut-oslo-n534-k27-poi__seed__seed3__t1281
fastest,mamut-oslo-n534-k27-poi,534,27,main,seed,4,1281,1281.246,595202,80570.39499999997,27,True,80615.12800000001,-0.05549,0,,90.322265625,90.27734375,turing-3,0.13.4,,fastest__mamut-oslo-n534-k27-poi__seed__seed4__t1281
fastest,mamut-oslo-n534-k27-poi,534,27,main,seed,5,1281,1281.192,618801,80341.10400000002,27,True,80615.12800000001,-0.33992,0,,90.322265625,90.27734375,turing-3,0.13.4,,fastest__mamut-oslo-n534-k27-poi__seed__seed5__t1281
fastest,mamut-oslo-n534-k27-poi,534,27,main,seed,6,1281,1281.21,494985,80399.17700000013,27,True,80615.12800000001,-0.26788,0,,90.322265625,90.27734375,turing-3,0.13.4,,fastest__mamut-oslo-n534-k27-poi__seed__seed6__t1281
fastest,mamut-oslo-n534-k27-poi,534,27,main,seed,7,1281,1281.185,527006,80499.23400000008,27,True,80615.12800000001,-0.14376,0,,90.322265625,90.27734375,turing-3,0.13.4,,fastest__mamut-oslo-n534-k27-poi__seed__seed7__t1281
fastest,mamut-oslo-n534-k27-poi,534,27,main,seed,8,1281,1281.193,531102,80433.33400000006,27,True,80615.12800000001,-0.22551,0,,90.47265625,91.68017578125,turing-3,0.13.4,,fastest__mamut-oslo-n534-k27-poi__seed__seed8__t1281
fastest,mamut-oslo-n534-k27-poi,534,27,main,seed,9,1281,1281.183,559621,80566.11400000006,27,True,80615.12800000001,-0.0608,0,,90.47265625,91.68017578125,turing-3,0.13.4,,fastest__mamut-oslo-n534-k27-poi__seed__seed9__t1281
fastest,mamut-oslo-n534-k27-poi,534,27,main,seed,10,1281,1281.187,522608,80442.86700000001,27,True,80615.12800000001,-0.21368,0,,90.322265625,90.27734375,turing-3,0.13.4,,fastest__mamut-oslo-n534-k27-poi__seed__seed10__t1281
fastest,mamut-cairo-n546-k26-poi,546,26,polish,polish,1247,2620,2620.073,1139376,108292.26600000005,26,True,109987.39499999992,-1.5412,1,replaced,90.3203125,90.28662109375,turing-3,0.13.4,fastest__mamut-cairo-n546-k26-poi__seed__seed10__t1310,fastest__mamut-cairo-n546-k26-poi__polish__seed1247__t2620
fastest,mamut-cairo-n546-k26-poi,546,26,main,seed,1,1310,1310.209,583293,109157.78600000002,26,True,109987.39499999992,-0.75428,0,,90.40234375,90.2548828125,turing-3,0.13.4,,fastest__mamut-cairo-n546-k26-poi__seed__seed1__t1310
fastest,mamut-cairo-n546-k26-poi,546,26,main,seed,2,1310,1310.207,651667,108670.67699999998,26,True,109987.39499999992,-1.19715,0,,90.40234375,90.2548828125,turing-3,0.13.4,,fastest__mamut-cairo-n546-k26-poi__seed__seed2__t1310
fastest,mamut-cairo-n546-k26-poi,546,26,main,seed,3,1310,1310.235,601417,109354.42499999996,26,True,109987.39499999992,-0.57549,0,,90.40234375,90.2548828125,turing-3,0.13.4,,fastest__mamut-cairo-n546-k26-poi__seed__seed3__t1310
fastest,mamut-cairo-n546-k26-poi,546,26,main,seed,4,1310,1310.19,637673,109082.95999999998,26,True,109987.39499999992,-0.82231,0,,90.45068359375,90.234375,turing-3,0.13.4,,fastest__mamut-cairo-n546-k26-poi__seed__seed4__t1310
fastest,mamut-cairo-n546-k26-poi,546,26,main,seed,5,1310,1310.223,542078,108424.54099999985,26,True,109987.39499999992,-1.42094,0,,90.41455078125,90.2958984375,turing-3,0.13.4,,fastest__mamut-cairo-n546-k26-poi__seed__seed5__t1310
fastest,mamut-cairo-n546-k26-poi,546,26,main,seed,6,1310,1310.205,526435,109326.88999999994,26,True,109987.39499999992,-0.60053,0,,90.41455078125,90.2958984375,turing-3,0.13.4,,fastest__mamut-cairo-n546-k26-poi__seed__seed6__t1310
fastest,mamut-cairo-n546-k26-poi,546,26,main,seed,7,1310,1310.219,536585,109790.50400000003,26,True,109987.39499999992,-0.17901,0,,90.41455078125,90.2958984375,turing-3,0.13.4,,fastest__mamut-cairo-n546-k26-poi__seed__seed7__t1310
fastest,mamut-cairo-n546-k26-poi,546,26,main,seed,8,1310,1310.217,561106,108809.42800000001,26,True,109987.39499999992,-1.071,0,,90.41455078125,90.2958984375,turing-3,0.13.4,,fastest__mamut-cairo-n546-k26-poi__seed__seed8__t1310
fastest,mamut-cairo-n546-k26-poi,546,26,main,seed,9,1310,1310.216,605758,108873.88299999987,26,True,109987.39499999992,-1.0124,0,,90.41455078125,90.2958984375,turing-3,0.13.4,,fastest__mamut-cairo-n546-k26-poi__seed__seed9__t1310
fastest,mamut-cairo-n546-k26-poi,546,26,main,seed,10,1310,1310.209,582586,108378.322,26,True,109987.39499999992,-1.46296,0,,90.4375,90.27734375,turing-3,0.13.4,,fastest__mamut-cairo-n546-k26-poi__seed__seed10__t1310
fastest,mamut-lille-n559-k66-poi,559,66,polish,polish,1268,2682,2682.075,1098885,58740.02800000007,67,True,58855.686000000074,-0.19651,1,replaced,90.36767578125,90.18505859375,turing-3,0.13.4,fastest__mamut-lille-n559-k66-poi__seed__seed1__t1341,fastest__mamut-lille-n559-k66-poi__polish__seed1268__t2682
fastest,mamut-lille-n559-k66-poi,559,66,main,seed,1,1341,1341.195,465921,58840.317000000075,67,True,58855.686000000074,-0.02611,0,,90.32275390625,90.4345703125,turing-3,0.13.4,,fastest__mamut-lille-n559-k66-poi__seed__seed1__t1341
fastest,mamut-lille-n559-k66-poi,559,66,main,seed,2,1341,1341.19,534088,58932.0350000001,67,True,58855.686000000074,0.12972,0,,90.32275390625,90.4345703125,turing-3,0.13.4,,fastest__mamut-lille-n559-k66-poi__seed__seed2__t1341
fastest,mamut-lille-n559-k66-poi,559,66,main,seed,3,1341,1341.191,465281,59027.194999999985,67,True,58855.686000000074,0.29141,0,,90.32275390625,90.4345703125,turing-3,0.13.4,,fastest__mamut-lille-n559-k66-poi__seed__seed3__t1341
fastest,mamut-lille-n559-k66-poi,559,66,main,seed,4,1341,1341.134,567439,59009.18500000006,67,True,58855.686000000074,0.26081,0,,90.32275390625,90.4345703125,turing-3,0.13.4,,fastest__mamut-lille-n559-k66-poi__seed__seed4__t1341
fastest,mamut-lille-n559-k66-poi,559,66,main,seed,5,1341,1341.207,497919,59102.61400000004,67,True,58855.686000000074,0.41955,0,,90.32275390625,90.4345703125,turing-3,0.13.4,,fastest__mamut-lille-n559-k66-poi__seed__seed5__t1341
fastest,mamut-lille-n559-k66-poi,559,66,main,seed,6,1341,1341.198,453243,59011.85300000006,67,True,58855.686000000074,0.26534,0,,90.32275390625,90.4345703125,turing-3,0.13.4,,fastest__mamut-lille-n559-k66-poi__seed__seed6__t1341
fastest,mamut-lille-n559-k66-poi,559,66,main,seed,7,1341,1341.159,522403,58844.60999999999,67,True,58855.686000000074,-0.01882,0,,90.32275390625,90.4345703125,turing-3,0.13.4,,fastest__mamut-lille-n559-k66-poi__seed__seed7__t1341
fastest,mamut-lille-n559-k66-poi,559,66,main,seed,8,1341,1341.197,483756,58978.37600000007,67,True,58855.686000000074,0.20846,0,,90.4755859375,90.3037109375,turing-3,0.13.4,,fastest__mamut-lille-n559-k66-poi__seed__seed8__t1341
fastest,mamut-lille-n559-k66-poi,559,66,main,seed,9,1341,1341.17,652672,58859.15000000009,67,True,58855.686000000074,0.00589,0,,90.4375,90.3037109375,turing-3,0.13.4,,fastest__mamut-lille-n559-k66-poi__seed__seed9__t1341
fastest,mamut-lille-n559-k66-poi,559,66,main,seed,10,1341,1341.194,472978,58948.81000000005,67,True,58855.686000000074,0.15822,0,,90.32275390625,90.4345703125,turing-3,0.13.4,,fastest__mamut-lille-n559-k66-poi__seed__seed10__t1341
fastest,mamut-casablanca-n572-k191-poi,572,191,polish,polish,1249,2744,2744.077,651385,426801.12399999955,191,True,426818.5089999998,-0.00407,1,kept_existing,90.2001953125,90.26025390625,turing-3,0.13.4,fastest__mamut-casablanca-n572-k191-poi__seed__seed2__t1372,fastest__mamut-casablanca-n572-k191-poi__polish__seed1249__t2744
fastest,mamut-casablanca-n572-k191-poi,572,191,main,seed,1,1372,1372.168,373111,426822.6999999994,191,True,426818.5089999998,0.00098,0,,90.455078125,90.4375,turing-3,0.13.4,,fastest__mamut-casablanca-n572-k191-poi__seed__seed1__t1372
fastest,mamut-casablanca-n572-k191-poi,572,191,main,seed,2,1372,1372.181,396672,426801.12399999955,191,True,426818.5089999998,-0.00407,0,,90.455078125,90.4375,turing-3,0.13.4,,fastest__mamut-casablanca-n572-k191-poi__seed__seed2__t1372
fastest,mamut-casablanca-n572-k191-poi,572,191,main,seed,3,1372,1372.174,373388,426905.424,191,True,426818.5089999998,0.02036,0,,90.455078125,90.4375,turing-3,0.13.4,,fastest__mamut-casablanca-n572-k191-poi__seed__seed3__t1372
fastest,mamut-casablanca-n572-k191-poi,572,191,main,seed,4,1372,1372.194,341937,426821.54499999946,191,True,426818.5089999998,0.00071,0,,90.455078125,90.4375,turing-3,0.13.4,,fastest__mamut-casablanca-n572-k191-poi__seed__seed4__t1372
fastest,mamut-casablanca-n572-k191-poi,572,191,main,seed,5,1372,1372.187,373208,426827.48699999956,191,True,426818.5089999998,0.0021,0,,90.455078125,90.4375,turing-3,0.13.4,,fastest__mamut-casablanca-n572-k191-poi__seed__seed5__t1372
fastest,mamut-casablanca-n572-k191-poi,572,191,main,seed,6,1372,1372.179,405489,426823.5349999999,191,True,426818.5089999998,0.00118,0,,90.455078125,90.4375,turing-3,0.13.4,,fastest__mamut-casablanca-n572-k191-poi__seed__seed6__t1372
fastest,mamut-casablanca-n572-k191-poi,572,191,main,seed,7,1372,1372.16,433812,426825.8299999994,191,True,426818.5089999998,0.00172,0,,90.41845703125,90.40234375,turing-3,0.13.4,,fastest__mamut-casablanca-n572-k191-poi__seed__seed7__t1372
fastest,mamut-casablanca-n572-k191-poi,572,191,main,seed,8,1372,1372.166,385490,426819.03399999964,191,True,426818.5089999998,0.00012,0,,90.32275390625,90.4228515625,turing-3,0.13.4,,fastest__mamut-casablanca-n572-k191-poi__seed__seed8__t1372
fastest,mamut-casablanca-n572-k191-poi,572,191,main,seed,9,1372,1372.172,340020,426848.1580000001,191,True,426818.5089999998,0.00695,0,,90.32275390625,90.4228515625,turing-3,0.13.4,,fastest__mamut-casablanca-n572-k191-poi__seed__seed9__t1372
fastest,mamut-casablanca-n572-k191-poi,572,191,main,seed,10,1372,1372.187,407376,426823.72799999965,191,True,426818.5089999998,0.00122,0,,90.455078125,90.4375,turing-3,0.13.4,,fastest__mamut-casablanca-n572-k191-poi__seed__seed10__t1372
fastest,mamut-madrid-n586-k18-par,586,18,polish,polish,1276,2812,2812.092,1338842,81922.729,18,True,82844.96499999995,-1.11321,1,replaced,90.33935546875,90.220703125,turing-3,0.13.4,fastest__mamut-madrid-n586-k18-par__seed__seed5__t1406,fastest__mamut-madrid-n586-k18-par__polish__seed1276__t2812
fastest,mamut-madrid-n586-k18-par,586,18,main,seed,1,1406,1406.262,804330,82368.27700000003,18,True,82844.96499999995,-0.5754,0,,90.4541015625,90.41455078125,turing-3,0.13.4,,fastest__mamut-madrid-n586-k18-par__seed__seed1__t1406
fastest,mamut-madrid-n586-k18-par,586,18,main,seed,2,1406,1406.259,675241,82985.97699999993,18,True,82844.96499999995,0.17021,0,,90.4541015625,90.41455078125,turing-3,0.13.4,,fastest__mamut-madrid-n586-k18-par__seed__seed2__t1406
fastest,mamut-madrid-n586-k18-par,586,18,main,seed,3,1406,1406.234,772533,82670.18099999987,18,True,82844.96499999995,-0.21098,0,,90.4541015625,90.41455078125,turing-3,0.13.4,,fastest__mamut-madrid-n586-k18-par__seed__seed3__t1406
fastest,mamut-madrid-n586-k18-par,586,18,main,seed,4,1406,1406.284,684161,82931.848,18,True,82844.96499999995,0.10487,0,,90.4541015625,90.41455078125,turing-3,0.13.4,,fastest__mamut-madrid-n586-k18-par__seed__seed4__t1406
fastest,mamut-madrid-n586-k18-par,586,18,main,seed,5,1406,1406.262,692418,82020.84500000006,18,True,82844.96499999995,-0.99477,0,,90.4541015625,90.38134765625,turing-3,0.13.4,,fastest__mamut-madrid-n586-k18-par__seed__seed5__t1406
fastest,mamut-madrid-n586-k18-par,586,18,main,seed,6,1406,1406.283,769680,82944.64700000001,18,True,82844.96499999995,0.12032,0,,90.4541015625,90.38134765625,turing-3,0.13.4,,fastest__mamut-madrid-n586-k18-par__seed__seed6__t1406
fastest,mamut-madrid-n586-k18-par,586,18,main,seed,7,1406,1406.221,718346,82171.059,18,True,82844.96499999995,-0.81345,0,,90.498046875,90.38134765625,turing-3,0.13.4,,fastest__mamut-madrid-n586-k18-par__seed__seed7__t1406
fastest,mamut-madrid-n586-k18-par,586,18,main,seed,8,1406,1406.261,743722,82787.139,18,True,82844.96499999995,-0.0698,0,,90.498046875,90.38134765625,turing-3,0.13.4,,fastest__mamut-madrid-n586-k18-par__seed__seed8__t1406
fastest,mamut-madrid-n586-k18-par,586,18,main,seed,9,1406,1406.203,587427,82256.30800000012,18,True,82844.96499999995,-0.71055,0,,90.498046875,90.38134765625,turing-3,0.13.4,,fastest__mamut-madrid-n586-k18-par__seed__seed9__t1406
fastest,mamut-madrid-n586-k18-par,586,18,main,seed,10,1406,1406.226,657237,82088.76600000002,18,True,82844.96499999995,-0.91279,0,,90.4541015625,90.41455078125,turing-3,0.13.4,,fastest__mamut-madrid-n586-k18-par__seed__seed10__t1406
fastest,mamut-rennes-n599-k115-hyb,599,115,polish,polish,1303,2874,2874.094,772511,108010.97100000006,115,True,108349.13500000002,-0.31211,1,replaced,90.2744140625,90.2841796875,turing-3,0.13.4,fastest__mamut-rennes-n599-k115-hyb__seed__seed10__t1437,fastest__mamut-rennes-n599-k115-hyb__polish__seed1303__t2874
fastest,mamut-rennes-n599-k115-hyb,599,115,main,seed,1,1437,1437.242,444442,108278.42099999996,115,True,108349.13500000002,-0.06526,0,,90.310546875,90.35107421875,turing-3,0.13.4,,fastest__mamut-rennes-n599-k115-hyb__seed__seed1__t1437
fastest,mamut-rennes-n599-k115-hyb,599,115,main,seed,2,1437,1437.228,401203,108295.51300000005,116,True,108349.13500000002,-0.04949,0,,90.4462890625,90.35107421875,turing-3,0.13.4,,fastest__mamut-rennes-n599-k115-hyb__seed__seed2__t1437
fastest,mamut-rennes-n599-k115-hyb,599,115,main,seed,3,1437,1437.211,346291,108119.28899999996,115,True,108349.13500000002,-0.21213,0,,90.4462890625,90.35107421875,turing-3,0.13.4,,fastest__mamut-rennes-n599-k115-hyb__seed__seed3__t1437
fastest,mamut-rennes-n599-k115-hyb,599,115,main,seed,4,1437,1437.19,417574,108426.15000000004,116,True,108349.13500000002,0.07108,0,,90.4462890625,90.35107421875,turing-3,0.13.4,,fastest__mamut-rennes-n599-k115-hyb__seed__seed4__t1437
fastest,mamut-rennes-n599-k115-hyb,599,115,main,seed,5,1437,1437.206,424013,108276.58200000004,116,True,108349.13500000002,-0.06696,0,,90.4462890625,90.35107421875,turing-3,0.13.4,,fastest__mamut-rennes-n599-k115-hyb__seed__seed5__t1437
fastest,mamut-rennes-n599-k115-hyb,599,115,main,seed,6,1437,1437.214,423090,108347.51300000002,116,True,108349.13500000002,-0.0015,0,,90.4462890625,90.35107421875,turing-3,0.13.4,,fastest__mamut-rennes-n599-k115-hyb__seed__seed6__t1437
fastest,mamut-rennes-n599-k115-hyb,599,115,main,seed,7,1437,1437.227,438251,108114.896,115,True,108349.13500000002,-0.21619,0,,90.4462890625,90.32275390625,turing-3,0.13.4,,fastest__mamut-rennes-n599-k115-hyb__seed__seed7__t1437
fastest,mamut-rennes-n599-k115-hyb,599,115,main,seed,8,1437,1437.204,486829,108114.99100000001,115,True,108349.13500000002,-0.2161,0,,90.5478515625,90.322265625,turing-3,0.13.4,,fastest__mamut-rennes-n599-k115-hyb__seed__seed8__t1437
fastest,mamut-rennes-n599-k115-hyb,599,115,main,seed,9,1437,1437.204,529775,108123.35000000012,116,True,108349.13500000002,-0.20839,0,,90.5478515625,90.322265625,turing-3,0.13.4,,fastest__mamut-rennes-n599-k115-hyb__seed__seed9__t1437
fastest,mamut-rennes-n599-k115-hyb,599,115,main,seed,10,1437,1437.224,379833,108084.4620000001,115,True,108349.13500000002,-0.24428,0,,90.310546875,90.35107421875,turing-3,0.13.4,,fastest__mamut-rennes-n599-k115-hyb__seed__seed10__t1437
fastest,mamut-budapest-n614-k22-hyb,614,22,polish,polish,1244,2946,2946.099,1461065,72317.21199999998,22,True,72707.449,-0.53672,1,replaced,90.34326171875,90.2841796875,turing-3,0.13.4,fastest__mamut-budapest-n614-k22-hyb__seed__seed10__t1473,fastest__mamut-budapest-n614-k22-hyb__polish__seed1244__t2946
fastest,mamut-budapest-n614-k22-hyb,614,22,main,seed,1,1473,1473.257,669912,72528.15699999983,23,True,72707.449,-0.24659,0,,90.255859375,90.5478515625,turing-3,0.13.4,,fastest__mamut-budapest-n614-k22-hyb__seed__seed1__t1473
fastest,mamut-budapest-n614-k22-hyb,614,22,main,seed,2,1473,1473.171,825553,72560.97900000002,23,True,72707.449,-0.20145,0,,90.255859375,90.5478515625,turing-3,0.13.4,,fastest__mamut-budapest-n614-k22-hyb__seed__seed2__t1473
fastest,mamut-budapest-n614-k22-hyb,614,22,main,seed,3,1473,1473.286,830869,72370.49800000007,22,True,72707.449,-0.46343,0,,90.255859375,90.58447265625,turing-3,0.13.4,,fastest__mamut-budapest-n614-k22-hyb__seed__seed3__t1473
fastest,mamut-budapest-n614-k22-hyb,614,22,main,seed,4,1473,1473.159,907863,72505.23600000002,23,True,72707.449,-0.27812,0,,90.255859375,90.5478515625,turing-3,0.13.4,,fastest__mamut-budapest-n614-k22-hyb__seed__seed4__t1473
fastest,mamut-budapest-n614-k22-hyb,614,22,main,seed,5,1473,1473.238,739718,72480.41199999998,23,True,72707.449,-0.31226,0,,90.279296875,90.4541015625,turing-3,0.13.4,,fastest__mamut-budapest-n614-k22-hyb__seed__seed5__t1473
fastest,mamut-budapest-n614-k22-hyb,614,22,main,seed,6,1473,1473.284,697043,72613.85400000002,23,True,72707.449,-0.12873,0,,90.279296875,90.4541015625,turing-3,0.13.4,,fastest__mamut-budapest-n614-k22-hyb__seed__seed6__t1473
fastest,mamut-budapest-n614-k22-hyb,614,22,main,seed,7,1473,1473.298,713835,72630.97800000003,23,True,72707.449,-0.10518,0,,90.33740234375,90.4541015625,turing-3,0.13.4,,fastest__mamut-budapest-n614-k22-hyb__seed__seed7__t1473
fastest,mamut-budapest-n614-k22-hyb,614,22,main,seed,8,1473,1473.245,770775,72485.66200000004,23,True,72707.449,-0.30504,0,,90.26025390625,90.32275390625,turing-3,0.13.4,,fastest__mamut-budapest-n614-k22-hyb__seed__seed8__t1473
fastest,mamut-budapest-n614-k22-hyb,614,22,main,seed,9,1473,1473.23,785208,72445.75100000003,22,True,72707.449,-0.35993,0,,90.283203125,90.35107421875,turing-3,0.13.4,,fastest__mamut-budapest-n614-k22-hyb__seed__seed9__t1473
fastest,mamut-budapest-n614-k22-hyb,614,22,main,seed,10,1473,1473.166,730670,72323.6759999999,22,True,72707.449,-0.52783,0,,90.255859375,90.5478515625,turing-3,0.13.4,,fastest__mamut-budapest-n614-k22-hyb__seed__seed10__t1473
fastest,mamut-tallinn-n628-k106-hyb,628,106,polish,polish,1319,3014,3014.103,1059895,96961.66099999995,108,True,97373.73500000007,-0.42319,1,replaced,90.2158203125,90.2216796875,turing-3,0.13.4,fastest__mamut-tallinn-n628-k106-hyb__seed__seed5__t1507,fastest__mamut-tallinn-n628-k106-hyb__polish__seed1319__t3014
fastest,mamut-tallinn-n628-k106-hyb,628,106,main,seed,1,1507,1507.239,519620,97177.74400000002,109,True,97373.73500000007,-0.20128,0,,90.32958984375,90.498046875,turing-3,0.13.4,,fastest__mamut-tallinn-n628-k106-hyb__seed__seed1__t1507
fastest,mamut-tallinn-n628-k106-hyb,628,106,main,seed,2,1507,1507.21,573406,97177.33400000002,109,True,97373.73500000007,-0.2017,0,,90.32958984375,90.498046875,turing-3,0.13.4,,fastest__mamut-tallinn-n628-k106-hyb__seed__seed2__t1507
fastest,mamut-tallinn-n628-k106-hyb,628,106,main,seed,3,1507,1507.218,465470,97091.71600000009,109,True,97373.73500000007,-0.28963,0,,90.32958984375,90.498046875,turing-3,0.13.4,,fastest__mamut-tallinn-n628-k106-hyb__seed__seed3__t1507
fastest,mamut-tallinn-n628-k106-hyb,628,106,main,seed,4,1507,1507.218,464444,97020.8960000003,109,True,97373.73500000007,-0.36236,0,,90.32958984375,90.498046875,turing-3,0.13.4,,fastest__mamut-tallinn-n628-k106-hyb__seed__seed4__t1507
fastest,mamut-tallinn-n628-k106-hyb,628,106,main,seed,5,1507,1507.223,466929,96999.00799999999,108,True,97373.73500000007,-0.38483,0,,90.32958984375,90.498046875,turing-3,0.13.4,,fastest__mamut-tallinn-n628-k106-hyb__seed__seed5__t1507
fastest,mamut-tallinn-n628-k106-hyb,628,106,main,seed,6,1507,1507.191,488539,97024.08200000007,108,True,97373.73500000007,-0.35908,0,,90.32958984375,90.498046875,turing-3,0.13.4,,fastest__mamut-tallinn-n628-k106-hyb__seed__seed6__t1507
fastest,mamut-tallinn-n628-k106-hyb,628,106,main,seed,7,1507,1507.233,555203,97294.72899999998,109,True,97373.73500000007,-0.08114,0,,90.302734375,90.498046875,turing-3,0.13.4,,fastest__mamut-tallinn-n628-k106-hyb__seed__seed7__t1507
fastest,mamut-tallinn-n628-k106-hyb,628,106,main,seed,8,1507,1507.224,463807,97043.97000000007,109,True,97373.73500000007,-0.33866,0,,90.302734375,90.498046875,turing-3,0.13.4,,fastest__mamut-tallinn-n628-k106-hyb__seed__seed8__t1507
fastest,mamut-tallinn-n628-k106-hyb,628,106,main,seed,9,1507,1507.207,504472,97132.96900000003,109,True,97373.73500000007,-0.24726,0,,90.302734375,90.498046875,turing-3,0.13.4,,fastest__mamut-tallinn-n628-k106-hyb__seed__seed9__t1507
fastest,mamut-tallinn-n628-k106-hyb,628,106,main,seed,10,1507,1507.232,549823,97282.6560000001,109,True,97373.73500000007,-0.09354,0,,90.32958984375,90.4541015625,turing-3,0.13.4,,fastest__mamut-tallinn-n628-k106-hyb__seed__seed10__t1507
fastest,mamut-lisbon-n643-k29-hyb,643,29,polish,polish,1270,3086,3086.173,1324907,95951.98100000006,29,True,96157.17200000012,-0.21339,1,replaced,6.34228515625,90.2158203125,turing-3,0.13.4,fastest__mamut-lisbon-n643-k29-hyb__seed__seed9__t1543,fastest__mamut-lisbon-n643-k29-hyb__polish__seed1270__t3086
fastest,mamut-lisbon-n643-k29-hyb,643,29,main,seed,1,1543,1543.235,653124,96038.12099999998,29,True,96157.17200000012,-0.12381,0,,90.193359375,90.26025390625,turing-3,0.13.4,,fastest__mamut-lisbon-n643-k29-hyb__seed__seed1__t1543
fastest,mamut-lisbon-n643-k29-hyb,643,29,main,seed,2,1543,1543.238,698536,96253.94000000003,29,True,96157.17200000012,0.10064,0,,90.27099609375,90.310546875,turing-3,0.13.4,,fastest__mamut-lisbon-n643-k29-hyb__seed__seed2__t1543
fastest,mamut-lisbon-n643-k29-hyb,643,29,main,seed,3,1543,1543.288,638627,96164.20599999999,29,True,96157.17200000012,0.00732,0,,90.2490234375,90.310546875,turing-3,0.13.4,,fastest__mamut-lisbon-n643-k29-hyb__seed__seed3__t1543
fastest,mamut-lisbon-n643-k29-hyb,643,29,main,seed,4,1543,1543.257,640900,96075.74999999996,29,True,96157.17200000012,-0.08468,0,,90.2490234375,90.310546875,turing-3,0.13.4,,fastest__mamut-lisbon-n643-k29-hyb__seed__seed4__t1543
fastest,mamut-lisbon-n643-k29-hyb,643,29,main,seed,5,1543,1543.267,707430,96174.84300000001,29,True,96157.17200000012,0.01838,0,,90.2490234375,90.4462890625,turing-3,0.13.4,,fastest__mamut-lisbon-n643-k29-hyb__seed__seed5__t1543
fastest,mamut-lisbon-n643-k29-hyb,643,29,main,seed,6,1543,1543.262,674587,96159.69200000013,29,True,96157.17200000012,0.00262,0,,90.2490234375,90.4462890625,turing-3,0.13.4,,fastest__mamut-lisbon-n643-k29-hyb__seed__seed6__t1543
fastest,mamut-lisbon-n643-k29-hyb,643,29,main,seed,7,1543,1543.281,749074,96195.587,29,True,96157.17200000012,0.03995,0,,90.2490234375,90.4462890625,turing-3,0.13.4,,fastest__mamut-lisbon-n643-k29-hyb__seed__seed7__t1543
fastest,mamut-lisbon-n643-k29-hyb,643,29,main,seed,8,1543,1543.242,656291,96090.06400000009,29,True,96157.17200000012,-0.06979,0,,90.24560546875,90.4951171875,turing-3,0.13.4,,fastest__mamut-lisbon-n643-k29-hyb__seed__seed8__t1543
fastest,mamut-lisbon-n643-k29-hyb,643,29,main,seed,9,1543,1543.251,595119,96010.17400000001,29,True,96157.17200000012,-0.15287,0,,90.2255859375,90.455078125,turing-3,0.13.4,,fastest__mamut-lisbon-n643-k29-hyb__seed__seed9__t1543
fastest,mamut-lisbon-n643-k29-hyb,643,29,main,seed,10,1543,1543.256,772866,96183.26200000006,29,True,96157.17200000012,0.02713,0,,90.193359375,90.26025390625,turing-3,0.13.4,,fastest__mamut-lisbon-n643-k29-hyb__seed__seed10__t1543
fastest,mamut-helsinki-n658-k20-poi,658,20,polish,polish,1261,3158,3158.113,1522683,62146.93300000003,20,True,62228.59899999997,-0.13124,1,replaced,6.34228515625,90.34326171875,turing-3,0.13.4,bks:pyvrp-ils-v1:seed42,fastest__mamut-helsinki-n658-k20-poi__polish__seed1261__t3158
fastest,mamut-helsinki-n658-k20-poi,658,20,main,seed,1,1579,1579.253,747598,62502.21400000008,20,True,62228.59899999997,0.43969,0,,90.28515625,90.24560546875,turing-3,0.13.4,,fastest__mamut-helsinki-n658-k20-poi__seed__seed1__t1579
fastest,mamut-helsinki-n658-k20-poi,658,20,main,seed,2,1579,1579.324,794770,62324.96300000005,20,True,62228.59899999997,0.15485,0,,90.28515625,90.24560546875,turing-3,0.13.4,,fastest__mamut-helsinki-n658-k20-poi__seed__seed2__t1579
fastest,mamut-helsinki-n658-k20-poi,658,20,main,seed,3,1579,1579.284,784603,62231.95900000008,20,True,62228.59899999997,0.0054,0,,90.28515625,90.24560546875,turing-3,0.13.4,,fastest__mamut-helsinki-n658-k20-poi__seed__seed3__t1579
fastest,mamut-helsinki-n658-k20-poi,658,20,main,seed,4,1579,1579.281,845450,62423.19500000005,20,True,62228.59899999997,0.31271,0,,90.28515625,90.24560546875,turing-3,0.13.4,,fastest__mamut-helsinki-n658-k20-poi__seed__seed4__t1579
fastest,mamut-helsinki-n658-k20-poi,658,20,main,seed,5,1579,1579.26,791071,62236.39200000005,20,True,62228.59899999997,0.01252,0,,90.28515625,90.24560546875,turing-3,0.13.4,,fastest__mamut-helsinki-n658-k20-poi__seed__seed5__t1579
fastest,mamut-helsinki-n658-k20-poi,658,20,main,seed,6,1579,1579.257,757069,62610.01900000009,20,True,62228.59899999997,0.61293,0,,90.26220703125,90.24560546875,turing-3,0.13.4,,fastest__mamut-helsinki-n658-k20-poi__seed__seed6__t1579
fastest,mamut-helsinki-n658-k20-poi,658,20,main,seed,7,1579,1579.288,899503,62530.156000000075,20,True,62228.59899999997,0.4846,0,,90.26220703125,90.2255859375,turing-3,0.13.4,,fastest__mamut-helsinki-n658-k20-poi__seed__seed7__t1579
fastest,mamut-helsinki-n658-k20-poi,658,20,main,seed,8,1579,1579.167,727523,62305.92399999996,20,True,62228.59899999997,0.12426,0,,90.21044921875,90.310546875,turing-3,0.13.4,,fastest__mamut-helsinki-n658-k20-poi__seed__seed8__t1579
fastest,mamut-helsinki-n658-k20-poi,658,20,main,seed,9,1579,1579.304,907755,62511.603999999956,20,True,62228.59899999997,0.45478,0,,90.193359375,90.4462890625,turing-3,0.13.4,,fastest__mamut-helsinki-n658-k20-poi__seed__seed9__t1579
fastest,mamut-helsinki-n658-k20-poi,658,20,main,seed,10,1579,1579.287,766389,62461.080000000075,20,True,62228.59899999997,0.37359,0,,90.28515625,90.24560546875,turing-3,0.13.4,,fastest__mamut-helsinki-n658-k20-poi__seed__seed10__t1579
fastest,mamut-dublin-n673-k14-poi,673,14,polish,polish,1258,3230,3230.212,1872876,44242.63899999999,14,True,44480.34700000001,-0.53441,1,replaced,6.34228515625,90.298828125,turing-3,0.13.4,fastest__mamut-dublin-n673-k14-poi__seed__seed7__t1615,fastest__mamut-dublin-n673-k14-poi__polish__seed1258__t3230
fastest,mamut-dublin-n673-k14-poi,673,14,main,seed,1,1615,1615.271,861903,44391.22700000001,14,True,44480.34700000001,-0.20036,0,,90.27197265625,90.32958984375,turing-3,0.13.4,,fastest__mamut-dublin-n673-k14-poi__seed__seed1__t1615
fastest,mamut-dublin-n673-k14-poi,673,14,main,seed,2,1615,1615.357,924932,44453.26999999998,14,True,44480.34700000001,-0.06087,0,,90.25,90.302734375,turing-3,0.13.4,,fastest__mamut-dublin-n673-k14-poi__seed__seed2__t1615
fastest,mamut-dublin-n673-k14-poi,673,14,main,seed,3,1615,1615.324,835736,44398.12499999994,14,True,44480.34700000001,-0.18485,0,,90.25,90.302734375,turing-3,0.13.4,,fastest__mamut-dublin-n673-k14-poi__seed__seed3__t1615
fastest,mamut-dublin-n673-k14-poi,673,14,main,seed,4,1615,1615.317,936628,44475.486999999994,14,True,44480.34700000001,-0.01093,0,,90.25,90.302734375,turing-3,0.13.4,,fastest__mamut-dublin-n673-k14-poi__seed__seed4__t1615
fastest,mamut-dublin-n673-k14-poi,673,14,main,seed,5,1615,1615.296,953733,44474.06699999999,14,True,44480.34700000001,-0.01412,0,,90.25,90.302734375,turing-3,0.13.4,,fastest__mamut-dublin-n673-k14-poi__seed__seed5__t1615
fastest,mamut-dublin-n673-k14-poi,673,14,main,seed,6,1615,1615.17,755716,44390.41299999993,14,True,44480.34700000001,-0.20219,0,,90.31005859375,90.2783203125,turing-3,0.13.4,,fastest__mamut-dublin-n673-k14-poi__seed__seed6__t1615
fastest,mamut-dublin-n673-k14-poi,673,14,main,seed,7,1615,1615.197,898224,44320.849000000075,14,True,44480.34700000001,-0.35858,0,,90.31005859375,90.2783203125,turing-3,0.13.4,,fastest__mamut-dublin-n673-k14-poi__seed__seed7__t1615
fastest,mamut-dublin-n673-k14-poi,673,14,main,seed,8,1615,1615.277,863319,44362.03499999999,14,True,44480.34700000001,-0.26599,0,,90.31005859375,90.2783203125,turing-3,0.13.4,,fastest__mamut-dublin-n673-k14-poi__seed__seed8__t1615
fastest,mamut-dublin-n673-k14-poi,673,14,main,seed,9,1615,1615.34,834751,44458.01900000001,14,True,44480.34700000001,-0.0502,0,,90.31005859375,90.2783203125,turing-3,0.13.4,,fastest__mamut-dublin-n673-k14-poi__seed__seed9__t1615
fastest,mamut-dublin-n673-k14-poi,673,14,main,seed,10,1615,1615.331,964453,44537.82700000006,14,True,44480.34700000001,0.12923,0,,90.27197265625,90.32958984375,turing-3,0.13.4,,fastest__mamut-dublin-n673-k14-poi__seed__seed10__t1615
fastest,mamut-toulouse-n689-k129-poi,689,129,polish,polish,1322,3306,3306.141,815021,349971.73299999954,129,True,351018.23199999996,-0.29813,1,replaced,6.34228515625,90.33935546875,turing-3,0.13.4,fastest__mamut-toulouse-n689-k129-poi__seed__seed2__t1653,fastest__mamut-toulouse-n689-k129-poi__polish__seed1322__t3306
fastest,mamut-toulouse-n689-k129-poi,689,129,main,seed,1,1653,1653.262,387938,350862.2299999997,130,True,351018.23199999996,-0.04444,0,,90.2412109375,90.21044921875,turing-3,0.13.4,,fastest__mamut-toulouse-n689-k129-poi__seed__seed1__t1653
fastest,mamut-toulouse-n689-k129-poi,689,129,main,seed,2,1653,1653.307,384805,350334.6879999996,130,True,351018.23199999996,-0.19473,0,,90.2412109375,90.21044921875,turing-3,0.13.4,,fastest__mamut-toulouse-n689-k129-poi__seed__seed2__t1653
fastest,mamut-toulouse-n689-k129-poi,689,129,main,seed,3,1653,1653.285,363009,350361.60100000014,129,True,351018.23199999996,-0.18706,0,,90.2412109375,90.21044921875,turing-3,0.13.4,,fastest__mamut-toulouse-n689-k129-poi__seed__seed3__t1653
fastest,mamut-toulouse-n689-k129-poi,689,129,main,seed,4,1653,1653.279,345493,350704.3709999999,130,True,351018.23199999996,-0.08941,0,,90.2412109375,90.21044921875,turing-3,0.13.4,,fastest__mamut-toulouse-n689-k129-poi__seed__seed4__t1653
fastest,mamut-toulouse-n689-k129-poi,689,129,main,seed,5,1653,1653.167,341645,350514.00399999967,130,True,351018.23199999996,-0.14365,0,,90.2412109375,90.193359375,turing-3,0.13.4,,fastest__mamut-toulouse-n689-k129-poi__seed__seed5__t1653
fastest,mamut-toulouse-n689-k129-poi,689,129,main,seed,6,1653,1653.264,381536,350873.79600000026,130,True,351018.23199999996,-0.04115,0,,90.2412109375,90.193359375,turing-3,0.13.4,,fastest__mamut-toulouse-n689-k129-poi__seed__seed6__t1653
fastest,mamut-toulouse-n689-k129-poi,689,129,main,seed,7,1653,1653.265,334690,350989.67400000006,130,True,351018.23199999996,-0.00814,0,,90.2216796875,90.193359375,turing-3,0.13.4,,fastest__mamut-toulouse-n689-k129-poi__seed__seed7__t1653
fastest,mamut-toulouse-n689-k129-poi,689,129,main,seed,8,1653,1653.338,379799,350660.55300000013,130,True,351018.23199999996,-0.1019,0,,90.3193359375,90.2783203125,turing-3,0.13.4,,fastest__mamut-toulouse-n689-k129-poi__seed__seed8__t1653
fastest,mamut-toulouse-n689-k129-poi,689,129,main,seed,9,1653,1653.273,369296,350457.6309999999,130,True,351018.23199999996,-0.15971,0,,90.3193359375,90.2783203125,turing-3,0.13.4,,fastest__mamut-toulouse-n689-k129-poi__seed__seed9__t1653
fastest,mamut-toulouse-n689-k129-poi,689,129,main,seed,10,1653,1653.282,412064,350794.85799999983,130,True,351018.23199999996,-0.06364,0,,90.2412109375,90.21044921875,turing-3,0.13.4,,fastest__mamut-toulouse-n689-k129-poi__seed__seed10__t1653
fastest,mamut-stockholm-n705-k60-par,705,60,pilot,long,101,6768,6768.273,4041093,134722.49499999994,61,True,134897.56699999998,-0.12978,0,,1.15380859375,24.09423828125,turing-3,0.13.4,,fastest__mamut-stockholm-n705-k60-par__long__seed101__t6768
fastest,mamut-stockholm-n705-k60-par,705,60,polish,polish,1316,3384,3384.154,1455116,134547.14499999996,61,True,134897.56699999998,-0.25977,1,replaced,6.34228515625,90.2177734375,turing-3,0.13.4,fastest__mamut-stockholm-n705-k60-par__seed__seed7__t1692,fastest__mamut-stockholm-n705-k60-par__polish__seed1316__t3384
fastest,mamut-stockholm-n705-k60-par,705,60,pilot,seed,1,1692,1692.286,673617,134682.3570000001,61,True,134897.56699999998,-0.15954,0,,8.2685546875,89.4091796875,turing-3,0.13.4,,fastest__mamut-stockholm-n705-k60-par__seed__seed1__t1692
fastest,mamut-stockholm-n705-k60-par,705,60,pilot,seed,2,1692,1692.24,789423,134854.37000000017,61,True,134897.56699999998,-0.03202,0,,1.15380859375,90.1416015625,turing-3,0.13.4,,fastest__mamut-stockholm-n705-k60-par__seed__seed2__t1692
fastest,mamut-stockholm-n705-k60-par,705,60,pilot,seed,3,1692,1692.175,686985,134921.72500000003,61,True,134897.56699999998,0.01791,0,,8.2685546875,89.4091796875,turing-3,0.13.4,,fastest__mamut-stockholm-n705-k60-par__seed__seed3__t1692
fastest,mamut-stockholm-n705-k60-par,705,60,main,seed,4,1692,1692.287,677824,134759.14699999997,61,True,134897.56699999998,-0.10261,0,,90.23046875,90.3193359375,turing-3,0.13.4,,fastest__mamut-stockholm-n705-k60-par__seed__seed4__t1692
fastest,mamut-stockholm-n705-k60-par,705,60,main,seed,5,1692,1692.259,646922,134830.32799999998,61,True,134897.56699999998,-0.04984,0,,90.23583984375,90.193359375,turing-3,0.13.4,,fastest__mamut-stockholm-n705-k60-par__seed__seed5__t1692
fastest,mamut-stockholm-n705-k60-par,705,60,main,seed,6,1692,1692.28,642226,135282.19199999986,61,True,134897.56699999998,0.28512,0,,90.2568359375,90.21044921875,turing-3,0.13.4,,fastest__mamut-stockholm-n705-k60-par__seed__seed6__t1692
fastest,mamut-stockholm-n705-k60-par,705,60,main,seed,7,1692,1692.261,732244,134607.50799999986,61,True,134897.56699999998,-0.21502,0,,90.23583984375,90.193359375,turing-3,0.13.4,,fastest__mamut-stockholm-n705-k60-par__seed__seed7__t1692
fastest,mamut-stockholm-n705-k60-par,705,60,main,seed,8,1692,1692.305,686531,134886.8120000001,61,True,134897.56699999998,-0.00797,0,,90.2568359375,90.21044921875,turing-3,0.13.4,,fastest__mamut-stockholm-n705-k60-par__seed__seed8__t1692
fastest,mamut-stockholm-n705-k60-par,705,60,main,seed,9,1692,1692.274,641083,135522.54100000014,61,True,134897.56699999998,0.4633,0,,90.2568359375,90.21044921875,turing-3,0.13.4,,fastest__mamut-stockholm-n705-k60-par__seed__seed9__t1692
fastest,mamut-stockholm-n705-k60-par,705,60,main,seed,10,1692,1692.2,681942,134911.80200000017,61,True,134897.56699999998,0.01055,0,,90.23046875,90.34765625,turing-3,0.13.4,,fastest__mamut-stockholm-n705-k60-par__seed__seed10__t1692
fastest,mamut-amsterdam-n722-k69-hyb,722,69,polish,polish,1224,3464,3464.244,1201110,131207.27900000013,70,True,131686.74299999993,-0.36409,1,replaced,6.34228515625,90.36767578125,turing-3,0.13.4,fastest__mamut-amsterdam-n722-k69-hyb__seed__seed10__t1732,fastest__mamut-amsterdam-n722-k69-hyb__polish__seed1224__t3464
fastest,mamut-amsterdam-n722-k69-hyb,722,69,main,seed,1,1732,1732.303,664584,131300.7420000001,71,True,131686.74299999993,-0.29312,0,,90.27294921875,90.27197265625,turing-3,0.13.4,,fastest__mamut-amsterdam-n722-k69-hyb__seed__seed1__t1732
fastest,mamut-amsterdam-n722-k69-hyb,722,69,main,seed,2,1732,1732.253,690386,131415.1029999999,70,True,131686.74299999993,-0.20628,0,,90.27294921875,90.27197265625,turing-3,0.13.4,,fastest__mamut-amsterdam-n722-k69-hyb__seed__seed2__t1732
fastest,mamut-amsterdam-n722-k69-hyb,722,69,main,seed,3,1732,1732.299,541828,132196.08199999994,70,True,131686.74299999993,0.38678,0,,90.27294921875,90.27197265625,turing-3,0.13.4,,fastest__mamut-amsterdam-n722-k69-hyb__seed__seed3__t1732
fastest,mamut-amsterdam-n722-k69-hyb,722,69,main,seed,4,1732,1732.344,640120,131592.606,70,True,131686.74299999993,-0.07149,0,,90.27294921875,90.27197265625,turing-3,0.13.4,,fastest__mamut-amsterdam-n722-k69-hyb__seed__seed4__t1732
fastest,mamut-amsterdam-n722-k69-hyb,722,69,main,seed,5,1732,1732.344,606850,131435.4739999999,71,True,131686.74299999993,-0.19081,0,,90.27294921875,90.27197265625,turing-3,0.13.4,,fastest__mamut-amsterdam-n722-k69-hyb__seed__seed5__t1732
fastest,mamut-amsterdam-n722-k69-hyb,722,69,main,seed,6,1732,1732.31,675879,131668.156,70,True,131686.74299999993,-0.01411,0,,90.27294921875,90.25,turing-3,0.13.4,,fastest__mamut-amsterdam-n722-k69-hyb__seed__seed6__t1732
fastest,mamut-amsterdam-n722-k69-hyb,722,69,main,seed,7,1732,1732.328,742228,131408.17799999987,70,True,131686.74299999993,-0.21154,0,,90.27294921875,90.25,turing-3,0.13.4,,fastest__mamut-amsterdam-n722-k69-hyb__seed__seed7__t1732
fastest,mamut-amsterdam-n722-k69-hyb,722,69,main,seed,8,1732,1732.314,614561,131574.65599999987,70,True,131686.74299999993,-0.08512,0,,90.2509765625,90.25,turing-3,0.13.4,,fastest__mamut-amsterdam-n722-k69-hyb__seed__seed8__t1732
fastest,mamut-amsterdam-n722-k69-hyb,722,69,main,seed,9,1732,1732.213,750143,131633.475,70,True,131686.74299999993,-0.04045,0,,90.2509765625,90.31005859375,turing-3,0.13.4,,fastest__mamut-amsterdam-n722-k69-hyb__seed__seed9__t1732
fastest,mamut-amsterdam-n722-k69-hyb,722,69,main,seed,10,1732,1732.303,598955,131221.45800000007,70,True,131686.74299999993,-0.35333,0,,90.296875,90.27197265625,turing-3,0.13.4,,fastest__mamut-amsterdam-n722-k69-hyb__seed__seed10__t1732
fastest,mamut-copenhagen-n739-k203-hyb,739,203,polish,polish,1254,3546,3546.31,1092086,483800.7629999995,208,True,485643.85200000013,-0.37951,1,replaced,6.34228515625,90.3203125,turing-3,0.13.4,fastest__mamut-copenhagen-n739-k203-hyb__seed__seed3__t1773,fastest__mamut-copenhagen-n739-k203-hyb__polish__seed1254__t3546
fastest,mamut-copenhagen-n739-k203-hyb,739,203,main,seed,1,1773,1773.293,556830,485356.1530000005,210,True,485643.85200000013,-0.05924,0,,90.26953125,90.31005859375,turing-3,0.13.4,,fastest__mamut-copenhagen-n739-k203-hyb__seed__seed1__t1773
fastest,mamut-copenhagen-n739-k203-hyb,739,203,main,seed,2,1773,1773.289,513779,486592.60999999975,211,True,485643.85200000013,0.19536,0,,90.26953125,90.28515625,turing-3,0.13.4,,fastest__mamut-copenhagen-n739-k203-hyb__seed__seed2__t1773
fastest,mamut-copenhagen-n739-k203-hyb,739,203,main,seed,3,1773,1773.261,553141,484316.91000000015,209,True,485643.85200000013,-0.27323,0,,90.26953125,90.28515625,turing-3,0.13.4,,fastest__mamut-copenhagen-n739-k203-hyb__seed__seed3__t1773
fastest,mamut-copenhagen-n739-k203-hyb,739,203,main,seed,4,1773,1773.305,543097,485511.8880000004,210,True,485643.85200000013,-0.02717,0,,90.26953125,90.28515625,turing-3,0.13.4,,fastest__mamut-copenhagen-n739-k203-hyb__seed__seed4__t1773
fastest,mamut-copenhagen-n739-k203-hyb,739,203,main,seed,5,1773,1773.291,532404,485324.5139999999,209,True,485643.85200000013,-0.06576,0,,90.26953125,90.28515625,turing-3,0.13.4,,fastest__mamut-copenhagen-n739-k203-hyb__seed__seed5__t1773
fastest,mamut-copenhagen-n739-k203-hyb,739,203,main,seed,6,1773,1773.203,588619,485517.2739999998,209,True,485643.85200000013,-0.02606,0,,90.26953125,90.28515625,turing-3,0.13.4,,fastest__mamut-copenhagen-n739-k203-hyb__seed__seed6__t1773
fastest,mamut-copenhagen-n739-k203-hyb,739,203,main,seed,7,1773,1773.3,609122,486144.99100000004,210,True,485643.85200000013,0.10319,0,,90.26953125,90.28515625,turing-3,0.13.4,,fastest__mamut-copenhagen-n739-k203-hyb__seed__seed7__t1773
fastest,mamut-copenhagen-n739-k203-hyb,739,203,main,seed,8,1773,1773.316,486161,484891.48000000004,209,True,485643.85200000013,-0.15492,0,,90.26953125,90.28515625,turing-3,0.13.4,,fastest__mamut-copenhagen-n739-k203-hyb__seed__seed8__t1773
fastest,mamut-copenhagen-n739-k203-hyb,739,203,main,seed,9,1773,1773.285,563461,485516.73499999987,210,True,485643.85200000013,-0.02617,0,,90.26953125,90.28515625,turing-3,0.13.4,,fastest__mamut-copenhagen-n739-k203-hyb__seed__seed9__t1773
fastest,mamut-copenhagen-n739-k203-hyb,739,203,main,seed,10,1773,1773.286,585789,485333.83599999954,209,True,485643.85200000013,-0.06384,0,,90.328125,90.28515625,turing-3,0.13.4,,fastest__mamut-copenhagen-n739-k203-hyb__seed__seed10__t1773
fastest,mamut-bordeaux-n756-k250-hyb,756,250,polish,polish,1240,3628,3628.315,970090,229764.90999999965,262,True,229990.12399999972,-0.09792,1,replaced,6.34228515625,90.4833984375,turing-3,0.13.4,fastest__mamut-bordeaux-n756-k250-hyb__seed__seed1__t1814,fastest__mamut-bordeaux-n756-k250-hyb__polish__seed1240__t3628
fastest,mamut-bordeaux-n756-k250-hyb,756,250,main,seed,1,1814,1814.295,524238,229802.07699999993,262,True,229990.12399999972,-0.08176,0,,90.283203125,90.28564453125,turing-3,0.13.4,,fastest__mamut-bordeaux-n756-k250-hyb__seed__seed1__t1814
fastest,mamut-bordeaux-n756-k250-hyb,756,250,main,seed,2,1814,1814.274,493007,229915.88099999994,262,True,229990.12399999972,-0.03228,0,,90.4208984375,90.2626953125,turing-3,0.13.4,,fastest__mamut-bordeaux-n756-k250-hyb__seed__seed2__t1814
fastest,mamut-bordeaux-n756-k250-hyb,756,250,main,seed,3,1814,1814.262,450827,229884.896,262,True,229990.12399999972,-0.04575,0,,90.283203125,90.2626953125,turing-3,0.13.4,,fastest__mamut-bordeaux-n756-k250-hyb__seed__seed3__t1814
fastest,mamut-bordeaux-n756-k250-hyb,756,250,main,seed,4,1814,1814.227,486083,229844.98200000002,262,True,229990.12399999972,-0.06311,0,,90.283203125,90.2626953125,turing-3,0.13.4,,fastest__mamut-bordeaux-n756-k250-hyb__seed__seed4__t1814
fastest,mamut-bordeaux-n756-k250-hyb,756,250,main,seed,5,1814,1814.273,536387,229887.13900000002,262,True,229990.12399999972,-0.04478,0,,90.283203125,90.2626953125,turing-3,0.13.4,,fastest__mamut-bordeaux-n756-k250-hyb__seed__seed5__t1814
fastest,mamut-bordeaux-n756-k250-hyb,756,250,main,seed,6,1814,1814.277,486534,230149.70899999986,263,True,229990.12399999972,0.06939,0,,90.283203125,90.2626953125,turing-3,0.13.4,,fastest__mamut-bordeaux-n756-k250-hyb__seed__seed6__t1814
fastest,mamut-bordeaux-n756-k250-hyb,756,250,main,seed,7,1814,1814.302,466851,229856.0869999997,262,True,229990.12399999972,-0.05828,0,,90.283203125,90.2626953125,turing-3,0.13.4,,fastest__mamut-bordeaux-n756-k250-hyb__seed__seed7__t1814
fastest,mamut-bordeaux-n756-k250-hyb,756,250,main,seed,8,1814,1814.234,479777,229878.38099999982,262,True,229990.12399999972,-0.04859,0,,90.283203125,90.2626953125,turing-3,0.13.4,,fastest__mamut-bordeaux-n756-k250-hyb__seed__seed8__t1814
fastest,mamut-bordeaux-n756-k250-hyb,756,250,main,seed,9,1814,1814.318,508556,229821.24399999974,262,True,229990.12399999972,-0.07343,0,,90.4208984375,90.2626953125,turing-3,0.13.4,,fastest__mamut-bordeaux-n756-k250-hyb__seed__seed9__t1814
fastest,mamut-bordeaux-n756-k250-hyb,756,250,main,seed,10,1814,1814.293,515658,229908.85699999984,262,True,229990.12399999972,-0.03533,0,,90.4208984375,90.2626953125,turing-3,0.13.4,,fastest__mamut-bordeaux-n756-k250-hyb__seed__seed10__t1814
fastest,mamut-marseille-n774-k17-poi,774,17,polish,polish,1279,3714,3714.309,2230242,60049.073999999986,17,True,60396.49999999994,-0.57524,1,replaced,6.34228515625,90.419921875,turing-3,0.13.4,fastest__mamut-marseille-n774-k17-poi__seed__seed9__t1857,fastest__mamut-marseille-n774-k17-poi__polish__seed1279__t3714
fastest,mamut-marseille-n774-k17-poi,774,17,main,seed,1,1857,1857.369,1050737,60339.21099999995,17,True,60396.49999999994,-0.09485,0,,90.17578125,90.328125,turing-3,0.13.4,,fastest__mamut-marseille-n774-k17-poi__seed__seed1__t1857
fastest,mamut-marseille-n774-k17-poi,774,17,main,seed,2,1857,1857.402,866241,60343.704000000005,17,True,60396.49999999994,-0.08742,0,,90.1484375,90.3515625,turing-3,0.13.4,,fastest__mamut-marseille-n774-k17-poi__seed__seed2__t1857
fastest,mamut-marseille-n774-k17-poi,774,17,main,seed,3,1857,1857.381,914203,60371.91499999995,17,True,60396.49999999994,-0.04071,0,,90.1484375,90.3515625,turing-3,0.13.4,,fastest__mamut-marseille-n774-k17-poi__seed__seed3__t1857
fastest,mamut-marseille-n774-k17-poi,774,17,main,seed,4,1857,1857.383,1057227,60204.32599999995,17,True,60396.49999999994,-0.31819,0,,90.1484375,90.3232421875,turing-3,0.13.4,,fastest__mamut-marseille-n774-k17-poi__seed__seed4__t1857
fastest,mamut-marseille-n774-k17-poi,774,17,main,seed,5,1857,1857.396,1098100,60190.3109999999,17,True,60396.49999999994,-0.34139,0,,90.1484375,90.3232421875,turing-3,0.13.4,,fastest__mamut-marseille-n774-k17-poi__seed__seed5__t1857
fastest,mamut-marseille-n774-k17-poi,774,17,main,seed,6,1857,1857.32,1057658,60077.741999999926,17,True,60396.49999999994,-0.52778,0,,90.1484375,90.3232421875,turing-3,0.13.4,,fastest__mamut-marseille-n774-k17-poi__seed__seed6__t1857
fastest,mamut-marseille-n774-k17-poi,774,17,main,seed,7,1857,1857.457,963682,60556.37999999994,17,True,60396.49999999994,0.26472,0,,90.13623046875,90.3232421875,turing-3,0.13.4,,fastest__mamut-marseille-n774-k17-poi__seed__seed7__t1857
fastest,mamut-marseille-n774-k17-poi,774,17,main,seed,8,1857,1857.384,1071922,60181.95499999999,17,True,60396.49999999994,-0.35523,0,,90.13623046875,90.3232421875,turing-3,0.13.4,,fastest__mamut-marseille-n774-k17-poi__seed__seed8__t1857
fastest,mamut-marseille-n774-k17-poi,774,17,main,seed,9,1857,1857.456,1058022,60068.976999999955,17,True,60396.49999999994,-0.54229,0,,90.13623046875,90.296875,turing-3,0.13.4,,fastest__mamut-marseille-n774-k17-poi__seed__seed9__t1857
fastest,mamut-marseille-n774-k17-poi,774,17,main,seed,10,1857,1857.38,901714,60154.24900000001,17,True,60396.49999999994,-0.4011,0,,90.19140625,90.26953125,turing-3,0.13.4,,fastest__mamut-marseille-n774-k17-poi__seed__seed10__t1857
fastest,mamut-nairobi-n792-k18-par,792,18,polish,polish,1287,3800,3800.276,1812978,58826.27499999999,18,True,59640.261000000035,-1.36483,1,replaced,6.34228515625,90.33837890625,turing-3,0.13.4,fastest__mamut-nairobi-n792-k18-par__seed__seed5__t1900,fastest__mamut-nairobi-n792-k18-par__polish__seed1287__t3800
fastest,mamut-nairobi-n792-k18-par,792,18,main,seed,1,1900,1900.358,1151870,59199.37800000002,18,True,59640.261000000035,-0.73924,0,,90.2470703125,90.27294921875,turing-3,0.13.4,,fastest__mamut-nairobi-n792-k18-par__seed__seed1__t1900
fastest,mamut-nairobi-n792-k18-par,792,18,main,seed,2,1900,1900.335,924535,59105.600999999995,18,True,59640.261000000035,-0.89647,0,,90.22705078125,90.27294921875,turing-3,0.13.4,,fastest__mamut-nairobi-n792-k18-par__seed__seed2__t1900
fastest,mamut-nairobi-n792-k18-par,792,18,main,seed,3,1900,1900.227,935012,59154.69400000005,18,True,59640.261000000035,-0.81416,0,,90.22705078125,90.2509765625,turing-3,0.13.4,,fastest__mamut-nairobi-n792-k18-par__seed__seed3__t1900
fastest,mamut-nairobi-n792-k18-par,792,18,main,seed,4,1900,1900.38,1097070,59242.258000000016,18,True,59640.261000000035,-0.66734,0,,90.22705078125,90.2509765625,turing-3,0.13.4,,fastest__mamut-nairobi-n792-k18-par__seed__seed4__t1900
fastest,mamut-nairobi-n792-k18-par,792,18,main,seed,5,1900,1900.359,865632,58911.93199999994,18,True,59640.261000000035,-1.2212,0,,90.22705078125,90.2509765625,turing-3,0.13.4,,fastest__mamut-nairobi-n792-k18-par__seed__seed5__t1900
fastest,mamut-nairobi-n792-k18-par,792,18,main,seed,6,1900,1900.37,942825,58914.95600000001,18,True,59640.261000000035,-1.21613,0,,90.22705078125,90.2509765625,turing-3,0.13.4,,fastest__mamut-nairobi-n792-k18-par__seed__seed6__t1900
fastest,mamut-nairobi-n792-k18-par,792,18,main,seed,7,1900,1900.365,1064168,59056.003999999986,18,True,59640.261000000035,-0.97964,0,,90.22705078125,90.2509765625,turing-3,0.13.4,,fastest__mamut-nairobi-n792-k18-par__seed__seed7__t1900
fastest,mamut-nairobi-n792-k18-par,792,18,main,seed,8,1900,1900.387,865026,59163.08300000006,18,True,59640.261000000035,-0.80009,0,,90.20849609375,90.23046875,turing-3,0.13.4,,fastest__mamut-nairobi-n792-k18-par__seed__seed8__t1900
fastest,mamut-nairobi-n792-k18-par,792,18,main,seed,9,1900,1900.397,1041081,59176.35599999991,18,True,59640.261000000035,-0.77784,0,,90.20849609375,90.23046875,turing-3,0.13.4,,fastest__mamut-nairobi-n792-k18-par__seed__seed9__t1900
fastest,mamut-nairobi-n792-k18-par,792,18,main,seed,10,1900,1900.386,968462,59219.81799999998,18,True,59640.261000000035,-0.70497,0,,90.2470703125,90.27294921875,turing-3,0.13.4,,fastest__mamut-nairobi-n792-k18-par__seed__seed10__t1900
fastest,mamut-strasbourg-n811-k163-hyb,811,163,polish,polish,1317,3892,3892.293,1024306,186021.25900000022,163,True,186067.44500000004,-0.02482,1,replaced,6.34228515625,90.3193359375,turing-3,0.13.4,fastest__mamut-strasbourg-n811-k163-hyb__seed__seed3__t1946,fastest__mamut-strasbourg-n811-k163-hyb__polish__seed1317__t3892
fastest,mamut-strasbourg-n811-k163-hyb,811,163,main,seed,1,1946,1946.302,507184,186102.831,163,True,186067.44500000004,0.01902,0,,90.39501953125,90.30810546875,turing-3,0.13.4,,fastest__mamut-strasbourg-n811-k163-hyb__seed__seed1__t1946
fastest,mamut-strasbourg-n811-k163-hyb,811,163,main,seed,2,1946,1946.314,470463,186177.0130000002,163,True,186067.44500000004,0.05889,0,,90.39501953125,90.30810546875,turing-3,0.13.4,,fastest__mamut-strasbourg-n811-k163-hyb__seed__seed2__t1946
fastest,mamut-strasbourg-n811-k163-hyb,811,163,main,seed,3,1946,1946.324,470104,186021.4220000003,163,True,186067.44500000004,-0.02473,0,,90.36328125,90.283203125,turing-3,0.13.4,,fastest__mamut-strasbourg-n811-k163-hyb__seed__seed3__t1946
fastest,mamut-strasbourg-n811-k163-hyb,811,163,main,seed,4,1946,1946.324,500361,186066.61599999998,163,True,186067.44500000004,-0.00045,0,,90.36328125,90.283203125,turing-3,0.13.4,,fastest__mamut-strasbourg-n811-k163-hyb__seed__seed4__t1946
fastest,mamut-strasbourg-n811-k163-hyb,811,163,main,seed,5,1946,1946.311,449287,186091.26099999997,163,True,186067.44500000004,0.0128,0,,90.36328125,90.283203125,turing-3,0.13.4,,fastest__mamut-strasbourg-n811-k163-hyb__seed__seed5__t1946
fastest,mamut-strasbourg-n811-k163-hyb,811,163,main,seed,6,1946,1946.361,387217,186075.76000000036,163,True,186067.44500000004,0.00447,0,,90.36328125,90.283203125,turing-3,0.13.4,,fastest__mamut-strasbourg-n811-k163-hyb__seed__seed6__t1946
fastest,mamut-strasbourg-n811-k163-hyb,811,163,main,seed,7,1946,1946.394,484032,186035.54599999997,163,True,186067.44500000004,-0.01714,0,,90.36328125,90.283203125,turing-3,0.13.4,,fastest__mamut-strasbourg-n811-k163-hyb__seed__seed7__t1946
fastest,mamut-strasbourg-n811-k163-hyb,811,163,main,seed,8,1946,1946.351,429788,186029.7159999999,163,True,186067.44500000004,-0.02028,0,,90.36328125,90.283203125,turing-3,0.13.4,,fastest__mamut-strasbourg-n811-k163-hyb__seed__seed8__t1946
fastest,mamut-strasbourg-n811-k163-hyb,811,163,main,seed,9,1946,1946.413,487832,186041.6920000002,163,True,186067.44500000004,-0.01384,0,,90.36328125,90.283203125,turing-3,0.13.4,,fastest__mamut-strasbourg-n811-k163-hyb__seed__seed9__t1946
fastest,mamut-strasbourg-n811-k163-hyb,811,163,main,seed,10,1946,1946.334,460959,186046.91900000023,163,True,186067.44500000004,-0.01103,0,,90.39501953125,90.30810546875,turing-3,0.13.4,,fastest__mamut-strasbourg-n811-k163-hyb__seed__seed10__t1946
fastest,mamut-auckland-n830-k30-poi,830,30,polish,polish,1230,3984,3984.36,2211816,55748.10399999997,30,True,56324.12199999996,-1.02268,1,replaced,6.34228515625,90.333984375,turing-3,0.13.4,fastest__mamut-auckland-n830-k30-poi__seed__seed8__t1992,fastest__mamut-auckland-n830-k30-poi__polish__seed1230__t3984
fastest,mamut-auckland-n830-k30-poi,830,30,main,seed,1,1992,1992.357,956506,55914.60799999995,30,True,56324.12199999996,-0.72707,0,,90.1572265625,90.20849609375,turing-3,0.13.4,,fastest__mamut-auckland-n830-k30-poi__seed__seed1__t1992
fastest,mamut-auckland-n830-k30-poi,830,30,main,seed,2,1992,1992.334,935800,55983.51999999997,30,True,56324.12199999996,-0.60472,0,,90.14453125,90.20849609375,turing-3,0.13.4,,fastest__mamut-auckland-n830-k30-poi__seed__seed2__t1992
fastest,mamut-auckland-n830-k30-poi,830,30,main,seed,3,1992,1992.351,1026691,55879.336999999985,30,True,56324.12199999996,-0.78969,0,,90.14453125,90.20849609375,turing-3,0.13.4,,fastest__mamut-auckland-n830-k30-poi__seed__seed3__t1992
fastest,mamut-auckland-n830-k30-poi,830,30,main,seed,4,1992,1992.291,973776,56006.51899999999,30,True,56324.12199999996,-0.56388,0,,90.14453125,90.20849609375,turing-3,0.13.4,,fastest__mamut-auckland-n830-k30-poi__seed__seed4__t1992
fastest,mamut-auckland-n830-k30-poi,830,30,main,seed,5,1992,1992.328,1057940,55969.63500000003,30,True,56324.12199999996,-0.62937,0,,90.14453125,90.20849609375,turing-3,0.13.4,,fastest__mamut-auckland-n830-k30-poi__seed__seed5__t1992
fastest,mamut-auckland-n830-k30-poi,830,30,main,seed,6,1992,1992.358,1025399,55891.50500000007,30,True,56324.12199999996,-0.76808,0,,90.14453125,90.20849609375,turing-3,0.13.4,,fastest__mamut-auckland-n830-k30-poi__seed__seed6__t1992
fastest,mamut-auckland-n830-k30-poi,830,30,main,seed,7,1992,1992.363,984150,56141.60600000006,30,True,56324.12199999996,-0.32405,0,,90.14453125,90.20849609375,turing-3,0.13.4,,fastest__mamut-auckland-n830-k30-poi__seed__seed7__t1992
fastest,mamut-auckland-n830-k30-poi,830,30,main,seed,8,1992,1992.401,1000952,55759.569999999985,30,True,56324.12199999996,-1.00233,0,,90.14453125,90.20849609375,turing-3,0.13.4,,fastest__mamut-auckland-n830-k30-poi__seed__seed8__t1992
fastest,mamut-auckland-n830-k30-poi,830,30,main,seed,9,1992,1992.337,1202200,56012.80000000006,30,True,56324.12199999996,-0.55273,0,,90.14453125,90.20849609375,turing-3,0.13.4,,fastest__mamut-auckland-n830-k30-poi__seed__seed9__t1992
fastest,mamut-auckland-n830-k30-poi,830,30,main,seed,10,1992,1992.39,919009,56086.02400000001,30,True,56324.12199999996,-0.42273,0,,90.1572265625,90.20849609375,turing-3,0.13.4,,fastest__mamut-auckland-n830-k30-poi__seed__seed10__t1992
fastest,mamut-hanoi-n850-k101-par,850,101,polish,polish,1260,4080,4080.222,875424,353612.11000000074,103,True,354734.30600000033,-0.31635,1,replaced,6.34228515625,90.255859375,turing-3,0.13.4,fastest__mamut-hanoi-n850-k101-par__seed__seed6__t2040,fastest__mamut-hanoi-n850-k101-par__polish__seed1260__t4080
fastest,mamut-hanoi-n850-k101-par,850,101,main,seed,1,2040,2040.312,484184,354216.6399999998,104,True,354734.30600000033,-0.14593,0,,90.11767578125,90.1484375,turing-3,0.13.4,,fastest__mamut-hanoi-n850-k101-par__seed__seed1__t2040
fastest,mamut-hanoi-n850-k101-par,850,101,main,seed,2,2040,2040.212,527218,354049.1210000003,104,True,354734.30600000033,-0.19315,0,,90.10791015625,90.1484375,turing-3,0.13.4,,fastest__mamut-hanoi-n850-k101-par__seed__seed2__t2040
fastest,mamut-hanoi-n850-k101-par,850,101,main,seed,3,2040,2040.301,402642,354804.11900000024,104,True,354734.30600000033,0.01968,0,,90.10791015625,90.13623046875,turing-3,0.13.4,,fastest__mamut-hanoi-n850-k101-par__seed__seed3__t2040
fastest,mamut-hanoi-n850-k101-par,850,101,main,seed,4,2040,2040.327,506577,354857.93599999975,104,True,354734.30600000033,0.03485,0,,90.10791015625,90.13623046875,turing-3,0.13.4,,fastest__mamut-hanoi-n850-k101-par__seed__seed4__t2040
fastest,mamut-hanoi-n850-k101-par,850,101,main,seed,5,2040,2040.321,429120,353918.74499999936,103,True,354734.30600000033,-0.22991,0,,90.09912109375,90.125,turing-3,0.13.4,,fastest__mamut-hanoi-n850-k101-par__seed__seed5__t2040
fastest,mamut-hanoi-n850-k101-par,850,101,main,seed,6,2040,2040.312,408699,353626.63100000017,103,True,354734.30600000033,-0.31225,0,,90.09912109375,90.125,turing-3,0.13.4,,fastest__mamut-hanoi-n850-k101-par__seed__seed6__t2040
fastest,mamut-hanoi-n850-k101-par,850,101,main,seed,7,2040,2040.317,504475,353871.3369999996,103,True,354734.30600000033,-0.24327,0,,90.09912109375,90.125,turing-3,0.13.4,,fastest__mamut-hanoi-n850-k101-par__seed__seed7__t2040
fastest,mamut-hanoi-n850-k101-par,850,101,main,seed,8,2040,2040.326,390462,354455.84799999994,104,True,354734.30600000033,-0.0785,0,,90.08349609375,90.10546875,turing-3,0.13.4,,fastest__mamut-hanoi-n850-k101-par__seed__seed8__t2040
fastest,mamut-hanoi-n850-k101-par,850,101,main,seed,9,2040,2040.33,552224,354344.09600000025,104,True,354734.30600000033,-0.11,0,,90.08349609375,90.10546875,turing-3,0.13.4,,fastest__mamut-hanoi-n850-k101-par__seed__seed9__t2040
fastest,mamut-hanoi-n850-k101-par,850,101,main,seed,10,2040,2040.314,506663,354231.1539999997,104,True,354734.30600000033,-0.14184,0,,90.11767578125,90.1484375,turing-3,0.13.4,,fastest__mamut-hanoi-n850-k101-par__seed__seed10__t2040
fastest,mamut-montpellier-n870-k105-hyb,870,105,polish,polish,1282,4176,4176.321,1141953,195265.4739999998,106,True,196067.1780000001,-0.40889,1,replaced,6.34228515625,90.27197265625,turing-3,0.13.4,fastest__mamut-montpellier-n870-k105-hyb__seed__seed2__t2088,fastest__mamut-montpellier-n870-k105-hyb__polish__seed1282__t4176
fastest,mamut-montpellier-n870-k105-hyb,870,105,main,seed,1,2088,2088.37,674626,196005.1560000003,107,True,196067.1780000001,-0.03163,0,,90.44287109375,90.36328125,turing-3,0.13.4,,fastest__mamut-montpellier-n870-k105-hyb__seed__seed1__t2088
fastest,mamut-montpellier-n870-k105-hyb,870,105,main,seed,2,2088,2088.235,804687,195334.1079999997,106,True,196067.1780000001,-0.37389,0,,90.4814453125,90.39501953125,turing-3,0.13.4,,fastest__mamut-montpellier-n870-k105-hyb__seed__seed2__t2088
fastest,mamut-montpellier-n870-k105-hyb,870,105,main,seed,3,2088,2088.364,635127,195606.23800000007,106,True,196067.1780000001,-0.23509,0,,90.4814453125,90.39501953125,turing-3,0.13.4,,fastest__mamut-montpellier-n870-k105-hyb__seed__seed3__t2088
fastest,mamut-montpellier-n870-k105-hyb,870,105,main,seed,4,2088,2088.386,683454,195558.12899999996,106,True,196067.1780000001,-0.25963,0,,90.4814453125,90.39501953125,turing-3,0.13.4,,fastest__mamut-montpellier-n870-k105-hyb__seed__seed4__t2088
fastest,mamut-montpellier-n870-k105-hyb,870,105,main,seed,5,2088,2088.366,630475,195587.30499999982,106,True,196067.1780000001,-0.24475,0,,90.4814453125,90.39501953125,turing-3,0.13.4,,fastest__mamut-montpellier-n870-k105-hyb__seed__seed5__t2088
fastest,mamut-montpellier-n870-k105-hyb,870,105,main,seed,6,2088,2088.338,660943,195390.8409999999,106,True,196067.1780000001,-0.34495,0,,90.44287109375,90.39501953125,turing-3,0.13.4,,fastest__mamut-montpellier-n870-k105-hyb__seed__seed6__t2088
fastest,mamut-montpellier-n870-k105-hyb,870,105,main,seed,7,2088,2088.365,550508,195753.8290000003,106,True,196067.1780000001,-0.15982,0,,90.44287109375,90.36328125,turing-3,0.13.4,,fastest__mamut-montpellier-n870-k105-hyb__seed__seed7__t2088
fastest,mamut-montpellier-n870-k105-hyb,870,105,main,seed,8,2088,2088.424,664502,195376.22699999975,106,True,196067.1780000001,-0.35241,0,,90.20751953125,90.3486328125,turing-3,0.13.4,,fastest__mamut-montpellier-n870-k105-hyb__seed__seed8__t2088
fastest,mamut-montpellier-n870-k105-hyb,870,105,main,seed,9,2088,2088.406,635082,195882.7910000001,106,True,196067.1780000001,-0.09404,0,,90.20751953125,90.3486328125,turing-3,0.13.4,,fastest__mamut-montpellier-n870-k105-hyb__seed__seed9__t2088
fastest,mamut-montpellier-n870-k105-hyb,870,105,main,seed,10,2088,2088.347,712680,195650.39500000034,106,True,196067.1780000001,-0.21257,0,,90.44287109375,90.36328125,turing-3,0.13.4,,fastest__mamut-montpellier-n870-k105-hyb__seed__seed10__t2088
fastest,mamut-san_francisco-n890-k83-par,890,83,polish,polish,1310,4272,4272.273,896321,157994.5149999998,84,True,158309.7509999999,-0.19913,1,replaced,6.34228515625,90.24072265625,turing-3,0.13.4,fastest__mamut-san_francisco-n890-k83-par__seed__seed6__t2136,fastest__mamut-san_francisco-n890-k83-par__polish__seed1310__t4272
fastest,mamut-san_francisco-n890-k83-par,890,83,main,seed,1,2136,2136.409,474133,158137.7160000001,84,True,158309.7509999999,-0.10867,0,,90.13427734375,90.1572265625,turing-3,0.13.4,,fastest__mamut-san_francisco-n890-k83-par__seed__seed1__t2136
fastest,mamut-san_francisco-n890-k83-par,890,83,main,seed,2,2136,2136.278,439302,158166.77400000015,84,True,158309.7509999999,-0.09031,0,,90.13427734375,90.1572265625,turing-3,0.13.4,,fastest__mamut-san_francisco-n890-k83-par__seed__seed2__t2136
fastest,mamut-san_francisco-n890-k83-par,890,83,main,seed,3,2136,2136.422,526366,158209.93300000005,84,True,158309.7509999999,-0.06305,0,,90.13427734375,90.1572265625,turing-3,0.13.4,,fastest__mamut-san_francisco-n890-k83-par__seed__seed3__t2136
fastest,mamut-san_francisco-n890-k83-par,890,83,main,seed,4,2136,2136.389,481070,158162.04700000002,84,True,158309.7509999999,-0.0933,0,,90.13427734375,90.1572265625,turing-3,0.13.4,,fastest__mamut-san_francisco-n890-k83-par__seed__seed4__t2136
fastest,mamut-san_francisco-n890-k83-par,890,83,main,seed,5,2136,2136.371,465109,158253.61999999997,84,True,158309.7509999999,-0.03546,0,,90.13427734375,90.1572265625,turing-3,0.13.4,,fastest__mamut-san_francisco-n890-k83-par__seed__seed5__t2136
fastest,mamut-san_francisco-n890-k83-par,890,83,main,seed,6,2136,2136.394,530237,158030.24599999998,84,True,158309.7509999999,-0.17656,0,,90.13427734375,90.1572265625,turing-3,0.13.4,,fastest__mamut-san_francisco-n890-k83-par__seed__seed6__t2136
fastest,mamut-san_francisco-n890-k83-par,890,83,main,seed,7,2136,2136.292,510491,158224.73499999996,84,True,158309.7509999999,-0.0537,0,,90.13427734375,90.1572265625,turing-3,0.13.4,,fastest__mamut-san_francisco-n890-k83-par__seed__seed7__t2136
fastest,mamut-san_francisco-n890-k83-par,890,83,main,seed,8,2136,2136.368,468111,158271.1120000001,84,True,158309.7509999999,-0.02441,0,,90.13427734375,90.1572265625,turing-3,0.13.4,,fastest__mamut-san_francisco-n890-k83-par__seed__seed8__t2136
fastest,mamut-san_francisco-n890-k83-par,890,83,main,seed,9,2136,2136.365,500740,158255.30200000005,84,True,158309.7509999999,-0.03439,0,,90.13427734375,90.1572265625,turing-3,0.13.4,,fastest__mamut-san_francisco-n890-k83-par__seed__seed9__t2136
fastest,mamut-san_francisco-n890-k83-par,890,83,main,seed,10,2136,2136.416,462513,158154.4779999997,84,True,158309.7509999999,-0.09808,0,,90.13427734375,90.1572265625,turing-3,0.13.4,,fastest__mamut-san_francisco-n890-k83-par__seed__seed10__t2136
fastest,mamut-johannesburg-n911-k83-par,911,83,polish,polish,1263,4372,4372.426,959851,375409.0169999996,83,True,375681.48599999986,-0.07253,1,replaced,6.34228515625,90.28857421875,turing-3,0.13.4,fastest__mamut-johannesburg-n911-k83-par__seed__seed2__t2186,fastest__mamut-johannesburg-n911-k83-par__polish__seed1263__t4372
fastest,mamut-johannesburg-n911-k83-par,911,83,main,seed,1,2186,2186.39,428161,375670.79999999993,83,True,375681.48599999986,-0.00284,0,,90.3134765625,90.1572265625,turing-3,0.13.4,,fastest__mamut-johannesburg-n911-k83-par__seed__seed1__t2186
fastest,mamut-johannesburg-n911-k83-par,911,83,main,seed,2,2186,2186.375,427545,375507.9789999999,83,True,375681.48599999986,-0.04618,0,,90.3134765625,90.1572265625,turing-3,0.13.4,,fastest__mamut-johannesburg-n911-k83-par__seed__seed2__t2186
fastest,mamut-johannesburg-n911-k83-par,911,83,main,seed,3,2186,2186.376,510119,375787.43600000005,83,True,375681.48599999986,0.0282,0,,90.3134765625,90.1572265625,turing-3,0.13.4,,fastest__mamut-johannesburg-n911-k83-par__seed__seed3__t2186
fastest,mamut-johannesburg-n911-k83-par,911,83,main,seed,4,2186,2186.402,432254,375510.8879999995,83,True,375681.48599999986,-0.04541,0,,90.3134765625,90.1572265625,turing-3,0.13.4,,fastest__mamut-johannesburg-n911-k83-par__seed__seed4__t2186
fastest,mamut-johannesburg-n911-k83-par,911,83,main,seed,5,2186,2186.366,425043,376263.01399999997,83,True,375681.48599999986,0.15479,0,,90.3134765625,90.1572265625,turing-3,0.13.4,,fastest__mamut-johannesburg-n911-k83-par__seed__seed5__t2186
fastest,mamut-johannesburg-n911-k83-par,911,83,main,seed,6,2186,2186.379,434283,375541.5670000001,83,True,375681.48599999986,-0.03724,0,,90.3134765625,90.1572265625,turing-3,0.13.4,,fastest__mamut-johannesburg-n911-k83-par__seed__seed6__t2186
fastest,mamut-johannesburg-n911-k83-par,911,83,main,seed,7,2186,2186.361,515275,375609.20200000005,83,True,375681.48599999986,-0.01924,0,,90.3134765625,90.1572265625,turing-3,0.13.4,,fastest__mamut-johannesburg-n911-k83-par__seed__seed7__t2186
fastest,mamut-johannesburg-n911-k83-par,911,83,main,seed,8,2186,2186.386,423050,376231.5219999996,83,True,375681.48599999986,0.14641,0,,90.18896484375,90.2890625,turing-3,0.13.4,,fastest__mamut-johannesburg-n911-k83-par__seed__seed8__t2186
fastest,mamut-johannesburg-n911-k83-par,911,83,main,seed,9,2186,2186.354,479576,375658.16699999984,83,True,375681.48599999986,-0.00621,0,,90.18896484375,90.2890625,turing-3,0.13.4,,fastest__mamut-johannesburg-n911-k83-par__seed__seed9__t2186
fastest,mamut-johannesburg-n911-k83-par,911,83,main,seed,10,2186,2186.418,415980,376419.5239999996,83,True,375681.48599999986,0.19645,0,,90.3134765625,90.1572265625,turing-3,0.13.4,,fastest__mamut-johannesburg-n911-k83-par__seed__seed10__t2186
fastest,mamut-zurich-n933-k20-poi,933,20,polish,polish,1329,4478,4478.335,1997292,63010.048999999955,20,True,63400.49599999994,-0.61584,1,replaced,6.34228515625,90.24169921875,turing-3,0.13.4,fastest__mamut-zurich-n933-k20-poi__seed__seed7__t2239,fastest__mamut-zurich-n933-k20-poi__polish__seed1329__t4478
fastest,mamut-zurich-n933-k20-poi,933,20,main,seed,1,2239,2239.454,1085704,63187.47499999995,20,True,63400.49599999994,-0.33599,0,,90.21484375,90.20751953125,turing-3,0.13.4,,fastest__mamut-zurich-n933-k20-poi__seed__seed1__t2239
fastest,mamut-zurich-n933-k20-poi,933,20,main,seed,2,2239,2239.382,1113761,63344.64699999996,20,True,63400.49599999994,-0.08809,0,,90.21484375,90.20751953125,turing-3,0.13.4,,fastest__mamut-zurich-n933-k20-poi__seed__seed2__t2239
fastest,mamut-zurich-n933-k20-poi,933,20,main,seed,3,2239,2239.36,999811,63719.00399999998,20,True,63400.49599999994,0.50237,0,,90.197265625,90.20751953125,turing-3,0.13.4,,fastest__mamut-zurich-n933-k20-poi__seed__seed3__t2239
fastest,mamut-zurich-n933-k20-poi,933,20,main,seed,4,2239,2239.74,1020868,63191.528999999995,20,True,63400.49599999994,-0.3296,0,,90.197265625,90.1904296875,turing-3,0.13.4,,fastest__mamut-zurich-n933-k20-poi__seed__seed4__t2239
fastest,mamut-zurich-n933-k20-poi,933,20,main,seed,5,2239,2239.374,1223122,63353.665999999954,20,True,63400.49599999994,-0.07386,0,,90.197265625,90.20751953125,turing-3,0.13.4,,fastest__mamut-zurich-n933-k20-poi__seed__seed5__t2239
fastest,mamut-zurich-n933-k20-poi,933,20,main,seed,6,2239,2239.732,905465,63416.582,20,True,63400.49599999994,0.02537,0,,90.197265625,90.1904296875,turing-3,0.13.4,,fastest__mamut-zurich-n933-k20-poi__seed__seed6__t2239
fastest,mamut-zurich-n933-k20-poi,933,20,main,seed,7,2239,2239.375,1139033,63128.491999999984,20,True,63400.49599999994,-0.42903,0,,90.197265625,90.20751953125,turing-3,0.13.4,,fastest__mamut-zurich-n933-k20-poi__seed__seed7__t2239
fastest,mamut-zurich-n933-k20-poi,933,20,main,seed,8,2239,2239.652,975032,63315.900999999976,20,True,63400.49599999994,-0.13343,0,,90.197265625,90.1904296875,turing-3,0.13.4,,fastest__mamut-zurich-n933-k20-poi__seed__seed8__t2239
fastest,mamut-zurich-n933-k20-poi,933,20,main,seed,9,2239,2239.767,974390,63139.85100000002,20,True,63400.49599999994,-0.41111,0,,90.197265625,90.1904296875,turing-3,0.13.4,,fastest__mamut-zurich-n933-k20-poi__seed__seed9__t2239
fastest,mamut-zurich-n933-k20-poi,933,20,main,seed,10,2239,2239.723,969296,63320.413999999946,20,True,63400.49599999994,-0.12631,0,,90.21484375,90.20751953125,turing-3,0.13.4,,fastest__mamut-zurich-n933-k20-poi__seed__seed10__t2239
fastest,mamut-hong_kong-n955-k207-par,955,207,polish,polish,1262,4584,4584.208,778051,278557.8320000004,208,True,278972.99300000013,-0.14882,1,replaced,6.34228515625,90.37548828125,turing-3,0.13.4,fastest__mamut-hong_kong-n955-k207-par__seed__seed8__t2292,fastest__mamut-hong_kong-n955-k207-par__polish__seed1262__t4584
fastest,mamut-hong_kong-n955-k207-par,955,207,main,seed,1,2292,2292.35,410233,278750.65500000026,208,True,278972.99300000013,-0.0797,0,,90.2001953125,90.15966796875,turing-3,0.13.4,,fastest__mamut-hong_kong-n955-k207-par__seed__seed1__t2292
fastest,mamut-hong_kong-n955-k207-par,955,207,main,seed,2,2292,2292.396,411623,278818.17300000007,208,True,278972.99300000013,-0.0555,0,,90.2001953125,90.146484375,turing-3,0.13.4,,fastest__mamut-hong_kong-n955-k207-par__seed__seed2__t2292
fastest,mamut-hong_kong-n955-k207-par,955,207,main,seed,3,2292,2292.375,378244,278791.35599999985,208,True,278972.99300000013,-0.06511,0,,90.2001953125,90.146484375,turing-3,0.13.4,,fastest__mamut-hong_kong-n955-k207-par__seed__seed3__t2292
fastest,mamut-hong_kong-n955-k207-par,955,207,main,seed,4,2292,2292.341,321071,278993.10400000005,208,True,278972.99300000013,0.00721,0,,90.2001953125,90.146484375,turing-3,0.13.4,,fastest__mamut-hong_kong-n955-k207-par__seed__seed4__t2292
fastest,mamut-hong_kong-n955-k207-par,955,207,main,seed,5,2292,2292.355,404536,278845.548,208,True,278972.99300000013,-0.04568,0,,90.18408203125,90.146484375,turing-3,0.13.4,,fastest__mamut-hong_kong-n955-k207-par__seed__seed5__t2292
fastest,mamut-hong_kong-n955-k207-par,955,207,main,seed,6,2292,2292.366,372837,278896.033,208,True,278972.99300000013,-0.02759,0,,90.18408203125,90.146484375,turing-3,0.13.4,,fastest__mamut-hong_kong-n955-k207-par__seed__seed6__t2292
fastest,mamut-hong_kong-n955-k207-par,955,207,main,seed,7,2292,2292.265,342228,278789.11899999966,208,True,278972.99300000013,-0.06591,0,,90.18408203125,90.146484375,turing-3,0.13.4,,fastest__mamut-hong_kong-n955-k207-par__seed__seed7__t2292
fastest,mamut-hong_kong-n955-k207-par,955,207,main,seed,8,2292,2292.429,330691,278709.616,208,True,278972.99300000013,-0.09441,0,,90.18408203125,90.13427734375,turing-3,0.13.4,,fastest__mamut-hong_kong-n955-k207-par__seed__seed8__t2292
fastest,mamut-hong_kong-n955-k207-par,955,207,main,seed,9,2292,2292.397,382951,278891.7679999999,208,True,278972.99300000013,-0.02912,0,,90.18408203125,90.13427734375,turing-3,0.13.4,,fastest__mamut-hong_kong-n955-k207-par__seed__seed9__t2292
fastest,mamut-hong_kong-n955-k207-par,955,207,main,seed,10,2292,2292.361,343017,278922.6879999999,208,True,278972.99300000013,-0.01803,0,,90.2001953125,90.15966796875,turing-3,0.13.4,,fastest__mamut-hong_kong-n955-k207-par__seed__seed10__t2292
fastest,mamut-sofia-n977-k111-poi,977,111,polish,polish,1315,4688,4688.34,830777,318850.1840000001,112,True,320365.98800000007,-0.47315,1,replaced,6.34228515625,90.310546875,turing-3,0.13.4,fastest__mamut-sofia-n977-k111-poi__seed__seed8__t2344,fastest__mamut-sofia-n977-k111-poi__polish__seed1315__t4688
fastest,mamut-sofia-n977-k111-poi,977,111,main,seed,1,2344,2344.579,455840,319424.3640000003,112,True,320365.98800000007,-0.29392,0,,90.39306640625,90.13427734375,turing-3,0.13.4,,fastest__mamut-sofia-n977-k111-poi__seed__seed1__t2344
fastest,mamut-sofia-n977-k111-poi,977,111,main,seed,2,2344,2344.524,429510,319613.9910000001,112,True,320365.98800000007,-0.23473,0,,90.39306640625,90.13427734375,turing-3,0.13.4,,fastest__mamut-sofia-n977-k111-poi__seed__seed2__t2344
fastest,mamut-sofia-n977-k111-poi,977,111,main,seed,3,2344,2344.481,536796,320855.9369999998,113,True,320365.98800000007,0.15293,0,,90.427734375,90.146484375,turing-3,0.13.4,,fastest__mamut-sofia-n977-k111-poi__seed__seed3__t2344
fastest,mamut-sofia-n977-k111-poi,977,111,main,seed,4,2344,2344.472,385730,319370.0370000003,112,True,320365.98800000007,-0.31088,0,,90.427734375,90.146484375,turing-3,0.13.4,,fastest__mamut-sofia-n977-k111-poi__seed__seed4__t2344
fastest,mamut-sofia-n977-k111-poi,977,111,main,seed,5,2344,2344.481,564429,320750.0320000006,113,True,320365.98800000007,0.11988,0,,90.427734375,90.13427734375,turing-3,0.13.4,,fastest__mamut-sofia-n977-k111-poi__seed__seed5__t2344
fastest,mamut-sofia-n977-k111-poi,977,111,main,seed,6,2344,2344.475,447206,319693.2149999999,112,True,320365.98800000007,-0.21,0,,90.39306640625,90.13427734375,turing-3,0.13.4,,fastest__mamut-sofia-n977-k111-poi__seed__seed6__t2344
fastest,mamut-sofia-n977-k111-poi,977,111,main,seed,7,2344,2344.503,385496,320660.57099999965,113,True,320365.98800000007,0.09195,0,,90.39306640625,90.123046875,turing-3,0.13.4,,fastest__mamut-sofia-n977-k111-poi__seed__seed7__t2344
fastest,mamut-sofia-n977-k111-poi,977,111,main,seed,8,2344,2344.474,515293,319257.5679999998,112,True,320365.98800000007,-0.34599,0,,90.33203125,90.18408203125,turing-3,0.13.4,,fastest__mamut-sofia-n977-k111-poi__seed__seed8__t2344
fastest,mamut-sofia-n977-k111-poi,977,111,main,seed,9,2344,2344.486,468956,320233.31799999997,113,True,320365.98800000007,-0.04141,0,,90.30517578125,90.18408203125,turing-3,0.13.4,,fastest__mamut-sofia-n977-k111-poi__seed__seed9__t2344
fastest,mamut-sofia-n977-k111-poi,977,111,main,seed,10,2344,2344.502,408967,319390.0980000004,112,True,320365.98800000007,-0.30462,0,,90.427734375,90.146484375,turing-3,0.13.4,,fastest__mamut-sofia-n977-k111-poi__seed__seed10__t2344
fastest,mamut-lyon-n1000-k91-poi,1000,91,pilot,long,101,9600,9600.404,4608330,149027.65600000008,92,True,149276.1089999999,-0.16644,0,,1.15380859375,12.1298828125,turing-3,0.13.4,,fastest__mamut-lyon-n1000-k91-poi__long__seed101__t9600
fastest,mamut-lyon-n1000-k91-poi,1000,91,polish,polish,1275,4800,4800.348,1282881,148784.7419999999,91,True,149276.1089999999,-0.32917,1,replaced,6.34228515625,90.18505859375,turing-3,0.13.4,fastest__mamut-lyon-n1000-k91-poi__seed__seed10__t2400,fastest__mamut-lyon-n1000-k91-poi__polish__seed1275__t4800
fastest,mamut-lyon-n1000-k91-poi,1000,91,pilot,seed,1,2400,2400.387,658891,149200.227,92,True,149276.1089999999,-0.05083,0,,1.15380859375,57.501953125,turing-3,0.13.4,,fastest__mamut-lyon-n1000-k91-poi__seed__seed1__t2400
fastest,mamut-lyon-n1000-k91-poi,1000,91,pilot,seed,2,2400,2400.312,718094,149381.4609999999,92,True,149276.1089999999,0.07058,0,,1.15380859375,57.501953125,turing-3,0.13.4,,fastest__mamut-lyon-n1000-k91-poi__seed__seed2__t2400
fastest,mamut-lyon-n1000-k91-poi,1000,91,pilot,seed,3,2400,2400.397,787540,149069.18499999985,91,True,149276.1089999999,-0.13862,0,,1.15380859375,57.501953125,turing-3,0.13.4,,fastest__mamut-lyon-n1000-k91-poi__seed__seed3__t2400
fastest,mamut-lyon-n1000-k91-poi,1000,91,main,seed,4,2400,2400.695,702187,148978.3520000001,91,True,149276.1089999999,-0.19947,0,,90.53271484375,90.18408203125,turing-3,0.13.4,,fastest__mamut-lyon-n1000-k91-poi__seed__seed4__t2400
fastest,mamut-lyon-n1000-k91-poi,1000,91,main,seed,5,2400,2400.811,603895,149085.81500000006,92,True,149276.1089999999,-0.12748,0,,90.53271484375,90.18408203125,turing-3,0.13.4,,fastest__mamut-lyon-n1000-k91-poi__seed__seed5__t2400
fastest,mamut-lyon-n1000-k91-poi,1000,91,main,seed,6,2400,2400.711,594500,148999.36099999995,91,True,149276.1089999999,-0.18539,0,,90.53271484375,90.18408203125,turing-3,0.13.4,,fastest__mamut-lyon-n1000-k91-poi__seed__seed6__t2400
fastest,mamut-lyon-n1000-k91-poi,1000,91,main,seed,7,2400,2400.734,703553,149306.9530000001,92,True,149276.1089999999,0.02066,0,,90.53271484375,90.18408203125,turing-3,0.13.4,,fastest__mamut-lyon-n1000-k91-poi__seed__seed7__t2400
fastest,mamut-lyon-n1000-k91-poi,1000,91,main,seed,8,2400,2400.778,641735,149267.60300000012,92,True,149276.1089999999,-0.0057,0,,90.53271484375,90.18408203125,turing-3,0.13.4,,fastest__mamut-lyon-n1000-k91-poi__seed__seed8__t2400
fastest,mamut-lyon-n1000-k91-poi,1000,91,main,seed,9,2400,2400.669,668375,149029.47499999992,91,True,149276.1089999999,-0.16522,0,,90.53271484375,90.18408203125,turing-3,0.13.4,,fastest__mamut-lyon-n1000-k91-poi__seed__seed9__t2400
fastest,mamut-lyon-n1000-k91-poi,1000,91,main,seed,10,2400,2400.835,588936,148947.32500000022,91,True,149276.1089999999,-0.22025,0,,90.53271484375,90.18408203125,turing-3,0.13.4,,fastest__mamut-lyon-n1000-k91-poi__seed__seed10__t2400
fastest,mamut-vienna-n1200-k130-poi,1200,130,polish,polish,1325,11520,11520.341,1866282,418579.8670000004,131,True,421145.6359999997,-0.60924,1,replaced,13.04150390625,29.95556640625,turing-3,0.13.4,fastest__mamut-vienna-n1200-k130-poi__seed__seed3__t5760,fastest__mamut-vienna-n1200-k130-poi__polish__seed1325__t11520
fastest,mamut-vienna-n1200-k130-poi,1200,130,main,seed,1,5760,5761.515,963446,418745.65900000033,131,True,421145.6359999997,-0.56987,0,,90.4150390625,90.21484375,turing-3,0.13.4,,fastest__mamut-vienna-n1200-k130-poi__seed__seed1__t5760
fastest,mamut-vienna-n1200-k130-poi,1200,130,main,seed,2,5760,5761.139,1068939,419016.9110000003,131,True,421145.6359999997,-0.50546,0,,90.4150390625,90.21484375,turing-3,0.13.4,,fastest__mamut-vienna-n1200-k130-poi__seed__seed2__t5760
fastest,mamut-vienna-n1200-k130-poi,1200,130,main,seed,3,5760,5761.069,793822,418718.3440000002,131,True,421145.6359999997,-0.57635,0,,90.4150390625,90.21484375,turing-3,0.13.4,,fastest__mamut-vienna-n1200-k130-poi__seed__seed3__t5760
fastest,mamut-vienna-n1200-k130-poi,1200,130,main,seed,4,5760,5761.331,605728,420568.8749999995,132,True,421145.6359999997,-0.13695,0,,90.4150390625,90.21484375,turing-3,0.13.4,,fastest__mamut-vienna-n1200-k130-poi__seed__seed4__t5760
fastest,mamut-vienna-n1200-k130-poi,1200,130,main,seed,5,5760,5760.572,749186,419079.475,131,True,421145.6359999997,-0.4906,0,,90.4150390625,90.21484375,turing-3,0.13.4,,fastest__mamut-vienna-n1200-k130-poi__seed__seed5__t5760
fastest,mamut-vienna-n1200-k130-poi,1200,130,main,seed,6,5760,5761.157,780449,418903.2699999998,131,True,421145.6359999997,-0.53244,0,,90.4150390625,90.21484375,turing-3,0.13.4,,fastest__mamut-vienna-n1200-k130-poi__seed__seed6__t5760
fastest,mamut-vienna-n1200-k130-poi,1200,130,main,seed,7,5760,5761.359,754621,419281.8339999996,131,True,421145.6359999997,-0.44256,0,,90.4150390625,90.21484375,turing-3,0.13.4,,fastest__mamut-vienna-n1200-k130-poi__seed__seed7__t5760
fastest,mamut-vienna-n1200-k130-poi,1200,130,main,seed,8,5760,5761.196,851989,418772.3159999999,131,True,421145.6359999997,-0.56354,0,,90.4150390625,90.21484375,turing-3,0.13.4,,fastest__mamut-vienna-n1200-k130-poi__seed__seed8__t5760
fastest,mamut-vienna-n1200-k130-poi,1200,130,main,seed,9,5760,5761.188,631785,420613.3080000002,132,True,421145.6359999997,-0.1264,0,,90.4150390625,90.21484375,turing-3,0.13.4,,fastest__mamut-vienna-n1200-k130-poi__seed__seed9__t5760
fastest,mamut-vienna-n1200-k130-poi,1200,130,main,seed,10,5760,5761.381,855163,418769.5889999998,131,True,421145.6359999997,-0.56419,0,,90.4150390625,90.21484375,turing-3,0.13.4,,fastest__mamut-vienna-n1200-k130-poi__seed__seed10__t5760
fastest,mamut-auckland-n1500-k12-poi,1500,12,pilot,long,101,14400,14400.957,12892863,58013.09200000009,12,True,58739.73999999998,-1.23706,0,,8.2685546875,9.40869140625,turing-3,0.13.4,,fastest__mamut-auckland-n1500-k12-poi__long__seed101__t14400
fastest,mamut-auckland-n1500-k12-poi,1500,12,polish,polish,1229,14400,14400.381,9585034,58009.55800000002,12,True,58739.73999999998,-1.24308,1,replaced,6.34228515625,27.2412109375,turing-3,0.13.4,fastest__mamut-auckland-n1500-k12-poi__long__seed101__t14400,fastest__mamut-auckland-n1500-k12-poi__polish__seed1229__t14400
fastest,mamut-auckland-n1500-k12-poi,1500,12,pilot,seed,1,3600,3600.883,2173419,58476.16900000003,12,True,58739.73999999998,-0.44871,0,,1.15380859375,45.28466796875,turing-3,0.13.4,,fastest__mamut-auckland-n1500-k12-poi__seed__seed1__t3600
fastest,mamut-auckland-n1500-k12-poi,1500,12,main,seed,1,7200,7201.879,3102006,58393.94900000007,12,True,58739.73999999998,-0.58868,0,,90.3798828125,90.451171875,turing-3,0.13.4,,fastest__mamut-auckland-n1500-k12-poi__seed__seed1__t7200
fastest,mamut-auckland-n1500-k12-poi,1500,12,pilot,seed,2,3600,3600.817,2253155,58213.83200000006,12,True,58739.73999999998,-0.89532,0,,1.15380859375,45.28466796875,turing-3,0.13.4,,fastest__mamut-auckland-n1500-k12-poi__seed__seed2__t3600
fastest,mamut-auckland-n1500-k12-poi,1500,12,main,seed,2,7200,7201.223,3321547,58197.162999999964,12,True,58739.73999999998,-0.9237,0,,90.3798828125,90.451171875,turing-3,0.13.4,,fastest__mamut-auckland-n1500-k12-poi__seed__seed2__t7200
fastest,mamut-auckland-n1500-k12-poi,1500,12,pilot,seed,3,3600,3600.565,2519079,58215.769000000044,12,True,58739.73999999998,-0.89202,0,,1.15380859375,45.39697265625,turing-3,0.13.4,,fastest__mamut-auckland-n1500-k12-poi__seed__seed3__t3600
fastest,mamut-auckland-n1500-k12-poi,1500,12,main,seed,3,7200,7202.81,3205449,58211.784000000094,12,True,58739.73999999998,-0.89881,0,,90.3798828125,90.451171875,turing-3,0.13.4,,fastest__mamut-auckland-n1500-k12-poi__seed__seed3__t7200
fastest,mamut-auckland-n1500-k12-poi,1500,12,main,seed,4,7200,7201.809,2962424,58782.99700000004,12,True,58739.73999999998,0.07364,0,,90.3798828125,90.451171875,turing-3,0.13.4,,fastest__mamut-auckland-n1500-k12-poi__seed__seed4__t7200
fastest,mamut-auckland-n1500-k12-poi,1500,12,main,seed,5,7200,7202.261,2765707,58409.045000000006,12,True,58739.73999999998,-0.56298,0,,90.3798828125,90.451171875,turing-3,0.13.4,,fastest__mamut-auckland-n1500-k12-poi__seed__seed5__t7200
fastest,mamut-auckland-n1500-k12-poi,1500,12,main,seed,6,7200,7202.922,2917195,58033.61100000001,12,True,58739.73999999998,-1.20213,0,,90.3798828125,90.451171875,turing-3,0.13.4,,fastest__mamut-auckland-n1500-k12-poi__seed__seed6__t7200
fastest,mamut-auckland-n1500-k12-poi,1500,12,main,seed,7,7200,7202.028,3075263,58340.25200000007,12,True,58739.73999999998,-0.6801,0,,90.3798828125,90.451171875,turing-3,0.13.4,,fastest__mamut-auckland-n1500-k12-poi__seed__seed7__t7200
fastest,mamut-auckland-n1500-k12-poi,1500,12,main,seed,8,7200,7201.466,3199556,58461.52800000005,12,True,58739.73999999998,-0.47364,0,,90.3798828125,90.451171875,turing-3,0.13.4,,fastest__mamut-auckland-n1500-k12-poi__seed__seed8__t7200
fastest,mamut-auckland-n1500-k12-poi,1500,12,main,seed,9,7200,7201.952,3098073,58435.91299999996,12,True,58739.73999999998,-0.51724,0,,90.3798828125,90.451171875,turing-3,0.13.4,,fastest__mamut-auckland-n1500-k12-poi__seed__seed9__t7200
fastest,mamut-auckland-n1500-k12-poi,1500,12,main,seed,10,7200,7202.218,2974495,58314.332999999875,12,True,58739.73999999998,-0.72422,0,,90.3798828125,90.451171875,turing-3,0.13.4,,fastest__mamut-auckland-n1500-k12-poi__seed__seed10__t7200
fastest,mamut-dakar-n1500-k364-poi,1500,364,polish,polish,1255,14400,14400.362,3201703,282988.8960000002,366,True,284137.0799999993,-0.4041,1,replaced,6.34228515625,27.2412109375,turing-3,0.13.4,fastest__mamut-dakar-n1500-k364-poi__seed__seed10__t7200,fastest__mamut-dakar-n1500-k364-poi__polish__seed1255__t14400
fastest,mamut-dakar-n1500-k364-poi,1500,364,main,seed,1,7200,7201.654,880370,283309.03900000005,366,True,284137.0799999993,-0.29142,0,,90.3798828125,90.451171875,turing-3,0.13.4,,fastest__mamut-dakar-n1500-k364-poi__seed__seed1__t7200
fastest,mamut-dakar-n1500-k364-poi,1500,364,main,seed,2,7200,7201.65,871638,283283.875,367,True,284137.0799999993,-0.30028,0,,90.3798828125,90.451171875,turing-3,0.13.4,,fastest__mamut-dakar-n1500-k364-poi__seed__seed2__t7200
fastest,mamut-dakar-n1500-k364-poi,1500,364,main,seed,3,7200,7201.742,854348,283208.8370000002,366,True,284137.0799999993,-0.32669,0,,90.3798828125,90.451171875,turing-3,0.13.4,,fastest__mamut-dakar-n1500-k364-poi__seed__seed3__t7200
fastest,mamut-dakar-n1500-k364-poi,1500,364,main,seed,4,7200,7201.579,904296,283122.9360000001,366,True,284137.0799999993,-0.35692,0,,90.3798828125,90.451171875,turing-3,0.13.4,,fastest__mamut-dakar-n1500-k364-poi__seed__seed4__t7200
fastest,mamut-dakar-n1500-k364-poi,1500,364,main,seed,5,7200,7201.188,882863,283255.4140000004,366,True,284137.0799999993,-0.3103,0,,90.3798828125,90.451171875,turing-3,0.13.4,,fastest__mamut-dakar-n1500-k364-poi__seed__seed5__t7200
fastest,mamut-dakar-n1500-k364-poi,1500,364,main,seed,6,7200,7201.363,861304,283102.709000001,366,True,284137.0799999993,-0.36404,0,,90.3798828125,90.451171875,turing-3,0.13.4,,fastest__mamut-dakar-n1500-k364-poi__seed__seed6__t7200
fastest,mamut-dakar-n1500-k364-poi,1500,364,main,seed,7,7200,7201.253,988054,283358.70300000015,367,True,284137.0799999993,-0.27394,0,,90.3798828125,90.451171875,turing-3,0.13.4,,fastest__mamut-dakar-n1500-k364-poi__seed__seed7__t7200
fastest,mamut-dakar-n1500-k364-poi,1500,364,main,seed,8,7200,7201.291,877803,283476.1530000002,367,True,284137.0799999993,-0.23261,0,,90.3798828125,90.451171875,turing-3,0.13.4,,fastest__mamut-dakar-n1500-k364-poi__seed__seed8__t7200
fastest,mamut-dakar-n1500-k364-poi,1500,364,main,seed,9,7200,7200.992,851164,283258.30399999995,367,True,284137.0799999993,-0.30928,0,,90.34912109375,90.4150390625,turing-3,0.13.4,,fastest__mamut-dakar-n1500-k364-poi__seed__seed9__t7200
fastest,mamut-dakar-n1500-k364-poi,1500,364,main,seed,10,7200,7200.831,968819,283080.11200000014,366,True,284137.0799999993,-0.37199,0,,90.3798828125,90.4150390625,turing-3,0.13.4,,fastest__mamut-dakar-n1500-k364-poi__seed__seed10__t7200
fastest,mamut-paris-n1500-k107-poi,1500,107,polish,polish,1295,14400,14400.479,5996651,85654.94599999995,107,True,86387.35700000012,-0.84782,1,replaced,13.04150390625,26.7412109375,turing-3,0.13.4,fastest__mamut-paris-n1500-k107-poi__seed__seed9__t7200,fastest__mamut-paris-n1500-k107-poi__polish__seed1295__t14400
fastest,mamut-paris-n1500-k107-poi,1500,107,main,seed,1,7200,7201.641,2017698,85933.3810000001,108,True,86387.35700000012,-0.52551,0,,90.287109375,90.53271484375,turing-3,0.13.4,,fastest__mamut-paris-n1500-k107-poi__seed__seed1__t7200
fastest,mamut-paris-n1500-k107-poi,1500,107,main,seed,2,7200,7202.067,1771491,86166.0649999999,108,True,86387.35700000012,-0.25616,0,,90.287109375,90.53271484375,turing-3,0.13.4,,fastest__mamut-paris-n1500-k107-poi__seed__seed2__t7200
fastest,mamut-paris-n1500-k107-poi,1500,107,main,seed,3,7200,7202.344,1813450,86301.59099999994,108,True,86387.35700000012,-0.09928,0,,90.287109375,90.53271484375,turing-3,0.13.4,,fastest__mamut-paris-n1500-k107-poi__seed__seed3__t7200
fastest,mamut-paris-n1500-k107-poi,1500,107,main,seed,4,7200,7201.235,1788789,85980.777,108,True,86387.35700000012,-0.47065,0,,90.287109375,90.57958984375,turing-3,0.13.4,,fastest__mamut-paris-n1500-k107-poi__seed__seed4__t7200
fastest,mamut-paris-n1500-k107-poi,1500,107,main,seed,5,7200,7202.367,1858373,86239.30999999994,108,True,86387.35700000012,-0.17138,0,,90.287109375,90.53271484375,turing-3,0.13.4,,fastest__mamut-paris-n1500-k107-poi__seed__seed5__t7200
fastest,mamut-paris-n1500-k107-poi,1500,107,main,seed,6,7200,7202.419,1751564,86228.40099999987,108,True,86387.35700000012,-0.184,0,,90.287109375,90.53271484375,turing-3,0.13.4,,fastest__mamut-paris-n1500-k107-poi__seed__seed6__t7200
fastest,mamut-paris-n1500-k107-poi,1500,107,main,seed,7,7200,7202.161,1622873,86239.93599999999,108,True,86387.35700000012,-0.17065,0,,90.287109375,90.53271484375,turing-3,0.13.4,,fastest__mamut-paris-n1500-k107-poi__seed__seed7__t7200
fastest,mamut-paris-n1500-k107-poi,1500,107,main,seed,8,7200,7202.395,1834150,86256.23999999999,108,True,86387.35700000012,-0.15178,0,,90.287109375,90.53271484375,turing-3,0.13.4,,fastest__mamut-paris-n1500-k107-poi__seed__seed8__t7200
fastest,mamut-paris-n1500-k107-poi,1500,107,main,seed,9,7200,7201.748,1887481,85857.05799999986,108,True,86387.35700000012,-0.61386,0,,90.287109375,90.53271484375,turing-3,0.13.4,,fastest__mamut-paris-n1500-k107-poi__seed__seed9__t7200
fastest,mamut-paris-n1500-k107-poi,1500,107,main,seed,10,7200,7201.985,1866868,85971.41199999997,108,True,86387.35700000012,-0.48149,0,,90.224609375,90.57958984375,turing-3,0.13.4,,fastest__mamut-paris-n1500-k107-poi__seed__seed10__t7200
fastest,mamut-sofia-n1500-k114-poi,1500,114,polish,polish,1314,14400,14400.417,5739377,126493.86700000009,116,True,127341.5280000001,-0.66566,1,replaced,6.34228515625,27.2412109375,turing-3,0.13.4,fastest__mamut-sofia-n1500-k114-poi__seed__seed10__t7200,fastest__mamut-sofia-n1500-k114-poi__polish__seed1314__t14400
fastest,mamut-sofia-n1500-k114-poi,1500,114,main,seed,1,7200,7202.276,1704243,127009.2379999999,116,True,127341.5280000001,-0.26094,0,,90.287109375,90.53271484375,turing-3,0.13.4,,fastest__mamut-sofia-n1500-k114-poi__seed__seed1__t7200
fastest,mamut-sofia-n1500-k114-poi,1500,114,main,seed,2,7200,7201.962,1615476,127241.85199999981,116,True,127341.5280000001,-0.07827,0,,90.287109375,90.53271484375,turing-3,0.13.4,,fastest__mamut-sofia-n1500-k114-poi__seed__seed2__t7200
fastest,mamut-sofia-n1500-k114-poi,1500,114,main,seed,3,7200,7202.492,1693320,127240.582,116,True,127341.5280000001,-0.07927,0,,90.287109375,90.53271484375,turing-3,0.13.4,,fastest__mamut-sofia-n1500-k114-poi__seed__seed3__t7200
fastest,mamut-sofia-n1500-k114-poi,1500,114,main,seed,4,7200,7201.783,1656688,127248.21300000012,116,True,127341.5280000001,-0.07328,0,,90.287109375,90.53271484375,turing-3,0.13.4,,fastest__mamut-sofia-n1500-k114-poi__seed__seed4__t7200
fastest,mamut-sofia-n1500-k114-poi,1500,114,main,seed,5,7200,7201.88,1599924,127062.03099999997,116,True,127341.5280000001,-0.21949,0,,90.287109375,90.53271484375,turing-3,0.13.4,,fastest__mamut-sofia-n1500-k114-poi__seed__seed5__t7200
fastest,mamut-sofia-n1500-k114-poi,1500,114,main,seed,6,7200,7202.062,1695034,126992.24900000032,117,True,127341.5280000001,-0.27429,0,,90.287109375,90.53271484375,turing-3,0.13.4,,fastest__mamut-sofia-n1500-k114-poi__seed__seed6__t7200
fastest,mamut-sofia-n1500-k114-poi,1500,114,main,seed,7,7200,7201.759,1697722,127142.486,116,True,127341.5280000001,-0.15631,0,,90.287109375,90.53271484375,turing-3,0.13.4,,fastest__mamut-sofia-n1500-k114-poi__seed__seed7__t7200
fastest,mamut-sofia-n1500-k114-poi,1500,114,main,seed,8,7200,7201.737,1695284,126978.1079999999,117,True,127341.5280000001,-0.28539,0,,90.287109375,90.53271484375,turing-3,0.13.4,,fastest__mamut-sofia-n1500-k114-poi__seed__seed8__t7200
fastest,mamut-sofia-n1500-k114-poi,1500,114,main,seed,9,7200,7201.889,1723774,127220.08799999995,116,True,127341.5280000001,-0.09537,0,,90.287109375,90.53271484375,turing-3,0.13.4,,fastest__mamut-sofia-n1500-k114-poi__seed__seed9__t7200
fastest,mamut-sofia-n1500-k114-poi,1500,114,main,seed,10,7200,7202.423,1896775,126777.68300000003,116,True,127341.5280000001,-0.44278,0,,90.287109375,90.53271484375,turing-3,0.13.4,,fastest__mamut-sofia-n1500-k114-poi__seed__seed10__t7200
fastest,mamut-prague-n2000-k13-poi,2000,13,polish,polish,1299,19200,19200.913,9772170,160975.00200000012,13,True,162076.21399999975,-0.67944,1,replaced,6.34228515625,15.1767578125,turing-3,0.13.4,fastest__mamut-prague-n2000-k13-poi__seed__seed6__t9600,fastest__mamut-prague-n2000-k13-poi__polish__seed1299__t19200
fastest,mamut-prague-n2000-k13-poi,2000,13,main,seed,1,9600,9606.091,2609452,161834.35199999978,13,True,162076.21399999975,-0.14923,0,,90.599609375,90.224609375,turing-3,0.13.4,,fastest__mamut-prague-n2000-k13-poi__seed__seed1__t9600
fastest,mamut-prague-n2000-k13-poi,2000,13,main,seed,2,9600,9604.625,2644966,161544.4099999999,13,True,162076.21399999975,-0.32812,0,,90.599609375,90.224609375,turing-3,0.13.4,,fastest__mamut-prague-n2000-k13-poi__seed__seed2__t9600
fastest,mamut-prague-n2000-k13-poi,2000,13,main,seed,3,9600,9603.019,2359244,161830.17700000008,13,True,162076.21399999975,-0.1518,0,,90.599609375,90.224609375,turing-3,0.13.4,,fastest__mamut-prague-n2000-k13-poi__seed__seed3__t9600
fastest,mamut-prague-n2000-k13-poi,2000,13,main,seed,4,9600,9603.428,2471170,161641.38099999996,13,True,162076.21399999975,-0.26829,0,,90.599609375,90.224609375,turing-3,0.13.4,,fastest__mamut-prague-n2000-k13-poi__seed__seed4__t9600
fastest,mamut-prague-n2000-k13-poi,2000,13,main,seed,5,9600,9604.478,2419917,161766.92799999996,13,True,162076.21399999975,-0.19083,0,,90.599609375,90.224609375,turing-3,0.13.4,,fastest__mamut-prague-n2000-k13-poi__seed__seed5__t9600
fastest,mamut-prague-n2000-k13-poi,2000,13,main,seed,6,9600,9603.38,2353141,161232.04600000012,13,True,162076.21399999975,-0.52085,0,,90.599609375,90.224609375,turing-3,0.13.4,,fastest__mamut-prague-n2000-k13-poi__seed__seed6__t9600
fastest,mamut-prague-n2000-k13-poi,2000,13,main,seed,7,9600,9603.197,2539084,162138.668,13,True,162076.21399999975,0.03853,0,,90.599609375,90.224609375,turing-3,0.13.4,,fastest__mamut-prague-n2000-k13-poi__seed__seed7__t9600
fastest,mamut-prague-n2000-k13-poi,2000,13,main,seed,8,9600,9603.645,2609009,161564.61799999984,13,True,162076.21399999975,-0.31565,0,,90.599609375,90.224609375,turing-3,0.13.4,,fastest__mamut-prague-n2000-k13-poi__seed__seed8__t9600
fastest,mamut-prague-n2000-k13-poi,2000,13,main,seed,9,9600,9601.734,2423487,162297.284,13,True,162076.21399999975,0.1364,0,,90.599609375,90.224609375,turing-3,0.13.4,,fastest__mamut-prague-n2000-k13-poi__seed__seed9__t9600
fastest,mamut-prague-n2000-k13-poi,2000,13,main,seed,10,9600,9603.977,2561647,162333.59799999997,13,True,162076.21399999975,0.1588,0,,90.599609375,90.224609375,turing-3,0.13.4,,fastest__mamut-prague-n2000-k13-poi__seed__seed10__t9600
fastest,mamut-manila-n2500-k54-poi,2500,54,pilot,long,101,24000,24002.536,16660080,135716.66600000006,54,True,136161.31799999988,-0.32656,0,,8.2685546875,6.07275390625,turing-3,0.13.4,,fastest__mamut-manila-n2500-k54-poi__long__seed101__t24000
fastest,mamut-manila-n2500-k54-poi,2500,54,polish,polish,1278,24000,24001.417,13928050,134863.44499999977,54,True,136161.31799999988,-0.95319,1,replaced,6.34228515625,12.080078125,turing-3,0.13.4,fastest__mamut-manila-n2500-k54-poi__seed__seed5__t12000,fastest__mamut-manila-n2500-k54-poi__polish__seed1278__t24000
fastest,mamut-manila-n2500-k54-poi,2500,54,main,seed,1,12000,12004.103,2931451,135719.4799999997,54,True,136161.31799999988,-0.3245,0,,90.32958984375,90.40576171875,turing-3,0.13.4,,fastest__mamut-manila-n2500-k54-poi__seed__seed1__t12000
fastest,mamut-manila-n2500-k54-poi,2500,54,pilot,seed,1,6000,6002.615,2956728,135719.4799999997,54,True,136161.31799999988,-0.3245,0,,8.2685546875,32.6669921875,turing-3,0.13.4,,fastest__mamut-manila-n2500-k54-poi__seed__seed1__t6000
fastest,mamut-manila-n2500-k54-poi,2500,54,main,seed,2,12000,12004.055,2465147,135819.06800000003,54,True,136161.31799999988,-0.25136,0,,90.302734375,90.45361328125,turing-3,0.13.4,,fastest__mamut-manila-n2500-k54-poi__seed__seed2__t12000
fastest,mamut-manila-n2500-k54-poi,2500,54,pilot,seed,2,6000,6002.642,2662004,135819.06800000003,54,True,136161.31799999988,-0.25136,0,,1.15380859375,33.25439453125,turing-3,0.13.4,,fastest__mamut-manila-n2500-k54-poi__seed__seed2__t6000
fastest,mamut-manila-n2500-k54-poi,2500,54,main,seed,3,12000,12005.018,2700346,135626.15499999994,54,True,136161.31799999988,-0.39304,0,,90.302734375,90.45361328125,turing-3,0.13.4,,fastest__mamut-manila-n2500-k54-poi__seed__seed3__t12000
fastest,mamut-manila-n2500-k54-poi,2500,54,pilot,seed,3,6000,6001.657,2856184,135626.15499999994,54,True,136161.31799999988,-0.39304,0,,8.2685546875,33.07373046875,turing-3,0.13.4,,fastest__mamut-manila-n2500-k54-poi__seed__seed3__t6000
fastest,mamut-manila-n2500-k54-poi,2500,54,main,seed,4,12000,12006.322,2919431,135526.446,54,True,136161.31799999988,-0.46626,0,,90.302734375,90.49755859375,turing-3,0.13.4,,fastest__mamut-manila-n2500-k54-poi__seed__seed4__t12000
fastest,mamut-manila-n2500-k54-poi,2500,54,main,seed,5,12000,12004.221,2959587,135142.88700000002,54,True,136161.31799999988,-0.74796,0,,90.35888671875,90.45361328125,turing-3,0.13.4,,fastest__mamut-manila-n2500-k54-poi__seed__seed5__t12000
fastest,mamut-manila-n2500-k54-poi,2500,54,main,seed,6,12000,12007.028,2831560,135785.2720000002,54,True,136161.31799999988,-0.27618,0,,90.35888671875,90.45751953125,turing-3,0.13.4,,fastest__mamut-manila-n2500-k54-poi__seed__seed6__t12000
fastest,mamut-manila-n2500-k54-poi,2500,54,main,seed,7,12000,12006.817,2879565,135554.8639999999,54,True,136161.31799999988,-0.44539,0,,90.35888671875,90.45751953125,turing-3,0.13.4,,fastest__mamut-manila-n2500-k54-poi__seed__seed7__t12000
fastest,mamut-manila-n2500-k54-poi,2500,54,main,seed,8,12000,12005.715,2971789,135718.94099999993,54,True,136161.31799999988,-0.32489,0,,90.35888671875,90.49755859375,turing-3,0.13.4,,fastest__mamut-manila-n2500-k54-poi__seed__seed8__t12000
fastest,mamut-manila-n2500-k54-poi,2500,54,main,seed,9,12000,12007.968,2581310,135717.69399999976,54,True,136161.31799999988,-0.32581,0,,90.35888671875,90.45751953125,turing-3,0.13.4,,fastest__mamut-manila-n2500-k54-poi__seed__seed9__t12000
fastest,mamut-manila-n2500-k54-poi,2500,54,main,seed,10,12000,12005.136,2463013,135830.6559999999,54,True,136161.31799999988,-0.24285,0,,90.32958984375,90.49755859375,turing-3,0.13.4,,fastest__mamut-manila-n2500-k54-poi__seed__seed10__t12000
fastest,mamut-bogota-n4000-k508-poi,4000,508,pilot,long,101,28800,28803.736,3081196,8530943.485999983,510,True,8613521.009000001,-0.9587,0,,8.2685546875,3.0458984375,turing-3,0.13.4,,fastest__mamut-bogota-n4000-k508-poi__long__seed101__t28800
fastest,mamut-bogota-n4000-k508-poi,4000,508,polish,polish,1239,28800,28803.656,2445876,8530478.659999983,510,True,8613521.009000001,-0.96409,1,replaced,13.04150390625,8.90673828125,turing-3,0.13.4,fastest__mamut-bogota-n4000-k508-poi__long__seed101__t28800,fastest__mamut-bogota-n4000-k508-poi__polish__seed1239__t28800
fastest,mamut-bogota-n4000-k508-poi,4000,508,main,seed,1,14400,14438.795,595098,8544055.155000005,510,True,8613521.009000001,-0.80647,0,,15.0380859375,90.302734375,turing-3,0.13.4,,fastest__mamut-bogota-n4000-k508-poi__seed__seed1__t14400
fastest,mamut-bogota-n4000-k508-poi,4000,508,pilot,seed,1,7200,7204.824,542363,8546058.097000001,510,True,8613521.009000001,-0.78322,0,,1.15380859375,21.140625,turing-3,0.13.4,,fastest__mamut-bogota-n4000-k508-poi__seed__seed1__t7200
fastest,mamut-bogota-n4000-k508-poi,4000,508,main,seed,2,14400,14424.724,390445,8546665.165999996,509,True,8613521.009000001,-0.77617,0,,15.0380859375,90.30322265625,turing-3,0.13.4,,fastest__mamut-bogota-n4000-k508-poi__seed__seed2__t14400
fastest,mamut-bogota-n4000-k508-poi,4000,508,pilot,seed,2,7200,7204.811,384017,8546946.049999984,509,True,8613521.009000001,-0.77291,0,,1.15380859375,21.048828125,turing-3,0.13.4,,fastest__mamut-bogota-n4000-k508-poi__seed__seed2__t7200
fastest,mamut-bogota-n4000-k508-poi,4000,508,main,seed,3,14400,14423.939,529584,8553112.262999987,510,True,8613521.009000001,-0.70132,0,,8.33837890625,90.32958984375,turing-3,0.13.4,,fastest__mamut-bogota-n4000-k508-poi__seed__seed3__t14400
fastest,mamut-bogota-n4000-k508-poi,4000,508,pilot,seed,3,7200,7205.117,514519,8553112.262999987,510,True,8613521.009000001,-0.70132,0,,1.15380859375,20.88427734375,turing-3,0.13.4,,fastest__mamut-bogota-n4000-k508-poi__seed__seed3__t7200
fastest,mamut-bogota-n4000-k508-poi,4000,508,main,seed,4,14400,14423.79,377598,8553994.564000003,510,True,8613521.009000001,-0.69108,0,,8.33837890625,90.330078125,turing-3,0.13.4,,fastest__mamut-bogota-n4000-k508-poi__seed__seed4__t14400
fastest,mamut-bogota-n4000-k508-poi,4000,508,main,seed,5,14400,14421.049,371197,8546838.03200001,509,True,8613521.009000001,-0.77417,0,,15.0380859375,90.30322265625,turing-3,0.13.4,,fastest__mamut-bogota-n4000-k508-poi__seed__seed5__t14400
fastest,mamut-bogota-n4000-k508-poi,4000,508,main,seed,6,14400,14424.14,209377,8569761.156999975,509,True,8613521.009000001,-0.50804,0,,8.33837890625,90.30224609375,turing-3,0.13.4,,fastest__mamut-bogota-n4000-k508-poi__seed__seed6__t14400
fastest,mamut-bogota-n4000-k508-poi,4000,508,main,seed,7,14400,14413.145,396432,8546885.626999993,509,True,8613521.009000001,-0.77361,0,,15.0380859375,90.30322265625,turing-3,0.13.4,,fastest__mamut-bogota-n4000-k508-poi__seed__seed7__t14400
fastest,mamut-bogota-n4000-k508-poi,4000,508,main,seed,8,14400,14420.719,351830,8554350.848000018,510,True,8613521.009000001,-0.68695,0,,8.33837890625,90.2412109375,turing-3,0.13.4,,fastest__mamut-bogota-n4000-k508-poi__seed__seed8__t14400
fastest,mamut-bogota-n4000-k508-poi,4000,508,main,seed,9,14400,14417.715,373210,8546030.496999996,509,True,8613521.009000001,-0.78354,0,,15.0380859375,90.30322265625,turing-3,0.13.4,,fastest__mamut-bogota-n4000-k508-poi__seed__seed9__t14400
fastest,mamut-bogota-n4000-k508-poi,4000,508,main,seed,10,14400,14425.17,526760,8551476.000999998,510,True,8613521.009000001,-0.72032,0,,1.2294921875,90.3583984375,turing-3,0.13.4,,fastest__mamut-bogota-n4000-k508-poi__seed__seed10__t14400
fastest,mamut-montreal-n4000-k378-poi,4000,378,polish,polish,1284,28800,28804.291,9265706,958192.5300000013,381,True,967082.0609999978,-0.91921,1,replaced,6.34228515625,8.90673828125,turing-3,0.13.4,fastest__mamut-montreal-n4000-k378-poi__seed__seed4__t14400,fastest__mamut-montreal-n4000-k378-poi__polish__seed1284__t28800
fastest,mamut-montreal-n4000-k378-poi,4000,378,main,seed,1,14400,14422.714,1474112,960983.1240000008,382,True,967082.0609999978,-0.63065,0,,8.33837890625,90.35888671875,turing-3,0.13.4,,fastest__mamut-montreal-n4000-k378-poi__seed__seed1__t14400
fastest,mamut-montreal-n4000-k378-poi,4000,378,main,seed,2,14400,14423.961,1495886,963135.0530000002,382,True,967082.0609999978,-0.40814,0,,8.33837890625,90.330078125,turing-3,0.13.4,,fastest__mamut-montreal-n4000-k378-poi__seed__seed2__t14400
fastest,mamut-montreal-n4000-k378-poi,4000,378,main,seed,3,14400,14436.284,1610649,962143.7639999992,382,True,967082.0609999978,-0.51064,0,,1.2294921875,90.302734375,turing-3,0.13.4,,fastest__mamut-montreal-n4000-k378-poi__seed__seed3__t14400
fastest,mamut-montreal-n4000-k378-poi,4000,378,main,seed,4,14400,14418.606,1515311,958467.381000001,381,True,967082.0609999978,-0.89079,0,,15.0380859375,90.30322265625,turing-3,0.13.4,,fastest__mamut-montreal-n4000-k378-poi__seed__seed4__t14400
fastest,mamut-montreal-n4000-k378-poi,4000,378,main,seed,5,14400,14440.438,1650053,960814.5520000004,382,True,967082.0609999978,-0.64808,0,,1.2294921875,90.302734375,turing-3,0.13.4,,fastest__mamut-montreal-n4000-k378-poi__seed__seed5__t14400
fastest,mamut-montreal-n4000-k378-poi,4000,378,main,seed,6,14400,14426.783,1514146,959399.9190000001,382,True,967082.0609999978,-0.79436,0,,1.2294921875,90.2412109375,turing-3,0.13.4,,fastest__mamut-montreal-n4000-k378-poi__seed__seed6__t14400
fastest,mamut-montreal-n4000-k378-poi,4000,378,main,seed,7,14400,14419.755,1602371,963253.8109999982,383,True,967082.0609999978,-0.39586,0,,8.33837890625,90.2412109375,turing-3,0.13.4,,fastest__mamut-montreal-n4000-k378-poi__seed__seed7__t14400
fastest,mamut-montreal-n4000-k378-poi,4000,378,main,seed,8,14400,14432.209,1632507,959725.4150000017,382,True,967082.0609999978,-0.76071,0,,8.33837890625,90.32958984375,turing-3,0.13.4,,fastest__mamut-montreal-n4000-k378-poi__seed__seed8__t14400
fastest,mamut-montreal-n4000-k378-poi,4000,378,main,seed,9,14400,14421.789,1458450,960818.8710000009,382,True,967082.0609999978,-0.64764,0,,8.33837890625,90.3583984375,turing-3,0.13.4,,fastest__mamut-montreal-n4000-k378-poi__seed__seed9__t14400
fastest,mamut-montreal-n4000-k378-poi,4000,378,main,seed,10,14400,14436.321,1510295,960310.8090000015,382,True,967082.0609999978,-0.70017,0,,8.33837890625,90.32958984375,turing-3,0.13.4,,fastest__mamut-montreal-n4000-k378-poi__seed__seed10__t14400
fastest,mamut-singapore-n4000-k498-poi,4000,498,polish,polish,1313,28800,28803.76,4967513,2682919.3279999904,499,True,2718617.2419999987,-1.31309,1,replaced,6.34228515625,9.0732421875,turing-3,0.13.4,fastest__mamut-singapore-n4000-k498-poi__seed__seed8__t14400,fastest__mamut-singapore-n4000-k498-poi__polish__seed1313__t28800
fastest,mamut-singapore-n4000-k498-poi,4000,498,main,seed,1,14400,14420.676,889741,2684664.01399999,499,True,2718617.2419999987,-1.24892,0,,8.33837890625,90.330078125,turing-3,0.13.4,,fastest__mamut-singapore-n4000-k498-poi__seed__seed1__t14400
fastest,mamut-singapore-n4000-k498-poi,4000,498,main,seed,2,14400,14429.021,846820,2684377.2949999915,499,True,2718617.2419999987,-1.25946,0,,1.2294921875,90.3583984375,turing-3,0.13.4,,fastest__mamut-singapore-n4000-k498-poi__seed__seed2__t14400
fastest,mamut-singapore-n4000-k498-poi,4000,498,main,seed,3,14400,14427.287,828570,2684242.5189999877,499,True,2718617.2419999987,-1.26442,0,,8.33837890625,90.330078125,turing-3,0.13.4,,fastest__mamut-singapore-n4000-k498-poi__seed__seed3__t14400
fastest,mamut-singapore-n4000-k498-poi,4000,498,main,seed,4,14400,14419.778,859454,2684835.9559999974,499,True,2718617.2419999987,-1.24259,0,,8.33837890625,90.30322265625,turing-3,0.13.4,,fastest__mamut-singapore-n4000-k498-poi__seed__seed4__t14400
fastest,mamut-singapore-n4000-k498-poi,4000,498,main,seed,5,14400,14420.106,929758,2687733.8269999954,500,True,2718617.2419999987,-1.136,0,,1.2294921875,90.2412109375,turing-3,0.13.4,,fastest__mamut-singapore-n4000-k498-poi__seed__seed5__t14400
fastest,mamut-singapore-n4000-k498-poi,4000,498,main,seed,6,14400,14421.182,798946,2687526.6900000004,500,True,2718617.2419999987,-1.14362,0,,15.0380859375,90.35888671875,turing-3,0.13.4,,fastest__mamut-singapore-n4000-k498-poi__seed__seed6__t14400
fastest,mamut-singapore-n4000-k498-poi,4000,498,main,seed,7,14400,14425.364,869788,2684150.3319999976,499,True,2718617.2419999987,-1.26781,0,,8.33837890625,90.30322265625,turing-3,0.13.4,,fastest__mamut-singapore-n4000-k498-poi__seed__seed7__t14400
fastest,mamut-singapore-n4000-k498-poi,4000,498,main,seed,8,14400,14423.712,928023,2683444.905999989,499,True,2718617.2419999987,-1.29376,0,,1.2294921875,90.1748046875,turing-3,0.13.4,,fastest__mamut-singapore-n4000-k498-poi__seed__seed8__t14400
fastest,mamut-singapore-n4000-k498-poi,4000,498,main,seed,9,14400,14430.543,904562,2688040.674999996,500,True,2718617.2419999987,-1.12471,0,,1.2294921875,90.30224609375,turing-3,0.13.4,,fastest__mamut-singapore-n4000-k498-poi__seed__seed9__t14400
fastest,mamut-singapore-n4000-k498-poi,4000,498,main,seed,10,14400,14424.805,878978,2687920.9190000016,500,True,2718617.2419999987,-1.12912,0,,1.2294921875,90.3583984375,turing-3,0.13.4,,fastest__mamut-singapore-n4000-k498-poi__seed__seed10__t14400
shortest,mamut-toronto-n100-k8-par,100,8,pilot,long,101,1200,1200.018,638660,808359.5560000002,8,True,808359.5560000003,-0.0,0,,1.15380859375,90.326171875,turing-3,0.13.4,,shortest__mamut-toronto-n100-k8-par__long__seed101__t1200
shortest,mamut-toronto-n100-k8-par,100,8,polish,polish,1210,600,600.005,393318,808359.5559999999,8,True,808359.5560000003,-0.0,1,kept_existing,90.4111328125,42.13134765625,turing-3,0.13.4,shortest__mamut-toronto-n100-k8-par__seed__seed4__t300,shortest__mamut-toronto-n100-k8-par__polish__seed1210__t600
shortest,mamut-toronto-n100-k8-par,100,8,pilot,seed,1,300,300.018,157563,809704.0240000002,8,True,808359.5560000003,0.16632,0,,90.20361328125,67.88720703125,turing-3,0.13.4,,shortest__mamut-toronto-n100-k8-par__seed__seed1__t300
shortest,mamut-toronto-n100-k8-par,100,8,pilot,seed,2,300,300.019,196541,809369.7150000001,8,True,808359.5560000003,0.12496,0,,90.20361328125,67.88720703125,turing-3,0.13.4,,shortest__mamut-toronto-n100-k8-par__seed__seed2__t300
shortest,mamut-toronto-n100-k8-par,100,8,pilot,seed,3,300,300.018,169308,808359.5560000002,8,True,808359.5560000003,-0.0,0,,90.2216796875,68.0517578125,turing-3,0.13.4,,shortest__mamut-toronto-n100-k8-par__seed__seed3__t300
shortest,mamut-toronto-n100-k8-par,100,8,main,seed,4,300,300.018,274578,808359.5559999999,8,True,808359.5560000003,-0.0,0,,90.93896484375,27.23388671875,turing-3,0.13.4,,shortest__mamut-toronto-n100-k8-par__seed__seed4__t300
shortest,mamut-toronto-n100-k8-par,100,8,main,seed,5,300,300.019,289946,808359.556,8,True,808359.5560000003,-0.0,0,,90.93896484375,27.23388671875,turing-3,0.13.4,,shortest__mamut-toronto-n100-k8-par__seed__seed5__t300
shortest,mamut-toronto-n100-k8-par,100,8,main,seed,6,300,300.014,289643,809378.334,8,True,808359.5560000003,0.12603,0,,90.93896484375,27.23388671875,turing-3,0.13.4,,shortest__mamut-toronto-n100-k8-par__seed__seed6__t300
shortest,mamut-toronto-n100-k8-par,100,8,main,seed,7,300,300.017,281500,808359.5560000001,8,True,808359.5560000003,-0.0,0,,90.93896484375,27.23388671875,turing-3,0.13.4,,shortest__mamut-toronto-n100-k8-par__seed__seed7__t300
shortest,mamut-toronto-n100-k8-par,100,8,main,seed,8,300,300.015,286260,808359.556,8,True,808359.5560000003,-0.0,0,,90.93896484375,27.23388671875,turing-3,0.13.4,,shortest__mamut-toronto-n100-k8-par__seed__seed8__t300
shortest,mamut-toronto-n100-k8-par,100,8,main,seed,9,300,300.011,275271,808359.5560000001,8,True,808359.5560000003,-0.0,0,,90.93896484375,27.23388671875,turing-3,0.13.4,,shortest__mamut-toronto-n100-k8-par__seed__seed9__t300
shortest,mamut-toronto-n100-k8-par,100,8,main,seed,10,300,300.017,282461,808359.5560000002,8,True,808359.5560000003,-0.0,0,,90.93896484375,27.23388671875,turing-3,0.13.4,,shortest__mamut-toronto-n100-k8-par__seed__seed10__t300
shortest,mamut-rome-n102-k9-poi,102,9,polish,polish,1196,600,600.008,427838,873824.5079999997,9,True,873824.508,-0.0,1,kept_existing,90.208984375,48.08984375,turing-3,0.13.4,shortest__mamut-rome-n102-k9-poi__seed__seed8__t300,shortest__mamut-rome-n102-k9-poi__polish__seed1196__t600
shortest,mamut-rome-n102-k9-poi,102,9,main,seed,1,300,300.022,120677,879451.9820000002,9,True,873824.508,0.64401,0,,91.27392578125,89.42236328125,turing-3,0.13.4,,shortest__mamut-rome-n102-k9-poi__seed__seed1__t300
shortest,mamut-rome-n102-k9-poi,102,9,main,seed,2,300,300.017,118231,873824.5080000003,9,True,873824.508,0.0,0,,91.27392578125,89.42236328125,turing-3,0.13.4,,shortest__mamut-rome-n102-k9-poi__seed__seed2__t300
shortest,mamut-rome-n102-k9-poi,102,9,main,seed,3,300,300.019,119849,873824.5080000003,9,True,873824.508,0.0,0,,91.27392578125,89.42236328125,turing-3,0.13.4,,shortest__mamut-rome-n102-k9-poi__seed__seed3__t300
shortest,mamut-rome-n102-k9-poi,102,9,main,seed,4,300,300.017,123829,873824.5080000001,9,True,873824.508,0.0,0,,91.27392578125,89.42236328125,turing-3,0.13.4,,shortest__mamut-rome-n102-k9-poi__seed__seed4__t300
shortest,mamut-rome-n102-k9-poi,102,9,main,seed,5,300,300.02,121895,873824.5080000004,9,True,873824.508,0.0,0,,91.27392578125,89.42236328125,turing-3,0.13.4,,shortest__mamut-rome-n102-k9-poi__seed__seed5__t300
shortest,mamut-rome-n102-k9-poi,102,9,main,seed,6,300,300.021,120056,873824.5079999999,9,True,873824.508,-0.0,0,,91.27392578125,89.42236328125,turing-3,0.13.4,,shortest__mamut-rome-n102-k9-poi__seed__seed6__t300
shortest,mamut-rome-n102-k9-poi,102,9,main,seed,7,300,300.023,214665,873824.5080000005,9,True,873824.508,0.0,0,,91.27392578125,89.42236328125,turing-3,0.13.4,,shortest__mamut-rome-n102-k9-poi__seed__seed7__t300
shortest,mamut-rome-n102-k9-poi,102,9,main,seed,8,300,300.018,120615,873824.5079999997,9,True,873824.508,-0.0,0,,91.27392578125,89.42236328125,turing-3,0.13.4,,shortest__mamut-rome-n102-k9-poi__seed__seed8__t300
shortest,mamut-rome-n102-k9-poi,102,9,main,seed,9,300,300.018,120825,873824.5080000003,9,True,873824.508,0.0,0,,91.27392578125,89.42236328125,turing-3,0.13.4,,shortest__mamut-rome-n102-k9-poi__seed__seed9__t300
shortest,mamut-rome-n102-k9-poi,102,9,main,seed,10,300,300.013,132587,873824.508,9,True,873824.508,0.0,0,,91.27392578125,89.42236328125,turing-3,0.13.4,,shortest__mamut-rome-n102-k9-poi__seed__seed10__t300
shortest,mamut-athens-n105-k7-poi,105,7,polish,polish,1118,600,600.006,559753,342880.09099999984,7,True,342880.09100000025,-0.0,1,kept_existing,90.3916015625,62.427734375,turing-3,0.13.4,shortest__mamut-athens-n105-k7-poi__seed__seed8__t300,shortest__mamut-athens-n105-k7-poi__polish__seed1118__t600
shortest,mamut-athens-n105-k7-poi,105,7,main,seed,1,300,300.021,180412,342914.36299999995,7,True,342880.09100000025,0.01,0,,91.38525390625,91.02099609375,turing-3,0.13.4,,shortest__mamut-athens-n105-k7-poi__seed__seed1__t300
shortest,mamut-athens-n105-k7-poi,105,7,main,seed,2,300,300.018,271086,342880.0909999999,7,True,342880.09100000025,-0.0,0,,91.38525390625,91.02099609375,turing-3,0.13.4,,shortest__mamut-athens-n105-k7-poi__seed__seed2__t300
shortest,mamut-athens-n105-k7-poi,105,7,main,seed,3,300,300.02,187592,342880.0910000002,7,True,342880.09100000025,-0.0,0,,91.38525390625,91.02099609375,turing-3,0.13.4,,shortest__mamut-athens-n105-k7-poi__seed__seed3__t300
shortest,mamut-athens-n105-k7-poi,105,7,main,seed,4,300,300.018,187168,342880.0910000001,7,True,342880.09100000025,-0.0,0,,91.38525390625,90.93896484375,turing-3,0.13.4,,shortest__mamut-athens-n105-k7-poi__seed__seed4__t300
shortest,mamut-athens-n105-k7-poi,105,7,main,seed,5,300,300.025,181418,342880.0910000001,7,True,342880.09100000025,-0.0,0,,91.38525390625,90.93896484375,turing-3,0.13.4,,shortest__mamut-athens-n105-k7-poi__seed__seed5__t300
shortest,mamut-athens-n105-k7-poi,105,7,main,seed,6,300,300.022,182567,342880.0909999999,7,True,342880.09100000025,-0.0,0,,91.38525390625,90.93896484375,turing-3,0.13.4,,shortest__mamut-athens-n105-k7-poi__seed__seed6__t300
shortest,mamut-athens-n105-k7-poi,105,7,main,seed,7,300,300.025,180716,342880.0909999999,7,True,342880.09100000025,-0.0,0,,91.38525390625,90.93896484375,turing-3,0.13.4,,shortest__mamut-athens-n105-k7-poi__seed__seed7__t300
shortest,mamut-athens-n105-k7-poi,105,7,main,seed,8,300,300.019,328791,342880.09099999984,7,True,342880.09100000025,-0.0,0,,91.38525390625,90.93896484375,turing-3,0.13.4,,shortest__mamut-athens-n105-k7-poi__seed__seed8__t300
shortest,mamut-athens-n105-k7-poi,105,7,main,seed,9,300,300.019,179098,342880.0910000001,7,True,342880.09100000025,-0.0,0,,91.38525390625,90.93896484375,turing-3,0.13.4,,shortest__mamut-athens-n105-k7-poi__seed__seed9__t300
shortest,mamut-athens-n105-k7-poi,105,7,main,seed,10,300,300.023,185339,342880.0910000002,7,True,342880.09100000025,-0.0,0,,91.38525390625,91.02099609375,turing-3,0.13.4,,shortest__mamut-athens-n105-k7-poi__seed__seed10__t300
shortest,mamut-barcelona-n107-k8-poi,107,8,polish,polish,1122,600,600.007,254133,530438.1260000002,8,True,530885.325,-0.08424,1,kept_existing,90.34765625,55.77685546875,turing-3,0.13.4,shortest__mamut-barcelona-n107-k8-poi__seed__seed1__t300,shortest__mamut-barcelona-n107-k8-poi__polish__seed1122__t600
shortest,mamut-barcelona-n107-k8-poi,107,8,main,seed,1,300,300.021,102896,530438.1260000002,8,True,530885.325,-0.08424,0,,91.38525390625,90.93896484375,turing-3,0.13.4,,shortest__mamut-barcelona-n107-k8-poi__seed__seed1__t300
shortest,mamut-barcelona-n107-k8-poi,107,8,main,seed,2,300,300.023,106229,530745.187,8,True,530885.325,-0.0264,0,,91.38525390625,90.93896484375,turing-3,0.13.4,,shortest__mamut-barcelona-n107-k8-poi__seed__seed2__t300
shortest,mamut-barcelona-n107-k8-poi,107,8,main,seed,3,300,300.025,176193,530745.187,8,True,530885.325,-0.0264,0,,91.38525390625,90.93896484375,turing-3,0.13.4,,shortest__mamut-barcelona-n107-k8-poi__seed__seed3__t300
shortest,mamut-barcelona-n107-k8-poi,107,8,main,seed,4,300,300.02,108365,530924.3770000001,8,True,530885.325,0.00736,0,,91.38525390625,90.93896484375,turing-3,0.13.4,,shortest__mamut-barcelona-n107-k8-poi__seed__seed4__t300
shortest,mamut-barcelona-n107-k8-poi,107,8,main,seed,5,300,300.018,113115,531018.5839999998,8,True,530885.325,0.0251,0,,91.38525390625,90.93896484375,turing-3,0.13.4,,shortest__mamut-barcelona-n107-k8-poi__seed__seed5__t300
shortest,mamut-barcelona-n107-k8-poi,107,8,main,seed,6,300,300.027,153051,530745.1869999999,8,True,530885.325,-0.0264,0,,91.38525390625,90.93896484375,turing-3,0.13.4,,shortest__mamut-barcelona-n107-k8-poi__seed__seed6__t300
shortest,mamut-barcelona-n107-k8-poi,107,8,main,seed,7,300,300.021,104382,530438.1260000003,8,True,530885.325,-0.08424,0,,91.38525390625,90.93896484375,turing-3,0.13.4,,shortest__mamut-barcelona-n107-k8-poi__seed__seed7__t300
shortest,mamut-barcelona-n107-k8-poi,107,8,main,seed,8,300,300.022,167952,530745.1869999999,8,True,530885.325,-0.0264,0,,91.38525390625,90.93896484375,turing-3,0.13.4,,shortest__mamut-barcelona-n107-k8-poi__seed__seed8__t300
shortest,mamut-barcelona-n107-k8-poi,107,8,main,seed,9,300,300.014,103319,530745.187,8,True,530885.325,-0.0264,0,,91.38525390625,90.93896484375,turing-3,0.13.4,,shortest__mamut-barcelona-n107-k8-poi__seed__seed9__t300
shortest,mamut-barcelona-n107-k8-poi,107,8,main,seed,10,300,300.027,101498,530924.377,8,True,530885.325,0.00736,0,,91.38525390625,90.93896484375,turing-3,0.13.4,,shortest__mamut-barcelona-n107-k8-poi__seed__seed10__t300
shortest,mamut-warsaw-n110-k8-poi,110,8,polish,polish,1218,600,600.007,443197,604073.867,8,True,604073.867,0.0,1,,90.4111328125,42.13134765625,turing-3,0.13.4,shortest__mamut-warsaw-n110-k8-poi__seed__seed7__t300,shortest__mamut-warsaw-n110-k8-poi__polish__seed1218__t600
shortest,mamut-warsaw-n110-k8-poi,110,8,main,seed,1,300,300.02,328134,604334.6669999999,8,True,604073.867,0.04317,0,,90.93896484375,27.23388671875,turing-3,0.13.4,,shortest__mamut-warsaw-n110-k8-poi__seed__seed1__t300
shortest,mamut-warsaw-n110-k8-poi,110,8,main,seed,2,300,300.02,327896,604963.5599999997,8,True,604073.867,0.14728,0,,90.93896484375,27.23388671875,turing-3,0.13.4,,shortest__mamut-warsaw-n110-k8-poi__seed__seed2__t300
shortest,mamut-warsaw-n110-k8-poi,110,8,main,seed,3,300,300.018,333890,605509.375,8,True,604073.867,0.23764,0,,90.93896484375,27.23388671875,turing-3,0.13.4,,shortest__mamut-warsaw-n110-k8-poi__seed__seed3__t300
shortest,mamut-warsaw-n110-k8-poi,110,8,main,seed,4,300,300.024,334828,604424.0660000002,8,True,604073.867,0.05797,0,,90.93896484375,27.23388671875,turing-3,0.13.4,,shortest__mamut-warsaw-n110-k8-poi__seed__seed4__t300
shortest,mamut-warsaw-n110-k8-poi,110,8,main,seed,5,300,300.019,335038,604598.4220000001,8,True,604073.867,0.08684,0,,90.93896484375,27.23388671875,turing-3,0.13.4,,shortest__mamut-warsaw-n110-k8-poi__seed__seed5__t300
shortest,mamut-warsaw-n110-k8-poi,110,8,main,seed,6,300,300.015,331088,604613.8480000001,8,True,604073.867,0.08939,0,,90.93896484375,27.23388671875,turing-3,0.13.4,,shortest__mamut-warsaw-n110-k8-poi__seed__seed6__t300
shortest,mamut-warsaw-n110-k8-poi,110,8,main,seed,7,300,300.022,322694,604073.867,8,True,604073.867,0.0,0,,90.93896484375,27.23388671875,turing-3,0.13.4,,shortest__mamut-warsaw-n110-k8-poi__seed__seed7__t300
shortest,mamut-warsaw-n110-k8-poi,110,8,main,seed,8,300,300.022,342465,608532.679,8,True,604073.867,0.73812,0,,90.93896484375,27.23388671875,turing-3,0.13.4,,shortest__mamut-warsaw-n110-k8-poi__seed__seed8__t300
shortest,mamut-warsaw-n110-k8-poi,110,8,main,seed,9,300,300.017,319754,605643.0140000002,8,True,604073.867,0.25976,0,,90.93896484375,27.23388671875,turing-3,0.13.4,,shortest__mamut-warsaw-n110-k8-poi__seed__seed9__t300
shortest,mamut-warsaw-n110-k8-poi,110,8,main,seed,10,300,300.024,325875,604787.819,8,True,604073.867,0.11819,0,,90.93896484375,27.23388671875,turing-3,0.13.4,,shortest__mamut-warsaw-n110-k8-poi__seed__seed10__t300
shortest,mamut-montreal-n112-k9-par,112,9,polish,polish,1173,600,600.008,365071,869629.5079999996,9,True,869629.5079999996,0.0,1,,90.208984375,48.08984375,turing-3,0.13.4,bks:pyvrp-ils-v1:seed42,shortest__mamut-montreal-n112-k9-par__polish__seed1173__t600
shortest,mamut-montreal-n112-k9-par,112,9,main,seed,1,300,300.024,150124,869629.5080000001,9,True,869629.5079999996,0.0,0,,91.27392578125,89.42236328125,turing-3,0.13.4,,shortest__mamut-montreal-n112-k9-par__seed__seed1__t300
shortest,mamut-montreal-n112-k9-par,112,9,main,seed,2,300,300.022,224881,869989.7250000002,9,True,869629.5079999996,0.04142,0,,91.27392578125,89.42236328125,turing-3,0.13.4,,shortest__mamut-montreal-n112-k9-par__seed__seed2__t300
shortest,mamut-montreal-n112-k9-par,112,9,main,seed,3,300,300.014,202738,869629.5079999997,9,True,869629.5079999996,0.0,0,,91.27392578125,89.42236328125,turing-3,0.13.4,,shortest__mamut-montreal-n112-k9-par__seed__seed3__t300
shortest,mamut-montreal-n112-k9-par,112,9,main,seed,4,300,300.019,163647,869989.7249999997,9,True,869629.5079999996,0.04142,0,,91.27392578125,89.42236328125,turing-3,0.13.4,,shortest__mamut-montreal-n112-k9-par__seed__seed4__t300
shortest,mamut-montreal-n112-k9-par,112,9,main,seed,5,300,300.024,148277,869989.7249999996,9,True,869629.5079999996,0.04142,0,,91.27392578125,89.42236328125,turing-3,0.13.4,,shortest__mamut-montreal-n112-k9-par__seed__seed5__t300
shortest,mamut-montreal-n112-k9-par,112,9,main,seed,6,300,300.02,145628,869629.508,9,True,869629.5079999996,0.0,0,,91.27392578125,89.42236328125,turing-3,0.13.4,,shortest__mamut-montreal-n112-k9-par__seed__seed6__t300
shortest,mamut-montreal-n112-k9-par,112,9,main,seed,7,300,300.02,240594,869629.5079999999,9,True,869629.5079999996,0.0,0,,91.27392578125,89.42236328125,turing-3,0.13.4,,shortest__mamut-montreal-n112-k9-par__seed__seed7__t300
shortest,mamut-montreal-n112-k9-par,112,9,main,seed,8,300,300.02,199483,869629.5080000001,9,True,869629.5079999996,0.0,0,,91.27392578125,89.42236328125,turing-3,0.13.4,,shortest__mamut-montreal-n112-k9-par__seed__seed8__t300
shortest,mamut-montreal-n112-k9-par,112,9,main,seed,9,300,300.024,190039,869629.508,9,True,869629.5079999996,0.0,0,,91.27392578125,89.42236328125,turing-3,0.13.4,,shortest__mamut-montreal-n112-k9-par__seed__seed9__t300
shortest,mamut-montreal-n112-k9-par,112,9,main,seed,10,300,300.022,260976,869629.508,9,True,869629.5079999996,0.0,0,,91.27392578125,89.42236328125,turing-3,0.13.4,,shortest__mamut-montreal-n112-k9-par__seed__seed10__t300
shortest,mamut-london-n115-k9-hyb,115,9,polish,polish,1161,600,600.008,447603,798494.2739999994,9,True,798494.2739999999,-0.0,1,kept_existing,90.3193359375,54.35302734375,turing-3,0.13.4,shortest__mamut-london-n115-k9-hyb__seed__seed9__t300,shortest__mamut-london-n115-k9-hyb__polish__seed1161__t600
shortest,mamut-london-n115-k9-hyb,115,9,main,seed,1,300,300.019,329355,799366.062,9,True,798494.2739999999,0.10918,0,,91.27392578125,89.42236328125,turing-3,0.13.4,,shortest__mamut-london-n115-k9-hyb__seed__seed1__t300
shortest,mamut-london-n115-k9-hyb,115,9,main,seed,2,300,300.014,216955,798494.2740000001,9,True,798494.2739999999,0.0,0,,91.27392578125,89.42236328125,turing-3,0.13.4,,shortest__mamut-london-n115-k9-hyb__seed__seed2__t300
shortest,mamut-london-n115-k9-hyb,115,9,main,seed,3,300,300.013,180578,799366.0620000002,9,True,798494.2739999999,0.10918,0,,91.27392578125,89.42236328125,turing-3,0.13.4,,shortest__mamut-london-n115-k9-hyb__seed__seed3__t300
shortest,mamut-london-n115-k9-hyb,115,9,main,seed,4,300,300.021,201065,799366.0619999999,9,True,798494.2739999999,0.10918,0,,91.27392578125,89.42236328125,turing-3,0.13.4,,shortest__mamut-london-n115-k9-hyb__seed__seed4__t300
shortest,mamut-london-n115-k9-hyb,115,9,main,seed,5,300,300.019,320663,799366.0620000002,9,True,798494.2739999999,0.10918,0,,91.27392578125,89.42236328125,turing-3,0.13.4,,shortest__mamut-london-n115-k9-hyb__seed__seed5__t300
shortest,mamut-london-n115-k9-hyb,115,9,main,seed,6,300,300.024,191739,799366.0619999997,9,True,798494.2739999999,0.10918,0,,91.27392578125,89.42236328125,turing-3,0.13.4,,shortest__mamut-london-n115-k9-hyb__seed__seed6__t300
shortest,mamut-london-n115-k9-hyb,115,9,main,seed,7,300,300.02,184925,799366.0619999998,9,True,798494.2739999999,0.10918,0,,91.27392578125,89.42236328125,turing-3,0.13.4,,shortest__mamut-london-n115-k9-hyb__seed__seed7__t300
shortest,mamut-london-n115-k9-hyb,115,9,main,seed,8,300,300.024,180477,798494.2739999996,9,True,798494.2739999999,-0.0,0,,91.27392578125,89.42236328125,turing-3,0.13.4,,shortest__mamut-london-n115-k9-hyb__seed__seed8__t300
shortest,mamut-london-n115-k9-hyb,115,9,main,seed,9,300,300.018,286233,798494.2739999994,9,True,798494.2739999999,-0.0,0,,91.27392578125,89.42236328125,turing-3,0.13.4,,shortest__mamut-london-n115-k9-hyb__seed__seed9__t300
shortest,mamut-london-n115-k9-hyb,115,9,main,seed,10,300,300.022,181069,799366.0619999995,9,True,798494.2739999999,0.10918,0,,91.27392578125,89.42236328125,turing-3,0.13.4,,shortest__mamut-london-n115-k9-hyb__seed__seed10__t300
shortest,mamut-sydney-n118-k9-poi,118,9,polish,polish,1208,600,600.008,462175,952443.9869999994,9,True,952443.987,-0.0,1,kept_existing,90.35986328125,43.013671875,turing-3,0.13.4,shortest__mamut-sydney-n118-k9-poi__seed__seed8__t300,shortest__mamut-sydney-n118-k9-poi__polish__seed1208__t600
shortest,mamut-sydney-n118-k9-poi,118,9,main,seed,1,300,300.02,419159,952443.9869999998,9,True,952443.987,-0.0,0,,91.02099609375,27.515625,turing-3,0.13.4,,shortest__mamut-sydney-n118-k9-poi__seed__seed1__t300
shortest,mamut-sydney-n118-k9-poi,118,9,main,seed,2,300,300.017,425912,952443.9869999998,9,True,952443.987,-0.0,0,,90.93896484375,27.23388671875,turing-3,0.13.4,,shortest__mamut-sydney-n118-k9-poi__seed__seed2__t300
shortest,mamut-sydney-n118-k9-poi,118,9,main,seed,3,300,300.019,414748,952443.9869999995,9,True,952443.987,-0.0,0,,89.42236328125,27.23388671875,turing-3,0.13.4,,shortest__mamut-sydney-n118-k9-poi__seed__seed3__t300
shortest,mamut-sydney-n118-k9-poi,118,9,main,seed,4,300,300.018,416309,952443.9870000002,9,True,952443.987,0.0,0,,91.02099609375,27.515625,turing-3,0.13.4,,shortest__mamut-sydney-n118-k9-poi__seed__seed4__t300
shortest,mamut-sydney-n118-k9-poi,118,9,main,seed,5,300,300.02,413390,952443.9870000002,9,True,952443.987,0.0,0,,91.02099609375,27.515625,turing-3,0.13.4,,shortest__mamut-sydney-n118-k9-poi__seed__seed5__t300
shortest,mamut-sydney-n118-k9-poi,118,9,main,seed,6,300,300.022,413307,952443.9869999998,9,True,952443.987,-0.0,0,,90.93896484375,27.515625,turing-3,0.13.4,,shortest__mamut-sydney-n118-k9-poi__seed__seed6__t300
shortest,mamut-sydney-n118-k9-poi,118,9,main,seed,7,300,300.021,415992,952443.9869999995,9,True,952443.987,-0.0,0,,90.93896484375,27.515625,turing-3,0.13.4,,shortest__mamut-sydney-n118-k9-poi__seed__seed7__t300
shortest,mamut-sydney-n118-k9-poi,118,9,main,seed,8,300,300.019,412811,952443.9869999994,9,True,952443.987,-0.0,0,,90.93896484375,27.23388671875,turing-3,0.13.4,,shortest__mamut-sydney-n118-k9-poi__seed__seed8__t300
shortest,mamut-sydney-n118-k9-poi,118,9,main,seed,9,300,300.021,412672,952443.9869999994,9,True,952443.987,-0.0,0,,90.93896484375,27.23388671875,turing-3,0.13.4,,shortest__mamut-sydney-n118-k9-poi__seed__seed9__t300
shortest,mamut-sydney-n118-k9-poi,118,9,main,seed,10,300,300.02,413614,952443.9870000002,9,True,952443.987,0.0,0,,90.93896484375,27.23388671875,turing-3,0.13.4,,shortest__mamut-sydney-n118-k9-poi__seed__seed10__t300
shortest,mamut-bogota-n120-k9-poi,120,9,polish,polish,1128,600,600.009,190778,2723489.6239999994,9,True,2723872.977,-0.01407,1,kept_existing,90.3193359375,55.77685546875,turing-3,0.13.4,shortest__mamut-bogota-n120-k9-poi__seed__seed2__t300,shortest__mamut-bogota-n120-k9-poi__polish__seed1128__t600
shortest,mamut-bogota-n120-k9-poi,120,9,main,seed,1,300,300.024,129595,2727580.970000001,9,True,2723872.977,0.13613,0,,91.38525390625,90.93896484375,turing-3,0.13.4,,shortest__mamut-bogota-n120-k9-poi__seed__seed1__t300
shortest,mamut-bogota-n120-k9-poi,120,9,main,seed,2,300,300.026,107689,2723489.6239999994,9,True,2723872.977,-0.01407,0,,91.38525390625,90.93896484375,turing-3,0.13.4,,shortest__mamut-bogota-n120-k9-poi__seed__seed2__t300
shortest,mamut-bogota-n120-k9-poi,120,9,main,seed,3,300,300.024,72840,2726579.546,9,True,2723872.977,0.09936,0,,91.38525390625,90.93896484375,turing-3,0.13.4,,shortest__mamut-bogota-n120-k9-poi__seed__seed3__t300
shortest,mamut-bogota-n120-k9-poi,120,9,main,seed,4,300,300.031,97892,2724765.182,9,True,2723872.977,0.03276,0,,91.38525390625,90.93896484375,turing-3,0.13.4,,shortest__mamut-bogota-n120-k9-poi__seed__seed4__t300
shortest,mamut-bogota-n120-k9-poi,120,9,main,seed,5,300,300.023,152387,2727339.8620000007,9,True,2723872.977,0.12728,0,,91.38525390625,90.93896484375,turing-3,0.13.4,,shortest__mamut-bogota-n120-k9-poi__seed__seed5__t300
shortest,mamut-bogota-n120-k9-poi,120,9,main,seed,6,300,300.025,84331,2726304.4339999994,9,True,2723872.977,0.08926,0,,91.27392578125,90.93896484375,turing-3,0.13.4,,shortest__mamut-bogota-n120-k9-poi__seed__seed6__t300
shortest,mamut-bogota-n120-k9-poi,120,9,main,seed,7,300,300.022,128774,2723872.977,9,True,2723872.977,0.0,0,,91.27392578125,90.93896484375,turing-3,0.13.4,,shortest__mamut-bogota-n120-k9-poi__seed__seed7__t300
shortest,mamut-bogota-n120-k9-poi,120,9,main,seed,8,300,300.028,82260,2723872.977,9,True,2723872.977,0.0,0,,91.27392578125,89.42236328125,turing-3,0.13.4,,shortest__mamut-bogota-n120-k9-poi__seed__seed8__t300
shortest,mamut-bogota-n120-k9-poi,120,9,main,seed,9,300,300.029,75247,2726579.546,9,True,2723872.977,0.09936,0,,91.27392578125,89.42236328125,turing-3,0.13.4,,shortest__mamut-bogota-n120-k9-poi__seed__seed9__t300
shortest,mamut-bogota-n120-k9-poi,120,9,main,seed,10,300,300.031,75954,2725699.3260000004,9,True,2723872.977,0.06705,0,,91.38525390625,90.93896484375,turing-3,0.13.4,,shortest__mamut-bogota-n120-k9-poi__seed__seed10__t300
shortest,mamut-sao_paulo-n123-k9-poi,123,9,polish,polish,1201,600,600.009,498394,757011.042,9,True,757011.042,0.0,1,,90.208984375,48.08984375,turing-3,0.13.4,shortest__mamut-sao_paulo-n123-k9-poi__seed__seed3__t300,shortest__mamut-sao_paulo-n123-k9-poi__polish__seed1201__t600
shortest,mamut-sao_paulo-n123-k9-poi,123,9,main,seed,1,300,300.016,306048,757011.0420000004,9,True,757011.042,0.0,0,,91.27392578125,89.42236328125,turing-3,0.13.4,,shortest__mamut-sao_paulo-n123-k9-poi__seed__seed1__t300
shortest,mamut-sao_paulo-n123-k9-poi,123,9,main,seed,2,300,300.019,170599,757847.4590000001,9,True,757011.042,0.11049,0,,91.27392578125,89.42236328125,turing-3,0.13.4,,shortest__mamut-sao_paulo-n123-k9-poi__seed__seed2__t300
shortest,mamut-sao_paulo-n123-k9-poi,123,9,main,seed,3,300,300.027,224121,757011.042,9,True,757011.042,0.0,0,,91.27392578125,89.42236328125,turing-3,0.13.4,,shortest__mamut-sao_paulo-n123-k9-poi__seed__seed3__t300
shortest,mamut-sao_paulo-n123-k9-poi,123,9,main,seed,4,300,300.023,170251,757011.0420000001,9,True,757011.042,0.0,0,,91.27392578125,89.42236328125,turing-3,0.13.4,,shortest__mamut-sao_paulo-n123-k9-poi__seed__seed4__t300
shortest,mamut-sao_paulo-n123-k9-poi,123,9,main,seed,5,300,300.019,173768,757011.042,9,True,757011.042,0.0,0,,91.27392578125,89.42236328125,turing-3,0.13.4,,shortest__mamut-sao_paulo-n123-k9-poi__seed__seed5__t300
shortest,mamut-sao_paulo-n123-k9-poi,123,9,main,seed,6,300,300.024,171355,757847.4590000003,9,True,757011.042,0.11049,0,,91.27392578125,89.42236328125,turing-3,0.13.4,,shortest__mamut-sao_paulo-n123-k9-poi__seed__seed6__t300
shortest,mamut-sao_paulo-n123-k9-poi,123,9,main,seed,7,300,300.021,170027,758393.396,9,True,757011.042,0.18261,0,,91.171875,84.66357421875,turing-3,0.13.4,,shortest__mamut-sao_paulo-n123-k9-poi__seed__seed7__t300
shortest,mamut-sao_paulo-n123-k9-poi,123,9,main,seed,8,300,300.026,166207,757011.0420000002,9,True,757011.042,0.0,0,,91.171875,84.66357421875,turing-3,0.13.4,,shortest__mamut-sao_paulo-n123-k9-poi__seed__seed8__t300
shortest,mamut-sao_paulo-n123-k9-poi,123,9,main,seed,9,300,300.027,172847,757011.0420000001,9,True,757011.042,0.0,0,,91.171875,84.66357421875,turing-3,0.13.4,,shortest__mamut-sao_paulo-n123-k9-poi__seed__seed9__t300
shortest,mamut-sao_paulo-n123-k9-poi,123,9,main,seed,10,300,300.023,178197,757847.459,9,True,757011.042,0.11049,0,,91.27392578125,89.42236328125,turing-3,0.13.4,,shortest__mamut-sao_paulo-n123-k9-poi__seed__seed10__t300
shortest,mamut-singapore-n126-k10-poi,126,10,polish,polish,1202,604,604.012,283632,1337063.905,10,True,1338415.4579999999,-0.10098,1,kept_existing,90.20361328125,90.44775390625,turing-3,0.13.4,shortest__mamut-singapore-n126-k10-poi__seed__seed10__t302,shortest__mamut-singapore-n126-k10-poi__polish__seed1202__t604
shortest,mamut-singapore-n126-k10-poi,126,10,main,seed,1,302,302.027,170695,1337365.1150000002,10,True,1338415.4579999999,-0.07848,0,,90.06103515625,90.14794921875,turing-3,0.13.4,,shortest__mamut-singapore-n126-k10-poi__seed__seed1__t302
shortest,mamut-singapore-n126-k10-poi,126,10,main,seed,2,302,302.021,115577,1344999.1720000003,10,True,1338415.4579999999,0.4919,0,,90.13623046875,90.21630859375,turing-3,0.13.4,,shortest__mamut-singapore-n126-k10-poi__seed__seed2__t302
shortest,mamut-singapore-n126-k10-poi,126,10,main,seed,3,302,302.026,136962,1337543.1380000005,10,True,1338415.4579999999,-0.06518,0,,90.13623046875,90.21630859375,turing-3,0.13.4,,shortest__mamut-singapore-n126-k10-poi__seed__seed3__t302
shortest,mamut-singapore-n126-k10-poi,126,10,main,seed,4,302,302.023,126802,1338612.213,10,True,1338415.4579999999,0.0147,0,,90.1611328125,91.06005859375,turing-3,0.13.4,,shortest__mamut-singapore-n126-k10-poi__seed__seed4__t302
shortest,mamut-singapore-n126-k10-poi,126,10,main,seed,5,302,302.022,152693,1340818.645,10,True,1338415.4579999999,0.17955,0,,90.14794921875,91.05517578125,turing-3,0.13.4,,shortest__mamut-singapore-n126-k10-poi__seed__seed5__t302
shortest,mamut-singapore-n126-k10-poi,126,10,main,seed,6,302,302.021,125574,1337063.905,10,True,1338415.4579999999,-0.10098,0,,90.14794921875,91.05517578125,turing-3,0.13.4,,shortest__mamut-singapore-n126-k10-poi__seed__seed6__t302
shortest,mamut-singapore-n126-k10-poi,126,10,main,seed,7,302,302.025,177779,1337156.2359999998,10,True,1338415.4579999999,-0.09408,0,,90.14794921875,91.05517578125,turing-3,0.13.4,,shortest__mamut-singapore-n126-k10-poi__seed__seed7__t302
shortest,mamut-singapore-n126-k10-poi,126,10,main,seed,8,302,302.027,139944,1337365.115,10,True,1338415.4579999999,-0.07848,0,,90.14794921875,91.05517578125,turing-3,0.13.4,,shortest__mamut-singapore-n126-k10-poi__seed__seed8__t302
shortest,mamut-singapore-n126-k10-poi,126,10,main,seed,9,302,302.028,135000,1338415.458,10,True,1338415.4579999999,0.0,0,,90.1611328125,91.06005859375,turing-3,0.13.4,,shortest__mamut-singapore-n126-k10-poi__seed__seed9__t302
shortest,mamut-singapore-n126-k10-poi,126,10,main,seed,10,302,302.024,137328,1337063.905,10,True,1338415.4579999999,-0.10098,0,,90.06103515625,90.14794921875,turing-3,0.13.4,,shortest__mamut-singapore-n126-k10-poi__seed__seed10__t302
shortest,mamut-clermont_ferrand-n129-k9-poi,129,9,polish,polish,1143,618,618.009,198596,375424.1930000001,9,True,375756.73500000034,-0.0885,1,kept_existing,90.2216796875,90.17138671875,turing-3,0.13.4,shortest__mamut-clermont_ferrand-n129-k9-poi__seed__seed1__t309,shortest__mamut-clermont_ferrand-n129-k9-poi__polish__seed1143__t618
shortest,mamut-clermont_ferrand-n129-k9-poi,129,9,main,seed,1,309,309.033,108434,375424.1930000001,9,True,375756.73500000034,-0.0885,0,,90.06640625,90.14794921875,turing-3,0.13.4,,shortest__mamut-clermont_ferrand-n129-k9-poi__seed__seed1__t309
shortest,mamut-clermont_ferrand-n129-k9-poi,129,9,main,seed,2,309,309.027,105604,375739.8530000001,9,True,375756.73500000034,-0.00449,0,,90.06640625,90.14794921875,turing-3,0.13.4,,shortest__mamut-clermont_ferrand-n129-k9-poi__seed__seed2__t309
shortest,mamut-clermont_ferrand-n129-k9-poi,129,9,main,seed,3,309,309.028,100195,376214.506,9,True,375756.73500000034,0.12183,0,,90.06103515625,90.14794921875,turing-3,0.13.4,,shortest__mamut-clermont_ferrand-n129-k9-poi__seed__seed3__t309
shortest,mamut-clermont_ferrand-n129-k9-poi,129,9,main,seed,4,309,309.021,106933,375739.85300000006,9,True,375756.73500000034,-0.00449,0,,90.06103515625,90.14794921875,turing-3,0.13.4,,shortest__mamut-clermont_ferrand-n129-k9-poi__seed__seed4__t309
shortest,mamut-clermont_ferrand-n129-k9-poi,129,9,main,seed,5,309,309.024,103230,375726.58000000013,9,True,375756.73500000034,-0.00803,0,,90.06103515625,90.14794921875,turing-3,0.13.4,,shortest__mamut-clermont_ferrand-n129-k9-poi__seed__seed5__t309
shortest,mamut-clermont_ferrand-n129-k9-poi,129,9,main,seed,6,309,309.027,122385,375576.58800000016,9,True,375756.73500000034,-0.04794,0,,90.06103515625,90.14794921875,turing-3,0.13.4,,shortest__mamut-clermont_ferrand-n129-k9-poi__seed__seed6__t309
shortest,mamut-clermont_ferrand-n129-k9-poi,129,9,main,seed,7,309,309.025,98327,375506.14699999994,9,True,375756.73500000034,-0.06669,0,,90.06103515625,90.14794921875,turing-3,0.13.4,,shortest__mamut-clermont_ferrand-n129-k9-poi__seed__seed7__t309
shortest,mamut-clermont_ferrand-n129-k9-poi,129,9,main,seed,8,309,309.027,160229,375796.6970000002,9,True,375756.73500000034,0.01064,0,,90.06103515625,90.14794921875,turing-3,0.13.4,,shortest__mamut-clermont_ferrand-n129-k9-poi__seed__seed8__t309
shortest,mamut-clermont_ferrand-n129-k9-poi,129,9,main,seed,9,309,309.032,92756,375569.505,9,True,375756.73500000034,-0.04983,0,,90.06103515625,90.21630859375,turing-3,0.13.4,,shortest__mamut-clermont_ferrand-n129-k9-poi__seed__seed9__t309
shortest,mamut-clermont_ferrand-n129-k9-poi,129,9,main,seed,10,309,309.031,189226,375705.5919999999,9,True,375756.73500000034,-0.01361,0,,90.06640625,90.14794921875,turing-3,0.13.4,,shortest__mamut-clermont_ferrand-n129-k9-poi__seed__seed10__t309
shortest,mamut-perpignan-n132-k9-poi,132,9,polish,polish,1188,632,632.015,225389,340619.5189999997,9,True,340619.519,-0.0,1,kept_existing,90.2626953125,89.6767578125,turing-3,0.13.4,shortest__mamut-perpignan-n132-k9-poi__seed__seed1__t316,shortest__mamut-perpignan-n132-k9-poi__polish__seed1188__t632
shortest,mamut-perpignan-n132-k9-poi,132,9,main,seed,1,316,316.028,97110,340619.5189999997,9,True,340619.519,-0.0,0,,90.072265625,90.14794921875,turing-3,0.13.4,,shortest__mamut-perpignan-n132-k9-poi__seed__seed1__t316
shortest,mamut-perpignan-n132-k9-poi,132,9,main,seed,2,316,316.025,93785,340834.9149999999,9,True,340619.519,0.06324,0,,90.072265625,90.14794921875,turing-3,0.13.4,,shortest__mamut-perpignan-n132-k9-poi__seed__seed2__t316
shortest,mamut-perpignan-n132-k9-poi,132,9,main,seed,3,316,316.031,134613,341501.7649999999,9,True,340619.519,0.25901,0,,90.072265625,90.14794921875,turing-3,0.13.4,,shortest__mamut-perpignan-n132-k9-poi__seed__seed3__t316
shortest,mamut-perpignan-n132-k9-poi,132,9,main,seed,4,316,316.036,102279,341797.7900000001,9,True,340619.519,0.34592,0,,90.072265625,90.14794921875,turing-3,0.13.4,,shortest__mamut-perpignan-n132-k9-poi__seed__seed4__t316
shortest,mamut-perpignan-n132-k9-poi,132,9,main,seed,5,316,316.028,108658,340829.9389999999,9,True,340619.519,0.06178,0,,90.072265625,90.14794921875,turing-3,0.13.4,,shortest__mamut-perpignan-n132-k9-poi__seed__seed5__t316
shortest,mamut-perpignan-n132-k9-poi,132,9,main,seed,6,316,316.028,123326,341797.7899999999,9,True,340619.519,0.34592,0,,90.072265625,90.14794921875,turing-3,0.13.4,,shortest__mamut-perpignan-n132-k9-poi__seed__seed6__t316
shortest,mamut-perpignan-n132-k9-poi,132,9,main,seed,7,316,316.021,93649,340619.51900000015,9,True,340619.519,0.0,0,,90.072265625,90.14794921875,turing-3,0.13.4,,shortest__mamut-perpignan-n132-k9-poi__seed__seed7__t316
shortest,mamut-perpignan-n132-k9-poi,132,9,main,seed,8,316,316.026,165839,341797.79,9,True,340619.519,0.34592,0,,90.072265625,90.14794921875,turing-3,0.13.4,,shortest__mamut-perpignan-n132-k9-poi__seed__seed8__t316
shortest,mamut-perpignan-n132-k9-poi,132,9,main,seed,9,316,316.029,97543,340619.51900000015,9,True,340619.519,0.0,0,,90.072265625,90.14794921875,turing-3,0.13.4,,shortest__mamut-perpignan-n132-k9-poi__seed__seed9__t316
shortest,mamut-perpignan-n132-k9-poi,132,9,main,seed,10,316,316.025,94954,341797.79,9,True,340619.519,0.34592,0,,90.072265625,90.14794921875,turing-3,0.13.4,,shortest__mamut-perpignan-n132-k9-poi__seed__seed10__t316
shortest,mamut-metz-n135-k10-poi,135,10,polish,polish,1170,648,648.007,261654,226933.96799999985,10,True,228099.75000000006,-0.51108,1,kept_existing,90.2626953125,85.98974609375,turing-3,0.13.4,shortest__mamut-metz-n135-k10-poi__seed__seed6__t324,shortest__mamut-metz-n135-k10-poi__polish__seed1170__t648
shortest,mamut-metz-n135-k10-poi,135,10,main,seed,1,324,324.03,116061,227698.6299999999,10,True,228099.75000000006,-0.17585,0,,90.30078125,90.072265625,turing-3,0.13.4,,shortest__mamut-metz-n135-k10-poi__seed__seed1__t324
shortest,mamut-metz-n135-k10-poi,135,10,main,seed,2,324,324.028,129063,228020.92500000005,10,True,228099.75000000006,-0.03456,0,,90.30078125,90.072265625,turing-3,0.13.4,,shortest__mamut-metz-n135-k10-poi__seed__seed2__t324
shortest,mamut-metz-n135-k10-poi,135,10,main,seed,3,324,324.033,117557,227342.8009999999,10,True,228099.75000000006,-0.33185,0,,90.43701171875,90.06640625,turing-3,0.13.4,,shortest__mamut-metz-n135-k10-poi__seed__seed3__t324
shortest,mamut-metz-n135-k10-poi,135,10,main,seed,4,324,324.027,112179,228119.65399999995,10,True,228099.75000000006,0.00873,0,,90.07861328125,90.21630859375,turing-3,0.13.4,,shortest__mamut-metz-n135-k10-poi__seed__seed4__t324
shortest,mamut-metz-n135-k10-poi,135,10,main,seed,5,324,324.027,119458,227845.86,10,True,228099.75000000006,-0.11131,0,,90.072265625,90.19873046875,turing-3,0.13.4,,shortest__mamut-metz-n135-k10-poi__seed__seed5__t324
shortest,mamut-metz-n135-k10-poi,135,10,main,seed,6,324,324.023,126704,226933.96799999985,10,True,228099.75000000006,-0.51108,0,,90.072265625,90.19873046875,turing-3,0.13.4,,shortest__mamut-metz-n135-k10-poi__seed__seed6__t324
shortest,mamut-metz-n135-k10-poi,135,10,main,seed,7,324,324.025,190304,227352.929,10,True,228099.75000000006,-0.32741,0,,90.072265625,90.19873046875,turing-3,0.13.4,,shortest__mamut-metz-n135-k10-poi__seed__seed7__t324
shortest,mamut-metz-n135-k10-poi,135,10,main,seed,8,324,324.029,117778,228214.4469999998,10,True,228099.75000000006,0.05028,0,,90.07861328125,90.21630859375,turing-3,0.13.4,,shortest__mamut-metz-n135-k10-poi__seed__seed8__t324
shortest,mamut-metz-n135-k10-poi,135,10,main,seed,9,324,324.026,136531,228148.32399999996,10,True,228099.75000000006,0.0213,0,,90.07861328125,90.21630859375,turing-3,0.13.4,,shortest__mamut-metz-n135-k10-poi__seed__seed9__t324
shortest,mamut-metz-n135-k10-poi,135,10,main,seed,10,324,324.026,117452,227188.992,10,True,228099.75000000006,-0.39928,0,,90.30078125,90.072265625,turing-3,0.13.4,,shortest__mamut-metz-n135-k10-poi__seed__seed10__t324
shortest,mamut-reykjavik-n138-k10-poi,138,10,polish,polish,1194,662,662.013,370430,317416.6699999998,10,True,317416.6699999999,-0.0,1,kept_existing,90.28564453125,84.869140625,turing-3,0.13.4,shortest__mamut-reykjavik-n138-k10-poi__seed__seed3__t331,shortest__mamut-reykjavik-n138-k10-poi__polish__seed1194__t662
shortest,mamut-reykjavik-n138-k10-poi,138,10,main,seed,1,331,331.02,293347,317416.67000000016,10,True,317416.6699999999,0.0,0,,90.3271484375,90.072265625,turing-3,0.13.4,,shortest__mamut-reykjavik-n138-k10-poi__seed__seed1__t331
shortest,mamut-reykjavik-n138-k10-poi,138,10,main,seed,2,331,331.023,179639,317425.4359999998,10,True,317416.6699999999,0.00276,0,,90.3271484375,90.072265625,turing-3,0.13.4,,shortest__mamut-reykjavik-n138-k10-poi__seed__seed2__t331
shortest,mamut-reykjavik-n138-k10-poi,138,10,main,seed,3,331,331.025,180505,317416.6699999998,10,True,317416.6699999999,-0.0,0,,90.3271484375,90.072265625,turing-3,0.13.4,,shortest__mamut-reykjavik-n138-k10-poi__seed__seed3__t331
shortest,mamut-reykjavik-n138-k10-poi,138,10,main,seed,4,331,331.025,180657,317425.4360000001,10,True,317416.6699999999,0.00276,0,,90.3271484375,90.072265625,turing-3,0.13.4,,shortest__mamut-reykjavik-n138-k10-poi__seed__seed4__t331
shortest,mamut-reykjavik-n138-k10-poi,138,10,main,seed,5,331,331.014,323136,317416.67000000004,10,True,317416.6699999999,0.0,0,,90.3271484375,90.072265625,turing-3,0.13.4,,shortest__mamut-reykjavik-n138-k10-poi__seed__seed5__t331
shortest,mamut-reykjavik-n138-k10-poi,138,10,main,seed,6,331,331.03,266743,318209.13899999997,10,True,317416.6699999999,0.24966,0,,90.3271484375,90.072265625,turing-3,0.13.4,,shortest__mamut-reykjavik-n138-k10-poi__seed__seed6__t331
shortest,mamut-reykjavik-n138-k10-poi,138,10,main,seed,7,331,331.03,183033,317425.436,10,True,317416.6699999999,0.00276,0,,90.3271484375,90.072265625,turing-3,0.13.4,,shortest__mamut-reykjavik-n138-k10-poi__seed__seed7__t331
shortest,mamut-reykjavik-n138-k10-poi,138,10,main,seed,8,331,331.026,180161,317425.436,10,True,317416.6699999999,0.00276,0,,90.3271484375,90.072265625,turing-3,0.13.4,,shortest__mamut-reykjavik-n138-k10-poi__seed__seed8__t331
shortest,mamut-reykjavik-n138-k10-poi,138,10,main,seed,9,331,331.024,278349,317416.67000000016,10,True,317416.6699999999,0.0,0,,90.3271484375,90.072265625,turing-3,0.13.4,,shortest__mamut-reykjavik-n138-k10-poi__seed__seed9__t331
shortest,mamut-reykjavik-n138-k10-poi,138,10,main,seed,10,331,331.025,179677,317425.43599999987,10,True,317416.6699999999,0.00276,0,,90.3271484375,90.072265625,turing-3,0.13.4,,shortest__mamut-reykjavik-n138-k10-poi__seed__seed10__t331
shortest,mamut-new_york-n142-k9-hyb,142,9,polish,polish,1180,680,680.008,408591,940859.7759999993,10,True,940859.7759999995,-0.0,1,kept_existing,90.31103515625,80.95947265625,turing-3,0.13.4,shortest__mamut-new_york-n142-k9-hyb__seed__seed7__t340,shortest__mamut-new_york-n142-k9-hyb__polish__seed1180__t680
shortest,mamut-new_york-n142-k9-hyb,142,9,main,seed,1,340,340.024,295863,944019.5089999991,10,True,940859.7759999995,0.33583,0,,90.3271484375,90.06103515625,turing-3,0.13.4,,shortest__mamut-new_york-n142-k9-hyb__seed__seed1__t340
shortest,mamut-new_york-n142-k9-hyb,142,9,main,seed,2,340,340.025,265873,940859.7760000001,10,True,940859.7759999995,0.0,0,,90.3271484375,90.06103515625,turing-3,0.13.4,,shortest__mamut-new_york-n142-k9-hyb__seed__seed2__t340
shortest,mamut-new_york-n142-k9-hyb,142,9,main,seed,3,340,340.027,259653,944019.5089999998,10,True,940859.7759999995,0.33583,0,,90.3271484375,90.06103515625,turing-3,0.13.4,,shortest__mamut-new_york-n142-k9-hyb__seed__seed3__t340
shortest,mamut-new_york-n142-k9-hyb,142,9,main,seed,4,340,340.025,184781,940859.7759999996,10,True,940859.7759999995,0.0,0,,90.3271484375,90.06103515625,turing-3,0.13.4,,shortest__mamut-new_york-n142-k9-hyb__seed__seed4__t340
shortest,mamut-new_york-n142-k9-hyb,142,9,main,seed,5,340,340.023,217556,940859.7760000001,10,True,940859.7759999995,0.0,0,,90.3271484375,90.06103515625,turing-3,0.13.4,,shortest__mamut-new_york-n142-k9-hyb__seed__seed5__t340
shortest,mamut-new_york-n142-k9-hyb,142,9,main,seed,6,340,340.026,189489,941601.9439999998,10,True,940859.7759999995,0.07888,0,,90.3271484375,90.06103515625,turing-3,0.13.4,,shortest__mamut-new_york-n142-k9-hyb__seed__seed6__t340
shortest,mamut-new_york-n142-k9-hyb,142,9,main,seed,7,340,340.025,234628,940859.7759999993,10,True,940859.7759999995,-0.0,0,,90.3271484375,90.06103515625,turing-3,0.13.4,,shortest__mamut-new_york-n142-k9-hyb__seed__seed7__t340
shortest,mamut-new_york-n142-k9-hyb,142,9,main,seed,8,340,340.027,162456,945513.1749999997,10,True,940859.7759999995,0.49459,0,,90.3271484375,90.06103515625,turing-3,0.13.4,,shortest__mamut-new_york-n142-k9-hyb__seed__seed8__t340
shortest,mamut-new_york-n142-k9-hyb,142,9,main,seed,9,340,340.018,174120,944019.5090000001,10,True,940859.7759999995,0.33583,0,,90.3271484375,90.06103515625,turing-3,0.13.4,,shortest__mamut-new_york-n142-k9-hyb__seed__seed9__t340
shortest,mamut-new_york-n142-k9-hyb,142,9,main,seed,10,340,340.027,312372,940859.7759999995,10,True,940859.7759999995,0.0,0,,90.3271484375,90.06103515625,turing-3,0.13.4,,shortest__mamut-new_york-n142-k9-hyb__seed__seed10__t340
shortest,mamut-berlin-n145-k11-hyb,145,11,polish,polish,1125,696,696.013,424104,737562.7269999997,11,True,737562.727,-0.0,1,kept_existing,90.33837890625,76.74658203125,turing-3,0.13.4,shortest__mamut-berlin-n145-k11-hyb__seed__seed5__t348,shortest__mamut-berlin-n145-k11-hyb__polish__seed1125__t696
shortest,mamut-berlin-n145-k11-hyb,145,11,main,seed,1,348,348.017,269426,737562.7270000001,11,True,737562.727,0.0,0,,90.5244140625,90.3271484375,turing-3,0.13.4,,shortest__mamut-berlin-n145-k11-hyb__seed__seed1__t348
shortest,mamut-berlin-n145-k11-hyb,145,11,main,seed,2,348,348.029,188271,738560.2780000003,11,True,737562.727,0.13525,0,,90.5244140625,90.3271484375,turing-3,0.13.4,,shortest__mamut-berlin-n145-k11-hyb__seed__seed2__t348
shortest,mamut-berlin-n145-k11-hyb,145,11,main,seed,3,348,348.03,185599,737562.727,11,True,737562.727,0.0,0,,90.5244140625,90.3271484375,turing-3,0.13.4,,shortest__mamut-berlin-n145-k11-hyb__seed__seed3__t348
shortest,mamut-berlin-n145-k11-hyb,145,11,main,seed,4,348,348.024,170418,737562.7269999998,11,True,737562.727,-0.0,0,,90.26806640625,90.13623046875,turing-3,0.13.4,,shortest__mamut-berlin-n145-k11-hyb__seed__seed4__t348
shortest,mamut-berlin-n145-k11-hyb,145,11,main,seed,5,348,348.028,163440,737562.7269999997,11,True,737562.727,-0.0,0,,90.29150390625,90.06103515625,turing-3,0.13.4,,shortest__mamut-berlin-n145-k11-hyb__seed__seed5__t348
shortest,mamut-berlin-n145-k11-hyb,145,11,main,seed,6,348,348.026,163952,737562.7270000002,11,True,737562.727,0.0,0,,90.29150390625,90.13623046875,turing-3,0.13.4,,shortest__mamut-berlin-n145-k11-hyb__seed__seed6__t348
shortest,mamut-berlin-n145-k11-hyb,145,11,main,seed,7,348,348.019,249907,737562.7270000003,11,True,737562.727,0.0,0,,90.29150390625,90.06103515625,turing-3,0.13.4,,shortest__mamut-berlin-n145-k11-hyb__seed__seed7__t348
shortest,mamut-berlin-n145-k11-hyb,145,11,main,seed,8,348,348.031,163937,737562.7270000003,11,True,737562.727,0.0,0,,90.29150390625,90.06103515625,turing-3,0.13.4,,shortest__mamut-berlin-n145-k11-hyb__seed__seed8__t348
shortest,mamut-berlin-n145-k11-hyb,145,11,main,seed,9,348,348.032,161075,737562.7270000003,11,True,737562.727,0.0,0,,90.29150390625,90.06103515625,turing-3,0.13.4,,shortest__mamut-berlin-n145-k11-hyb__seed__seed9__t348
shortest,mamut-berlin-n145-k11-hyb,145,11,main,seed,10,348,348.031,168061,740705.3020000001,11,True,737562.727,0.42608,0,,90.5244140625,90.3271484375,turing-3,0.13.4,,shortest__mamut-berlin-n145-k11-hyb__seed__seed10__t348
shortest,mamut-le_mans-n148-k16-poi,148,16,pilot,long,101,1420,1420.021,330046,634026.3790000002,16,True,634466.7229999995,-0.0694,1,kept_existing,1.15380859375,90.30029296875,turing-3,0.13.4,,shortest__mamut-le_mans-n148-k16-poi__long__seed101__t1420
shortest,mamut-le_mans-n148-k16-poi,148,16,polish,polish,1157,710,710.011,143136,634026.3790000002,16,True,634466.7229999995,-0.0694,0,,90.33837890625,73.86376953125,turing-3,0.13.4,shortest__mamut-le_mans-n148-k16-poi__long__seed101__t1420,shortest__mamut-le_mans-n148-k16-poi__polish__seed1157__t710
shortest,mamut-le_mans-n148-k16-poi,148,16,pilot,seed,1,355,355.031,70067,634504.4110000002,16,True,634466.7229999995,0.00594,0,,90.2412109375,84.59912109375,turing-3,0.13.4,,shortest__mamut-le_mans-n148-k16-poi__seed__seed1__t355
shortest,mamut-le_mans-n148-k16-poi,148,16,pilot,seed,2,355,355.036,62578,636930.2999999997,16,True,634466.7229999995,0.38829,0,,90.2216796875,83.509765625,turing-3,0.13.4,,shortest__mamut-le_mans-n148-k16-poi__seed__seed2__t355
shortest,mamut-le_mans-n148-k16-poi,148,16,pilot,seed,3,355,355.032,75003,634446.9280000004,16,True,634466.7229999995,-0.00312,0,,90.2216796875,83.509765625,turing-3,0.13.4,,shortest__mamut-le_mans-n148-k16-poi__seed__seed3__t355
shortest,mamut-le_mans-n148-k16-poi,148,16,main,seed,4,355,355.025,67713,635075.4300000003,16,True,634466.7229999995,0.09594,0,,90.48291015625,90.3271484375,turing-3,0.13.4,,shortest__mamut-le_mans-n148-k16-poi__seed__seed4__t355
shortest,mamut-le_mans-n148-k16-poi,148,16,main,seed,5,355,355.019,69329,634045.3350000001,16,True,634466.7229999995,-0.06642,0,,90.48291015625,90.3271484375,turing-3,0.13.4,,shortest__mamut-le_mans-n148-k16-poi__seed__seed5__t355
shortest,mamut-le_mans-n148-k16-poi,148,16,main,seed,6,355,355.033,93834,636474.6630000002,16,True,634466.7229999995,0.31648,0,,90.48291015625,90.3271484375,turing-3,0.13.4,,shortest__mamut-le_mans-n148-k16-poi__seed__seed6__t355
shortest,mamut-le_mans-n148-k16-poi,148,16,main,seed,7,355,355.034,61562,636976.4409999999,16,True,634466.7229999995,0.39556,0,,90.48291015625,90.3271484375,turing-3,0.13.4,,shortest__mamut-le_mans-n148-k16-poi__seed__seed7__t355
shortest,mamut-le_mans-n148-k16-poi,148,16,main,seed,8,355,355.032,123686,635075.43,16,True,634466.7229999995,0.09594,0,,90.48291015625,90.3271484375,turing-3,0.13.4,,shortest__mamut-le_mans-n148-k16-poi__seed__seed8__t355
shortest,mamut-le_mans-n148-k16-poi,148,16,main,seed,9,355,355.025,96008,634126.328,16,True,634466.7229999995,-0.05365,0,,90.48291015625,90.3271484375,turing-3,0.13.4,,shortest__mamut-le_mans-n148-k16-poi__seed__seed9__t355
shortest,mamut-le_mans-n148-k16-poi,148,16,main,seed,10,355,355.03,59906,638308.9629999998,16,True,634466.7229999995,0.60559,0,,90.48291015625,90.3271484375,turing-3,0.13.4,,shortest__mamut-le_mans-n148-k16-poi__seed__seed10__t355
shortest,mamut-limoges-n152-k7-poi,152,7,polish,polish,1159,728,728.012,480068,189042.54299999992,7,True,189405.18599999996,-0.19146,1,kept_existing,90.33837890625,69.10009765625,turing-3,0.13.4,shortest__mamut-limoges-n152-k7-poi__seed__seed2__t364,shortest__mamut-limoges-n152-k7-poi__polish__seed1159__t728
shortest,mamut-limoges-n152-k7-poi,152,7,main,seed,1,364,364.033,365792,189349.295,7,True,189405.18599999996,-0.02951,0,,90.287109375,90.3271484375,turing-3,0.13.4,,shortest__mamut-limoges-n152-k7-poi__seed__seed1__t364
shortest,mamut-limoges-n152-k7-poi,152,7,main,seed,2,364,364.033,401438,189042.54299999992,7,True,189405.18599999996,-0.19146,0,,90.287109375,90.3271484375,turing-3,0.13.4,,shortest__mamut-limoges-n152-k7-poi__seed__seed2__t364
shortest,mamut-limoges-n152-k7-poi,152,7,main,seed,3,364,364.032,228636,189382.71200000006,7,True,189405.18599999996,-0.01187,0,,90.287109375,90.3271484375,turing-3,0.13.4,,shortest__mamut-limoges-n152-k7-poi__seed__seed3__t364
shortest,mamut-limoges-n152-k7-poi,152,7,main,seed,4,364,364.029,263172,189405.18600000002,7,True,189405.18599999996,0.0,0,,90.287109375,90.3271484375,turing-3,0.13.4,,shortest__mamut-limoges-n152-k7-poi__seed__seed4__t364
shortest,mamut-limoges-n152-k7-poi,152,7,main,seed,5,364,364.039,258162,189405.18599999996,7,True,189405.18599999996,0.0,0,,90.287109375,90.3271484375,turing-3,0.13.4,,shortest__mamut-limoges-n152-k7-poi__seed__seed5__t364
shortest,mamut-limoges-n152-k7-poi,152,7,main,seed,6,364,364.034,244414,189427.95899999992,7,True,189405.18599999996,0.01202,0,,90.287109375,90.3271484375,turing-3,0.13.4,,shortest__mamut-limoges-n152-k7-poi__seed__seed6__t364
shortest,mamut-limoges-n152-k7-poi,152,7,main,seed,7,364,364.029,284954,189349.29499999995,7,True,189405.18599999996,-0.02951,0,,90.287109375,90.3271484375,turing-3,0.13.4,,shortest__mamut-limoges-n152-k7-poi__seed__seed7__t364
shortest,mamut-limoges-n152-k7-poi,152,7,main,seed,8,364,364.02,221291,189042.54299999998,7,True,189405.18599999996,-0.19146,0,,90.287109375,90.3271484375,turing-3,0.13.4,,shortest__mamut-limoges-n152-k7-poi__seed__seed8__t364
shortest,mamut-limoges-n152-k7-poi,152,7,main,seed,9,364,364.031,302975,189405.18600000013,7,True,189405.18599999996,0.0,0,,90.287109375,90.3271484375,turing-3,0.13.4,,shortest__mamut-limoges-n152-k7-poi__seed__seed9__t364
shortest,mamut-limoges-n152-k7-poi,152,7,main,seed,10,364,364.031,387619,189042.54299999998,7,True,189405.18599999996,-0.19146,0,,90.287109375,90.3271484375,turing-3,0.13.4,,shortest__mamut-limoges-n152-k7-poi__seed__seed10__t364
shortest,mamut-amiens-n156-k7-poi,156,7,polish,polish,1113,748,748.013,335485,290897.429,7,True,291062.076,-0.05657,1,replaced,90.28076171875,64.0322265625,turing-3,0.13.4,shortest__mamut-amiens-n156-k7-poi__seed__seed7__t374,shortest__mamut-amiens-n156-k7-poi__polish__seed1113__t748
shortest,mamut-amiens-n156-k7-poi,156,7,main,seed,1,374,374.023,161484,291027.2900000001,7,True,291062.076,-0.01195,0,,90.3125,90.30078125,turing-3,0.13.4,,shortest__mamut-amiens-n156-k7-poi__seed__seed1__t374
shortest,mamut-amiens-n156-k7-poi,156,7,main,seed,2,374,374.028,232534,290952.71799999994,7,True,291062.076,-0.03757,0,,90.3125,90.30078125,turing-3,0.13.4,,shortest__mamut-amiens-n156-k7-poi__seed__seed2__t374
shortest,mamut-amiens-n156-k7-poi,156,7,main,seed,3,374,374.042,131505,290995.79000000004,7,True,291062.076,-0.02277,0,,90.3125,90.30078125,turing-3,0.13.4,,shortest__mamut-amiens-n156-k7-poi__seed__seed3__t374
shortest,mamut-amiens-n156-k7-poi,156,7,main,seed,4,374,374.03,131754,291015.341,7,True,291062.076,-0.01606,0,,90.3125,90.30078125,turing-3,0.13.4,,shortest__mamut-amiens-n156-k7-poi__seed__seed4__t374
shortest,mamut-amiens-n156-k7-poi,156,7,main,seed,5,374,374.036,192250,290916.047,7,True,291062.076,-0.05017,0,,90.3125,90.30078125,turing-3,0.13.4,,shortest__mamut-amiens-n156-k7-poi__seed__seed5__t374
shortest,mamut-amiens-n156-k7-poi,156,7,main,seed,6,374,374.036,191632,291044.506,7,True,291062.076,-0.00604,0,,90.3125,90.30078125,turing-3,0.13.4,,shortest__mamut-amiens-n156-k7-poi__seed__seed6__t374
shortest,mamut-amiens-n156-k7-poi,156,7,main,seed,7,374,374.037,143774,290905.737,7,True,291062.076,-0.05371,0,,90.287109375,90.30078125,turing-3,0.13.4,,shortest__mamut-amiens-n156-k7-poi__seed__seed7__t374
shortest,mamut-amiens-n156-k7-poi,156,7,main,seed,8,374,374.039,132030,290916.04600000003,7,True,291062.076,-0.05017,0,,90.287109375,90.30078125,turing-3,0.13.4,,shortest__mamut-amiens-n156-k7-poi__seed__seed8__t374
shortest,mamut-amiens-n156-k7-poi,156,7,main,seed,9,374,374.047,131210,290957.79600000015,7,True,291062.076,-0.03583,0,,90.287109375,90.43701171875,turing-3,0.13.4,,shortest__mamut-amiens-n156-k7-poi__seed__seed9__t374
shortest,mamut-amiens-n156-k7-poi,156,7,main,seed,10,374,374.044,212590,290991.32,7,True,291062.076,-0.02431,0,,90.3125,90.30078125,turing-3,0.13.4,,shortest__mamut-amiens-n156-k7-poi__seed__seed10__t374
shortest,mamut-los_angeles-n159-k9-hyb,159,9,polish,polish,1163,762,762.024,423464,878628.5249999998,9,True,878726.8760000002,-0.01119,1,kept_existing,90.43359375,90.28564453125,turing-3,0.13.4,shortest__mamut-los_angeles-n159-k9-hyb__seed__seed7__t381,shortest__mamut-los_angeles-n159-k9-hyb__polish__seed1163__t762
shortest,mamut-los_angeles-n159-k9-hyb,159,9,main,seed,1,381,381.038,210789,879682.7470000002,9,True,878726.8760000002,0.10878,0,,90.080078125,90.287109375,turing-3,0.13.4,,shortest__mamut-los_angeles-n159-k9-hyb__seed__seed1__t381
shortest,mamut-los_angeles-n159-k9-hyb,159,9,main,seed,2,381,381.028,305110,882743.9969999999,9,True,878726.8760000002,0.45715,0,,90.080078125,90.287109375,turing-3,0.13.4,,shortest__mamut-los_angeles-n159-k9-hyb__seed__seed2__t381
shortest,mamut-los_angeles-n159-k9-hyb,159,9,main,seed,3,381,381.029,335505,879265.975,9,True,878726.8760000002,0.06135,0,,90.080078125,90.287109375,turing-3,0.13.4,,shortest__mamut-los_angeles-n159-k9-hyb__seed__seed3__t381
shortest,mamut-los_angeles-n159-k9-hyb,159,9,main,seed,4,381,381.033,218244,878892.6529999999,9,True,878726.8760000002,0.01887,0,,90.080078125,90.287109375,turing-3,0.13.4,,shortest__mamut-los_angeles-n159-k9-hyb__seed__seed4__t381
shortest,mamut-los_angeles-n159-k9-hyb,159,9,main,seed,5,381,381.037,177076,882150.5159999997,9,True,878726.8760000002,0.38961,0,,90.080078125,90.287109375,turing-3,0.13.4,,shortest__mamut-los_angeles-n159-k9-hyb__seed__seed5__t381
shortest,mamut-los_angeles-n159-k9-hyb,159,9,main,seed,6,381,381.031,274334,879192.5080000004,9,True,878726.8760000002,0.05299,0,,90.080078125,90.287109375,turing-3,0.13.4,,shortest__mamut-los_angeles-n159-k9-hyb__seed__seed6__t381
shortest,mamut-los_angeles-n159-k9-hyb,159,9,main,seed,7,381,381.029,181445,878628.5249999998,9,True,878726.8760000002,-0.01119,0,,90.080078125,90.287109375,turing-3,0.13.4,,shortest__mamut-los_angeles-n159-k9-hyb__seed__seed7__t381
shortest,mamut-los_angeles-n159-k9-hyb,159,9,main,seed,8,381,381.031,245101,879192.5080000004,9,True,878726.8760000002,0.05299,0,,90.080078125,90.287109375,turing-3,0.13.4,,shortest__mamut-los_angeles-n159-k9-hyb__seed__seed8__t381
shortest,mamut-los_angeles-n159-k9-hyb,159,9,main,seed,9,381,381.029,216639,878628.525,9,True,878726.8760000002,-0.01119,0,,90.080078125,90.287109375,turing-3,0.13.4,,shortest__mamut-los_angeles-n159-k9-hyb__seed__seed9__t381
shortest,mamut-los_angeles-n159-k9-hyb,159,9,main,seed,10,381,381.019,212713,883821.6100000001,9,True,878726.8760000002,0.57979,0,,90.080078125,90.287109375,turing-3,0.13.4,,shortest__mamut-los_angeles-n159-k9-hyb__seed__seed10__t381
shortest,mamut-le_havre-n163-k7-par,163,7,polish,polish,1156,782,782.015,599297,125432.06699999995,7,True,125698.41100000001,-0.21189,1,kept_existing,90.55517578125,90.28076171875,turing-3,0.13.4,shortest__mamut-le_havre-n163-k7-par__seed__seed8__t391,shortest__mamut-le_havre-n163-k7-par__polish__seed1156__t782
shortest,mamut-le_havre-n163-k7-par,163,7,main,seed,1,391,391.038,367516,125698.41100000002,7,True,125698.41100000001,0.0,0,,90.08740234375,90.48291015625,turing-3,0.13.4,,shortest__mamut-le_havre-n163-k7-par__seed__seed1__t391
shortest,mamut-le_havre-n163-k7-par,163,7,main,seed,2,391,391.018,252864,126108.28199999995,7,True,125698.41100000001,0.32607,0,,90.08740234375,90.48291015625,turing-3,0.13.4,,shortest__mamut-le_havre-n163-k7-par__seed__seed2__t391
shortest,mamut-le_havre-n163-k7-par,163,7,main,seed,3,391,391.022,238033,126136.31899999994,7,True,125698.41100000001,0.34838,0,,90.08740234375,90.48291015625,turing-3,0.13.4,,shortest__mamut-le_havre-n163-k7-par__seed__seed3__t391
shortest,mamut-le_havre-n163-k7-par,163,7,main,seed,4,391,391.016,253020,125704.46699999995,7,True,125698.41100000001,0.00482,0,,90.08740234375,90.48291015625,turing-3,0.13.4,,shortest__mamut-le_havre-n163-k7-par__seed__seed4__t391
shortest,mamut-le_havre-n163-k7-par,163,7,main,seed,5,391,391.028,309404,125945.62700000005,7,True,125698.41100000001,0.19667,0,,90.08740234375,90.48291015625,turing-3,0.13.4,,shortest__mamut-le_havre-n163-k7-par__seed__seed5__t391
shortest,mamut-le_havre-n163-k7-par,163,7,main,seed,6,391,391.026,284281,126317.02699999997,7,True,125698.41100000001,0.49214,0,,90.08740234375,90.48291015625,turing-3,0.13.4,,shortest__mamut-le_havre-n163-k7-par__seed__seed6__t391
shortest,mamut-le_havre-n163-k7-par,163,7,main,seed,7,391,391.032,229672,126136.31899999996,7,True,125698.41100000001,0.34838,0,,90.08740234375,90.48291015625,turing-3,0.13.4,,shortest__mamut-le_havre-n163-k7-par__seed__seed7__t391
shortest,mamut-le_havre-n163-k7-par,163,7,main,seed,8,391,391.027,245888,125432.06699999995,7,True,125698.41100000001,-0.21189,0,,90.08740234375,90.48291015625,turing-3,0.13.4,,shortest__mamut-le_havre-n163-k7-par__seed__seed8__t391
shortest,mamut-le_havre-n163-k7-par,163,7,main,seed,9,391,391.031,397401,126129.47,7,True,125698.41100000001,0.34293,0,,90.08740234375,90.48291015625,turing-3,0.13.4,,shortest__mamut-le_havre-n163-k7-par__seed__seed9__t391
shortest,mamut-le_havre-n163-k7-par,163,7,main,seed,10,391,391.021,345540,125698.41100000001,7,True,125698.41100000001,0.0,0,,90.08740234375,90.48291015625,turing-3,0.13.4,,shortest__mamut-le_havre-n163-k7-par__seed__seed10__t391
shortest,mamut-brest-n167-k10-par,167,10,polish,polish,1132,800,800.01,423690,197308.97499999998,10,True,198148.359,-0.42361,1,kept_existing,90.56884765625,90.31103515625,turing-3,0.13.4,shortest__mamut-brest-n167-k10-par__seed__seed10__t400,shortest__mamut-brest-n167-k10-par__polish__seed1132__t800
shortest,mamut-brest-n167-k10-par,167,10,main,seed,1,400,400.029,215735,198541.02699999997,10,True,198148.359,0.19817,0,,90.08740234375,90.5244140625,turing-3,0.13.4,,shortest__mamut-brest-n167-k10-par__seed__seed1__t400
shortest,mamut-brest-n167-k10-par,167,10,main,seed,2,400,400.022,230579,198500.56100000002,10,True,198148.359,0.17775,0,,90.08740234375,90.5244140625,turing-3,0.13.4,,shortest__mamut-brest-n167-k10-par__seed__seed2__t400
shortest,mamut-brest-n167-k10-par,167,10,main,seed,3,400,400.031,251102,198257.47900000005,10,True,198148.359,0.05507,0,,90.08740234375,90.5244140625,turing-3,0.13.4,,shortest__mamut-brest-n167-k10-par__seed__seed3__t400
shortest,mamut-brest-n167-k10-par,167,10,main,seed,4,400,400.019,224505,197358.62100000004,10,True,198148.359,-0.39856,0,,90.08740234375,90.5244140625,turing-3,0.13.4,,shortest__mamut-brest-n167-k10-par__seed__seed4__t400
shortest,mamut-brest-n167-k10-par,167,10,main,seed,5,400,400.033,262756,197463.24799999996,10,True,198148.359,-0.34576,0,,90.08740234375,90.5244140625,turing-3,0.13.4,,shortest__mamut-brest-n167-k10-par__seed__seed5__t400
shortest,mamut-brest-n167-k10-par,167,10,main,seed,6,400,400.019,227981,198413.12000000005,10,True,198148.359,0.13362,0,,90.08740234375,90.5244140625,turing-3,0.13.4,,shortest__mamut-brest-n167-k10-par__seed__seed6__t400
shortest,mamut-brest-n167-k10-par,167,10,main,seed,7,400,400.029,295956,198428.7600000001,10,True,198148.359,0.14151,0,,90.08740234375,90.5244140625,turing-3,0.13.4,,shortest__mamut-brest-n167-k10-par__seed__seed7__t400
shortest,mamut-brest-n167-k10-par,167,10,main,seed,8,400,400.031,210926,198295.83000000013,10,True,198148.359,0.07442,0,,90.08740234375,90.5244140625,turing-3,0.13.4,,shortest__mamut-brest-n167-k10-par__seed__seed8__t400
shortest,mamut-brest-n167-k10-par,167,10,main,seed,9,400,400.033,199025,198426.84,10,True,198148.359,0.14054,0,,90.08740234375,90.5244140625,turing-3,0.13.4,,shortest__mamut-brest-n167-k10-par__seed__seed9__t400
shortest,mamut-brest-n167-k10-par,167,10,main,seed,10,400,400.022,280649,197308.97499999998,10,True,198148.359,-0.42361,0,,90.08740234375,90.5244140625,turing-3,0.13.4,,shortest__mamut-brest-n167-k10-par__seed__seed10__t400
shortest,mamut-paris-n171-k8-hyb,171,8,polish,polish,1186,820,820.012,512899,217499.89299999998,8,True,217499.89300000013,-0.0,1,kept_existing,90.20849609375,90.28076171875,turing-3,0.13.4,shortest__mamut-paris-n171-k8-hyb__seed__seed9__t410,shortest__mamut-paris-n171-k8-hyb__polish__seed1186__t820
shortest,mamut-paris-n171-k8-hyb,171,8,main,seed,1,410,410.032,255539,217790.44299999997,8,True,217499.89300000013,0.13359,0,,90.64208984375,90.080078125,turing-3,0.13.4,,shortest__mamut-paris-n171-k8-hyb__seed__seed1__t410
shortest,mamut-paris-n171-k8-hyb,171,8,main,seed,2,410,410.015,232378,217915.56900000008,8,True,217499.89300000013,0.19112,0,,90.64208984375,90.080078125,turing-3,0.13.4,,shortest__mamut-paris-n171-k8-hyb__seed__seed2__t410
shortest,mamut-paris-n171-k8-hyb,171,8,main,seed,3,410,410.028,326471,217684.83700000003,8,True,217499.89300000013,0.08503,0,,90.64208984375,90.080078125,turing-3,0.13.4,,shortest__mamut-paris-n171-k8-hyb__seed__seed3__t410
shortest,mamut-paris-n171-k8-hyb,171,8,main,seed,4,410,410.032,236027,217499.89300000016,8,True,217499.89300000013,0.0,0,,90.64208984375,90.080078125,turing-3,0.13.4,,shortest__mamut-paris-n171-k8-hyb__seed__seed4__t410
shortest,mamut-paris-n171-k8-hyb,171,8,main,seed,5,410,410.026,246860,217915.56900000002,8,True,217499.89300000013,0.19112,0,,90.64208984375,90.080078125,turing-3,0.13.4,,shortest__mamut-paris-n171-k8-hyb__seed__seed5__t410
shortest,mamut-paris-n171-k8-hyb,171,8,main,seed,6,410,410.028,310889,217499.89300000004,8,True,217499.89300000013,-0.0,0,,90.64208984375,90.080078125,turing-3,0.13.4,,shortest__mamut-paris-n171-k8-hyb__seed__seed6__t410
shortest,mamut-paris-n171-k8-hyb,171,8,main,seed,7,410,410.021,303616,218174.22400000005,8,True,217499.89300000013,0.31004,0,,90.64208984375,90.080078125,turing-3,0.13.4,,shortest__mamut-paris-n171-k8-hyb__seed__seed7__t410
shortest,mamut-paris-n171-k8-hyb,171,8,main,seed,8,410,410.035,348605,217684.83700000006,8,True,217499.89300000013,0.08503,0,,90.59033203125,90.0732421875,turing-3,0.13.4,,shortest__mamut-paris-n171-k8-hyb__seed__seed8__t410
shortest,mamut-paris-n171-k8-hyb,171,8,main,seed,9,410,410.033,376697,217499.89299999998,8,True,217499.89300000013,-0.0,0,,90.59033203125,90.0732421875,turing-3,0.13.4,,shortest__mamut-paris-n171-k8-hyb__seed__seed9__t410
shortest,mamut-paris-n171-k8-hyb,171,8,main,seed,10,410,410.034,240291,217915.56900000002,8,True,217499.89300000013,0.19112,0,,90.64208984375,90.080078125,turing-3,0.13.4,,shortest__mamut-paris-n171-k8-hyb__seed__seed10__t410
shortest,mamut-nimes-n175-k8-poi,175,8,polish,polish,1182,840,840.014,550358,283383.9660000001,8,True,283476.11000000004,-0.03251,1,kept_existing,90.26904296875,90.33837890625,turing-3,0.13.4,shortest__mamut-nimes-n175-k8-poi__seed__seed10__t420,shortest__mamut-nimes-n175-k8-poi__polish__seed1182__t840
shortest,mamut-nimes-n175-k8-poi,175,8,main,seed,1,420,420.034,321432,283383.96600000013,8,True,283476.11000000004,-0.03251,0,,90.64306640625,90.08740234375,turing-3,0.13.4,,shortest__mamut-nimes-n175-k8-poi__seed__seed1__t420
shortest,mamut-nimes-n175-k8-poi,175,8,main,seed,2,420,420.022,235962,283577.1040000001,8,True,283476.11000000004,0.03563,0,,90.64306640625,90.08740234375,turing-3,0.13.4,,shortest__mamut-nimes-n175-k8-poi__seed__seed2__t420
shortest,mamut-nimes-n175-k8-poi,175,8,main,seed,3,420,420.035,315626,283383.96600000013,8,True,283476.11000000004,-0.03251,0,,90.64306640625,90.08740234375,turing-3,0.13.4,,shortest__mamut-nimes-n175-k8-poi__seed__seed3__t420
shortest,mamut-nimes-n175-k8-poi,175,8,main,seed,4,420,420.033,227916,283466.2970000001,8,True,283476.11000000004,-0.00346,0,,90.64306640625,90.08740234375,turing-3,0.13.4,,shortest__mamut-nimes-n175-k8-poi__seed__seed4__t420
shortest,mamut-nimes-n175-k8-poi,175,8,main,seed,5,420,420.033,232776,283383.96600000025,8,True,283476.11000000004,-0.03251,0,,90.64306640625,90.08740234375,turing-3,0.13.4,,shortest__mamut-nimes-n175-k8-poi__seed__seed5__t420
shortest,mamut-nimes-n175-k8-poi,175,8,main,seed,6,420,420.041,234715,283516.96499999997,8,True,283476.11000000004,0.01441,0,,90.64306640625,90.08740234375,turing-3,0.13.4,,shortest__mamut-nimes-n175-k8-poi__seed__seed6__t420
shortest,mamut-nimes-n175-k8-poi,175,8,main,seed,7,420,420.026,260534,283452.3110000002,8,True,283476.11000000004,-0.0084,0,,90.64306640625,90.08740234375,turing-3,0.13.4,,shortest__mamut-nimes-n175-k8-poi__seed__seed7__t420
shortest,mamut-nimes-n175-k8-poi,175,8,main,seed,8,420,420.021,264940,283477.04000000004,8,True,283476.11000000004,0.00033,0,,90.64306640625,90.08740234375,turing-3,0.13.4,,shortest__mamut-nimes-n175-k8-poi__seed__seed8__t420
shortest,mamut-nimes-n175-k8-poi,175,8,main,seed,9,420,420.035,272506,283383.9660000001,8,True,283476.11000000004,-0.03251,0,,90.64306640625,90.08740234375,turing-3,0.13.4,,shortest__mamut-nimes-n175-k8-poi__seed__seed9__t420
shortest,mamut-nimes-n175-k8-poi,175,8,main,seed,10,420,420.05,230177,283383.9660000001,8,True,283476.11000000004,-0.03251,0,,90.64306640625,90.08740234375,turing-3,0.13.4,,shortest__mamut-nimes-n175-k8-poi__seed__seed10__t420
shortest,mamut-arles-n179-k11-par,179,11,polish,polish,1117,858,858.014,649151,727929.4199999999,11,True,729330.7519999997,-0.19214,1,kept_existing,90.24267578125,90.33837890625,turing-3,0.13.4,shortest__mamut-arles-n179-k11-par__seed__seed6__t429,shortest__mamut-arles-n179-k11-par__polish__seed1117__t858
shortest,mamut-arles-n179-k11-par,179,11,main,seed,1,429,429.029,291142,729378.0259999997,11,True,729330.7519999997,0.00648,0,,90.61181640625,90.080078125,turing-3,0.13.4,,shortest__mamut-arles-n179-k11-par__seed__seed1__t429
shortest,mamut-arles-n179-k11-par,179,11,main,seed,2,429,429.032,269007,728062.8280000001,11,True,729330.7519999997,-0.17385,0,,90.61181640625,90.080078125,turing-3,0.13.4,,shortest__mamut-arles-n179-k11-par__seed__seed2__t429
shortest,mamut-arles-n179-k11-par,179,11,main,seed,3,429,429.03,261457,727968.7009999997,11,True,729330.7519999997,-0.18675,0,,90.61181640625,90.080078125,turing-3,0.13.4,,shortest__mamut-arles-n179-k11-par__seed__seed3__t429
shortest,mamut-arles-n179-k11-par,179,11,main,seed,4,429,429.031,351943,729330.752,11,True,729330.7519999997,0.0,0,,90.61181640625,90.080078125,turing-3,0.13.4,,shortest__mamut-arles-n179-k11-par__seed__seed4__t429
shortest,mamut-arles-n179-k11-par,179,11,main,seed,5,429,429.037,265907,729330.7519999994,11,True,729330.7519999997,-0.0,0,,90.61181640625,90.080078125,turing-3,0.13.4,,shortest__mamut-arles-n179-k11-par__seed__seed5__t429
shortest,mamut-arles-n179-k11-par,179,11,main,seed,6,429,429.035,358958,727929.4199999999,11,True,729330.7519999997,-0.19214,0,,90.61181640625,90.080078125,turing-3,0.13.4,,shortest__mamut-arles-n179-k11-par__seed__seed6__t429
shortest,mamut-arles-n179-k11-par,179,11,main,seed,7,429,429.03,265973,728199.844,11,True,729330.7519999997,-0.15506,0,,90.64306640625,90.080078125,turing-3,0.13.4,,shortest__mamut-arles-n179-k11-par__seed__seed7__t429
shortest,mamut-arles-n179-k11-par,179,11,main,seed,8,429,429.036,265736,728617.7899999999,11,True,729330.7519999997,-0.09776,0,,90.64306640625,90.080078125,turing-3,0.13.4,,shortest__mamut-arles-n179-k11-par__seed__seed8__t429
shortest,mamut-arles-n179-k11-par,179,11,main,seed,9,429,429.037,430079,728457.8489999998,11,True,729330.7519999997,-0.11969,0,,90.64306640625,90.080078125,turing-3,0.13.4,,shortest__mamut-arles-n179-k11-par__seed__seed9__t429
shortest,mamut-arles-n179-k11-par,179,11,main,seed,10,429,429.02,284079,727974.1259999998,11,True,729330.7519999997,-0.18601,0,,90.61181640625,90.080078125,turing-3,0.13.4,,shortest__mamut-arles-n179-k11-par__seed__seed10__t429
shortest,mamut-besancon-n183-k10-poi,183,10,polish,polish,1126,878,878.016,510676,258497.13100000002,10,True,259680.37800000008,-0.45566,1,kept_existing,90.28759765625,90.2626953125,turing-3,0.13.4,shortest__mamut-besancon-n183-k10-poi__seed__seed3__t439,shortest__mamut-besancon-n183-k10-poi__polish__seed1126__t878
shortest,mamut-besancon-n183-k10-poi,183,10,main,seed,1,439,439.035,418677,258876.847,10,True,259680.37800000008,-0.30943,0,,90.37939453125,90.59033203125,turing-3,0.13.4,,shortest__mamut-besancon-n183-k10-poi__seed__seed1__t439
shortest,mamut-besancon-n183-k10-poi,183,10,main,seed,2,439,439.034,240985,259842.38300000012,10,True,259680.37800000008,0.06239,0,,90.37939453125,90.59033203125,turing-3,0.13.4,,shortest__mamut-besancon-n183-k10-poi__seed__seed2__t439
shortest,mamut-besancon-n183-k10-poi,183,10,main,seed,3,439,439.033,361498,258497.13100000002,10,True,259680.37800000008,-0.45566,0,,90.37939453125,90.59033203125,turing-3,0.13.4,,shortest__mamut-besancon-n183-k10-poi__seed__seed3__t439
shortest,mamut-besancon-n183-k10-poi,183,10,main,seed,4,439,439.038,238503,260166.09200000003,10,True,259680.37800000008,0.18704,0,,90.37939453125,90.59033203125,turing-3,0.13.4,,shortest__mamut-besancon-n183-k10-poi__seed__seed4__t439
shortest,mamut-besancon-n183-k10-poi,183,10,main,seed,5,439,439.035,232776,259077.21699999995,10,True,259680.37800000008,-0.23227,0,,90.37939453125,90.59033203125,turing-3,0.13.4,,shortest__mamut-besancon-n183-k10-poi__seed__seed5__t439
shortest,mamut-besancon-n183-k10-poi,183,10,main,seed,6,439,439.036,240369,259056.73700000002,10,True,259680.37800000008,-0.24016,0,,90.37939453125,90.59033203125,turing-3,0.13.4,,shortest__mamut-besancon-n183-k10-poi__seed__seed6__t439
shortest,mamut-besancon-n183-k10-poi,183,10,main,seed,7,439,439.034,316442,259056.73899999997,10,True,259680.37800000008,-0.24016,0,,90.37939453125,90.59033203125,turing-3,0.13.4,,shortest__mamut-besancon-n183-k10-poi__seed__seed7__t439
shortest,mamut-besancon-n183-k10-poi,183,10,main,seed,8,439,439.034,237872,260440.74099999983,10,True,259680.37800000008,0.29281,0,,90.37939453125,90.54296875,turing-3,0.13.4,,shortest__mamut-besancon-n183-k10-poi__seed__seed8__t439
shortest,mamut-besancon-n183-k10-poi,183,10,main,seed,9,439,439.035,303840,259447.08300000004,10,True,259680.37800000008,-0.08984,0,,90.37939453125,90.54296875,turing-3,0.13.4,,shortest__mamut-besancon-n183-k10-poi__seed__seed9__t439
shortest,mamut-besancon-n183-k10-poi,183,10,main,seed,10,439,439.038,428421,259447.08300000004,10,True,259680.37800000008,-0.08984,0,,90.37939453125,90.54296875,turing-3,0.13.4,,shortest__mamut-besancon-n183-k10-poi__seed__seed10__t439
shortest,mamut-mexico_city-n187-k9-hyb,187,9,polish,polish,1171,896,896.017,562538,1041425.4809999993,9,True,1049468.3960000002,-0.76638,1,kept_existing,90.3701171875,90.2626953125,turing-3,0.13.4,shortest__mamut-mexico_city-n187-k9-hyb__seed__seed3__t448,shortest__mamut-mexico_city-n187-k9-hyb__polish__seed1171__t896
shortest,mamut-mexico_city-n187-k9-hyb,187,9,main,seed,1,448,448.037,263908,1041425.4809999999,9,True,1049468.3960000002,-0.76638,0,,90.45361328125,90.64306640625,turing-3,0.13.4,,shortest__mamut-mexico_city-n187-k9-hyb__seed__seed1__t448
shortest,mamut-mexico_city-n187-k9-hyb,187,9,main,seed,2,448,448.036,317294,1044983.8289999996,9,True,1049468.3960000002,-0.42732,0,,90.45361328125,90.64306640625,turing-3,0.13.4,,shortest__mamut-mexico_city-n187-k9-hyb__seed__seed2__t448
shortest,mamut-mexico_city-n187-k9-hyb,187,9,main,seed,3,448,448.035,248581,1041425.4809999993,9,True,1049468.3960000002,-0.76638,0,,90.45361328125,90.64306640625,turing-3,0.13.4,,shortest__mamut-mexico_city-n187-k9-hyb__seed__seed3__t448
shortest,mamut-mexico_city-n187-k9-hyb,187,9,main,seed,4,448,448.035,429355,1043613.8760000005,9,True,1049468.3960000002,-0.55786,0,,90.45361328125,90.64306640625,turing-3,0.13.4,,shortest__mamut-mexico_city-n187-k9-hyb__seed__seed4__t448
shortest,mamut-mexico_city-n187-k9-hyb,187,9,main,seed,5,448,448.023,285523,1044983.829,9,True,1049468.3960000002,-0.42732,0,,90.45361328125,90.64306640625,turing-3,0.13.4,,shortest__mamut-mexico_city-n187-k9-hyb__seed__seed5__t448
shortest,mamut-mexico_city-n187-k9-hyb,187,9,main,seed,6,448,448.038,258172,1043613.8760000003,9,True,1049468.3960000002,-0.55786,0,,90.45361328125,90.64306640625,turing-3,0.13.4,,shortest__mamut-mexico_city-n187-k9-hyb__seed__seed6__t448
shortest,mamut-mexico_city-n187-k9-hyb,187,9,main,seed,7,448,448.039,329761,1047513.907,9,True,1049468.3960000002,-0.18624,0,,90.45361328125,90.64306640625,turing-3,0.13.4,,shortest__mamut-mexico_city-n187-k9-hyb__seed__seed7__t448
shortest,mamut-mexico_city-n187-k9-hyb,187,9,main,seed,8,448,448.039,255732,1043613.8759999995,9,True,1049468.3960000002,-0.55786,0,,90.45361328125,90.64306640625,turing-3,0.13.4,,shortest__mamut-mexico_city-n187-k9-hyb__seed__seed8__t448
shortest,mamut-mexico_city-n187-k9-hyb,187,9,main,seed,9,448,448.035,254065,1045189.8280000001,9,True,1049468.3960000002,-0.40769,0,,90.45361328125,90.64306640625,turing-3,0.13.4,,shortest__mamut-mexico_city-n187-k9-hyb__seed__seed9__t448
shortest,mamut-mexico_city-n187-k9-hyb,187,9,main,seed,10,448,448.034,256091,1045189.8279999999,9,True,1049468.3960000002,-0.40769,0,,90.45361328125,90.64306640625,turing-3,0.13.4,,shortest__mamut-mexico_city-n187-k9-hyb__seed__seed10__t448
shortest,mamut-caen-n192-k64-poi,192,64,polish,polish,1136,920,920.033,500134,458233.54999999976,64,True,458233.54999999976,0.0,1,,90.09521484375,90.2216796875,turing-3,0.13.4,shortest__mamut-caen-n192-k64-poi__seed__seed9__t460,shortest__mamut-caen-n192-k64-poi__polish__seed1136__t920
shortest,mamut-caen-n192-k64-poi,192,64,main,seed,1,460,460.036,231821,458233.55000000005,64,True,458233.54999999976,0.0,0,,90.4931640625,90.6982421875,turing-3,0.13.4,,shortest__mamut-caen-n192-k64-poi__seed__seed1__t460
shortest,mamut-caen-n192-k64-poi,192,64,main,seed,2,460,460.042,214040,458233.5500000001,64,True,458233.54999999976,0.0,0,,90.4931640625,90.6982421875,turing-3,0.13.4,,shortest__mamut-caen-n192-k64-poi__seed__seed2__t460
shortest,mamut-caen-n192-k64-poi,192,64,main,seed,3,460,460.036,213455,458233.5500000001,64,True,458233.54999999976,0.0,0,,90.4931640625,90.6982421875,turing-3,0.13.4,,shortest__mamut-caen-n192-k64-poi__seed__seed3__t460
shortest,mamut-caen-n192-k64-poi,192,64,main,seed,4,460,460.042,209033,458233.5500000001,64,True,458233.54999999976,0.0,0,,90.4931640625,90.6982421875,turing-3,0.13.4,,shortest__mamut-caen-n192-k64-poi__seed__seed4__t460
shortest,mamut-caen-n192-k64-poi,192,64,main,seed,5,460,460.036,227257,458233.5500000003,64,True,458233.54999999976,0.0,0,,90.4931640625,90.6982421875,turing-3,0.13.4,,shortest__mamut-caen-n192-k64-poi__seed__seed5__t460
shortest,mamut-caen-n192-k64-poi,192,64,main,seed,6,460,460.049,209209,458233.54999999993,64,True,458233.54999999976,0.0,0,,90.4931640625,90.6982421875,turing-3,0.13.4,,shortest__mamut-caen-n192-k64-poi__seed__seed6__t460
shortest,mamut-caen-n192-k64-poi,192,64,main,seed,7,460,460.047,224871,458233.5500000002,64,True,458233.54999999976,0.0,0,,90.4931640625,90.6982421875,turing-3,0.13.4,,shortest__mamut-caen-n192-k64-poi__seed__seed7__t460
shortest,mamut-caen-n192-k64-poi,192,64,main,seed,8,460,460.046,208680,458233.5499999999,64,True,458233.54999999976,0.0,0,,90.4931640625,90.6982421875,turing-3,0.13.4,,shortest__mamut-caen-n192-k64-poi__seed__seed8__t460
shortest,mamut-caen-n192-k64-poi,192,64,main,seed,9,460,460.039,361892,458233.54999999976,64,True,458233.54999999976,0.0,0,,90.4931640625,90.6982421875,turing-3,0.13.4,,shortest__mamut-caen-n192-k64-poi__seed__seed9__t460
shortest,mamut-caen-n192-k64-poi,192,64,main,seed,10,460,460.043,360366,458233.5499999999,64,True,458233.54999999976,0.0,0,,90.4931640625,90.6982421875,turing-3,0.13.4,,shortest__mamut-caen-n192-k64-poi__seed__seed10__t460
shortest,mamut-toulon-n196-k60-poi,196,60,polish,polish,1211,940,940.025,576669,563233.2779999997,61,True,563233.2789999997,-0.0,1,replaced,90.123046875,90.20361328125,turing-3,0.13.4,bks:pyvrp-ils-v1:seed42,shortest__mamut-toulon-n196-k60-poi__polish__seed1211__t940
shortest,mamut-toulon-n196-k60-poi,196,60,main,seed,1,470,470.046,235511,563395.2649999995,61,True,563233.2789999997,0.02876,0,,90.11181640625,90.3486328125,turing-3,0.13.4,,shortest__mamut-toulon-n196-k60-poi__seed__seed1__t470
shortest,mamut-toulon-n196-k60-poi,196,60,main,seed,2,470,470.046,222142,563543.4439999999,62,True,563233.2789999997,0.05507,0,,90.11181640625,90.37939453125,turing-3,0.13.4,,shortest__mamut-toulon-n196-k60-poi__seed__seed2__t470
shortest,mamut-toulon-n196-k60-poi,196,60,main,seed,3,470,470.033,226014,563531.3230000006,61,True,563233.2789999997,0.05292,0,,90.11181640625,90.37939453125,turing-3,0.13.4,,shortest__mamut-toulon-n196-k60-poi__seed__seed3__t470
shortest,mamut-toulon-n196-k60-poi,196,60,main,seed,4,470,470.05,232810,563543.4430000001,62,True,563233.2789999997,0.05507,0,,90.11181640625,90.37939453125,turing-3,0.13.4,,shortest__mamut-toulon-n196-k60-poi__seed__seed4__t470
shortest,mamut-toulon-n196-k60-poi,196,60,main,seed,5,470,470.029,240614,563543.4440000001,62,True,563233.2789999997,0.05507,0,,90.11181640625,90.37939453125,turing-3,0.13.4,,shortest__mamut-toulon-n196-k60-poi__seed__seed5__t470
shortest,mamut-toulon-n196-k60-poi,196,60,main,seed,6,470,470.043,394934,563543.4440000004,62,True,563233.2789999997,0.05507,0,,90.11181640625,90.37939453125,turing-3,0.13.4,,shortest__mamut-toulon-n196-k60-poi__seed__seed6__t470
shortest,mamut-toulon-n196-k60-poi,196,60,main,seed,7,470,470.043,332440,563543.443,62,True,563233.2789999997,0.05507,0,,90.11181640625,90.37939453125,turing-3,0.13.4,,shortest__mamut-toulon-n196-k60-poi__seed__seed7__t470
shortest,mamut-toulon-n196-k60-poi,196,60,main,seed,8,470,470.04,235214,563282.7510000002,61,True,563233.2789999997,0.00878,0,,90.11181640625,90.37939453125,turing-3,0.13.4,,shortest__mamut-toulon-n196-k60-poi__seed__seed8__t470
shortest,mamut-toulon-n196-k60-poi,196,60,main,seed,9,470,470.044,230544,563543.4440000004,62,True,563233.2789999997,0.05507,0,,90.11181640625,90.37939453125,turing-3,0.13.4,,shortest__mamut-toulon-n196-k60-poi__seed__seed9__t470
shortest,mamut-toulon-n196-k60-poi,196,60,main,seed,10,470,470.039,224633,563543.4439999998,62,True,563233.2789999997,0.05507,0,,90.11181640625,90.37939453125,turing-3,0.13.4,,shortest__mamut-toulon-n196-k60-poi__seed__seed10__t470
shortest,mamut-orleans-n201-k62-poi,201,62,polish,polish,1183,964,964.016,552991,519044.9150000001,65,True,519107.397,-0.01204,1,replaced,90.13427734375,90.15771484375,turing-3,0.13.4,shortest__mamut-orleans-n201-k62-poi__seed__seed8__t482,shortest__mamut-orleans-n201-k62-poi__polish__seed1183__t964
shortest,mamut-orleans-n201-k62-poi,201,62,main,seed,1,482,482.036,226961,519245.20599999995,65,True,519107.397,0.02655,0,,90.240234375,90.4931640625,turing-3,0.13.4,,shortest__mamut-orleans-n201-k62-poi__seed__seed1__t482
shortest,mamut-orleans-n201-k62-poi,201,62,main,seed,2,482,482.042,254164,519143.924,65,True,519107.397,0.00704,0,,90.240234375,90.4931640625,turing-3,0.13.4,,shortest__mamut-orleans-n201-k62-poi__seed__seed2__t482
shortest,mamut-orleans-n201-k62-poi,201,62,main,seed,3,482,482.046,222903,519198.9470000001,65,True,519107.397,0.01764,0,,90.240234375,90.4931640625,turing-3,0.13.4,,shortest__mamut-orleans-n201-k62-poi__seed__seed3__t482
shortest,mamut-orleans-n201-k62-poi,201,62,main,seed,4,482,482.044,215280,519317.992,65,True,519107.397,0.04057,0,,90.240234375,90.4931640625,turing-3,0.13.4,,shortest__mamut-orleans-n201-k62-poi__seed__seed4__t482
shortest,mamut-orleans-n201-k62-poi,201,62,main,seed,5,482,482.038,289089,519198.94700000045,65,True,519107.397,0.01764,0,,90.240234375,90.4931640625,turing-3,0.13.4,,shortest__mamut-orleans-n201-k62-poi__seed__seed5__t482
shortest,mamut-orleans-n201-k62-poi,201,62,main,seed,6,482,482.043,189820,519098.4840000002,65,True,519107.397,-0.00172,0,,90.240234375,90.4931640625,turing-3,0.13.4,,shortest__mamut-orleans-n201-k62-poi__seed__seed6__t482
shortest,mamut-orleans-n201-k62-poi,201,62,main,seed,7,482,482.044,253997,519145.788,65,True,519107.397,0.0074,0,,90.240234375,90.4931640625,turing-3,0.13.4,,shortest__mamut-orleans-n201-k62-poi__seed__seed7__t482
shortest,mamut-orleans-n201-k62-poi,201,62,main,seed,8,482,482.04,202181,519090.76499999996,65,True,519107.397,-0.0032,0,,90.240234375,90.45361328125,turing-3,0.13.4,,shortest__mamut-orleans-n201-k62-poi__seed__seed8__t482
shortest,mamut-orleans-n201-k62-poi,201,62,main,seed,9,482,482.043,317519,519204.583,65,True,519107.397,0.01872,0,,90.240234375,90.45361328125,turing-3,0.13.4,,shortest__mamut-orleans-n201-k62-poi__seed__seed9__t482
shortest,mamut-orleans-n201-k62-poi,201,62,main,seed,10,482,482.042,194928,519098.07499999995,65,True,519107.397,-0.0018,0,,90.240234375,90.4931640625,turing-3,0.13.4,,shortest__mamut-orleans-n201-k62-poi__seed__seed10__t482
shortest,mamut-luxembourg-n206-k65-poi,206,65,polish,polish,1164,988,988.024,451514,2235320.0579999983,66,True,2238057.7689999994,-0.12233,1,replaced,90.173828125,90.13330078125,turing-3,0.13.4,shortest__mamut-luxembourg-n206-k65-poi__seed__seed3__t494,shortest__mamut-luxembourg-n206-k65-poi__polish__seed1164__t988
shortest,mamut-luxembourg-n206-k65-poi,206,65,main,seed,1,494,494.041,142324,2239541.508999999,66,True,2238057.7689999994,0.0663,0,,90.2841796875,90.45361328125,turing-3,0.13.4,,shortest__mamut-luxembourg-n206-k65-poi__seed__seed1__t494
shortest,mamut-luxembourg-n206-k65-poi,206,65,main,seed,2,494,494.037,139662,2236401.316999999,66,True,2238057.7689999994,-0.07401,0,,90.2841796875,90.45361328125,turing-3,0.13.4,,shortest__mamut-luxembourg-n206-k65-poi__seed__seed2__t494
shortest,mamut-luxembourg-n206-k65-poi,206,65,main,seed,3,494,494.04,135210,2235873.0919999997,66,True,2238057.7689999994,-0.09761,0,,90.2841796875,90.45361328125,turing-3,0.13.4,,shortest__mamut-luxembourg-n206-k65-poi__seed__seed3__t494
shortest,mamut-luxembourg-n206-k65-poi,206,65,main,seed,4,494,494.042,127762,2239694.6979999994,66,True,2238057.7689999994,0.07314,0,,90.2841796875,90.45361328125,turing-3,0.13.4,,shortest__mamut-luxembourg-n206-k65-poi__seed__seed4__t494
shortest,mamut-luxembourg-n206-k65-poi,206,65,main,seed,5,494,494.037,135659,2236266.748999999,66,True,2238057.7689999994,-0.08003,0,,90.2841796875,90.45361328125,turing-3,0.13.4,,shortest__mamut-luxembourg-n206-k65-poi__seed__seed5__t494
shortest,mamut-luxembourg-n206-k65-poi,206,65,main,seed,6,494,494.042,138075,2238612.252000001,66,True,2238057.7689999994,0.02478,0,,90.2841796875,90.45361328125,turing-3,0.13.4,,shortest__mamut-luxembourg-n206-k65-poi__seed__seed6__t494
shortest,mamut-luxembourg-n206-k65-poi,206,65,main,seed,7,494,494.039,219991,2238597.910999999,66,True,2238057.7689999994,0.02413,0,,90.2841796875,90.45361328125,turing-3,0.13.4,,shortest__mamut-luxembourg-n206-k65-poi__seed__seed7__t494
shortest,mamut-luxembourg-n206-k65-poi,206,65,main,seed,8,494,494.037,142253,2237728.721999999,66,True,2238057.7689999994,-0.0147,0,,90.26123046875,90.45361328125,turing-3,0.13.4,,shortest__mamut-luxembourg-n206-k65-poi__seed__seed8__t494
shortest,mamut-luxembourg-n206-k65-poi,206,65,main,seed,9,494,494.042,217079,2244672.245999999,66,True,2238057.7689999994,0.29555,0,,90.26123046875,90.57763671875,turing-3,0.13.4,,shortest__mamut-luxembourg-n206-k65-poi__seed__seed9__t494
shortest,mamut-luxembourg-n206-k65-poi,206,65,main,seed,10,494,494.035,175718,2241171.464999999,66,True,2238057.7689999994,0.13912,0,,90.2841796875,90.45361328125,turing-3,0.13.4,,shortest__mamut-luxembourg-n206-k65-poi__seed__seed10__t494
shortest,mamut-lagos-n210-k66-poi,210,66,polish,polish,1155,1008,1008.027,483963,2804931.0309999986,66,True,2806762.745999999,-0.06526,1,kept_existing,90.18896484375,90.18359375,turing-3,0.13.4,shortest__mamut-lagos-n210-k66-poi__seed__seed8__t504,shortest__mamut-lagos-n210-k66-poi__polish__seed1155__t1008
shortest,mamut-lagos-n210-k66-poi,210,66,main,seed,1,504,504.039,191634,2804931.0310000004,66,True,2806762.745999999,-0.06526,0,,90.46240234375,90.18310546875,turing-3,0.13.4,,shortest__mamut-lagos-n210-k66-poi__seed__seed1__t504
shortest,mamut-lagos-n210-k66-poi,210,66,main,seed,2,504,504.041,197689,2804931.0310000014,66,True,2806762.745999999,-0.06526,0,,90.46240234375,90.18310546875,turing-3,0.13.4,,shortest__mamut-lagos-n210-k66-poi__seed__seed2__t504
shortest,mamut-lagos-n210-k66-poi,210,66,main,seed,3,504,504.05,233918,2804931.031000002,66,True,2806762.745999999,-0.06526,0,,90.46240234375,90.18310546875,turing-3,0.13.4,,shortest__mamut-lagos-n210-k66-poi__seed__seed3__t504
shortest,mamut-lagos-n210-k66-poi,210,66,main,seed,4,504,504.031,261269,2804931.031000001,66,True,2806762.745999999,-0.06526,0,,90.46240234375,90.18310546875,turing-3,0.13.4,,shortest__mamut-lagos-n210-k66-poi__seed__seed4__t504
shortest,mamut-lagos-n210-k66-poi,210,66,main,seed,5,504,504.044,191358,2804931.0310000014,66,True,2806762.745999999,-0.06526,0,,90.46240234375,90.18310546875,turing-3,0.13.4,,shortest__mamut-lagos-n210-k66-poi__seed__seed5__t504
shortest,mamut-lagos-n210-k66-poi,210,66,main,seed,6,504,504.037,251912,2804931.0309999995,66,True,2806762.745999999,-0.06526,0,,90.46240234375,90.18310546875,turing-3,0.13.4,,shortest__mamut-lagos-n210-k66-poi__seed__seed6__t504
shortest,mamut-lagos-n210-k66-poi,210,66,main,seed,7,504,504.043,191356,2804931.0310000004,66,True,2806762.745999999,-0.06526,0,,90.46240234375,90.16796875,turing-3,0.13.4,,shortest__mamut-lagos-n210-k66-poi__seed__seed7__t504
shortest,mamut-lagos-n210-k66-poi,210,66,main,seed,8,504,504.04,330844,2804931.0309999986,66,True,2806762.745999999,-0.06526,0,,90.46240234375,90.16796875,turing-3,0.13.4,,shortest__mamut-lagos-n210-k66-poi__seed__seed8__t504
shortest,mamut-lagos-n210-k66-poi,210,66,main,seed,9,504,504.041,238153,2805078.6960000023,66,True,2806762.745999999,-0.06,0,,90.46240234375,90.16796875,turing-3,0.13.4,,shortest__mamut-lagos-n210-k66-poi__seed__seed9__t504
shortest,mamut-lagos-n210-k66-poi,210,66,main,seed,10,504,504.04,289954,2804931.030999999,66,True,2806762.745999999,-0.06526,0,,90.46240234375,90.18310546875,turing-3,0.13.4,,shortest__mamut-lagos-n210-k66-poi__seed__seed10__t504
shortest,mamut-buenos_aires-n215-k53-hyb,215,53,polish,polish,1135,1032,1032.024,536462,1907993.900999999,55,True,1908547.0899999987,-0.02898,1,kept_existing,90.20556640625,90.564453125,turing-3,0.13.4,shortest__mamut-buenos_aires-n215-k53-hyb__seed__seed7__t516,shortest__mamut-buenos_aires-n215-k53-hyb__polish__seed1135__t1032
shortest,mamut-buenos_aires-n215-k53-hyb,215,53,main,seed,1,516,516.043,206408,1908798.452,55,True,1908547.0899999987,0.01317,0,,90.56689453125,90.240234375,turing-3,0.13.4,,shortest__mamut-buenos_aires-n215-k53-hyb__seed__seed1__t516
shortest,mamut-buenos_aires-n215-k53-hyb,215,53,main,seed,2,516,516.024,303167,1909528.942,55,True,1908547.0899999987,0.05144,0,,90.56689453125,90.240234375,turing-3,0.13.4,,shortest__mamut-buenos_aires-n215-k53-hyb__seed__seed2__t516
shortest,mamut-buenos_aires-n215-k53-hyb,215,53,main,seed,3,516,516.042,210518,1908635.375999999,55,True,1908547.0899999987,0.00463,0,,90.56689453125,90.240234375,turing-3,0.13.4,,shortest__mamut-buenos_aires-n215-k53-hyb__seed__seed3__t516
shortest,mamut-buenos_aires-n215-k53-hyb,215,53,main,seed,4,516,516.04,246074,1910043.5050000004,55,True,1908547.0899999987,0.07841,0,,90.56689453125,90.240234375,turing-3,0.13.4,,shortest__mamut-buenos_aires-n215-k53-hyb__seed__seed4__t516
shortest,mamut-buenos_aires-n215-k53-hyb,215,53,main,seed,5,516,516.039,304345,1908339.120999999,55,True,1908547.0899999987,-0.0109,0,,90.56689453125,90.240234375,turing-3,0.13.4,,shortest__mamut-buenos_aires-n215-k53-hyb__seed__seed5__t516
shortest,mamut-buenos_aires-n215-k53-hyb,215,53,main,seed,6,516,516.039,232765,1912173.4200000002,55,True,1908547.0899999987,0.19,0,,90.56689453125,90.240234375,turing-3,0.13.4,,shortest__mamut-buenos_aires-n215-k53-hyb__seed__seed6__t516
shortest,mamut-buenos_aires-n215-k53-hyb,215,53,main,seed,7,516,516.046,204519,1907993.900999999,55,True,1908547.0899999987,-0.02898,0,,90.56689453125,90.240234375,turing-3,0.13.4,,shortest__mamut-buenos_aires-n215-k53-hyb__seed__seed7__t516
shortest,mamut-buenos_aires-n215-k53-hyb,215,53,main,seed,8,516,516.04,276845,1908798.4520000007,55,True,1908547.0899999987,0.01317,0,,90.56689453125,90.240234375,turing-3,0.13.4,,shortest__mamut-buenos_aires-n215-k53-hyb__seed__seed8__t516
shortest,mamut-buenos_aires-n215-k53-hyb,215,53,main,seed,9,516,516.038,225463,1909076.4600000007,55,True,1908547.0899999987,0.02774,0,,90.56689453125,90.240234375,turing-3,0.13.4,,shortest__mamut-buenos_aires-n215-k53-hyb__seed__seed9__t516
shortest,mamut-buenos_aires-n215-k53-hyb,215,53,main,seed,10,516,516.023,218447,1909076.4599999997,55,True,1908547.0899999987,0.02774,0,,90.56689453125,90.240234375,turing-3,0.13.4,,shortest__mamut-buenos_aires-n215-k53-hyb__seed__seed10__t516
shortest,mamut-manila-n221-k48-hyb,221,48,pilot,long,101,2120,2120.033,1120168,905094.5530000003,50,True,907983.9370000005,-0.31822,0,,1.15380859375,61.2890625,turing-3,0.13.4,,shortest__mamut-manila-n221-k48-hyb__long__seed101__t2120
shortest,mamut-manila-n221-k48-hyb,221,48,polish,polish,1167,1060,1060.027,528211,905094.5530000001,50,True,907983.9370000005,-0.31822,1,kept_existing,90.2431640625,90.6083984375,turing-3,0.13.4,shortest__mamut-manila-n221-k48-hyb__seed__seed2__t530,shortest__mamut-manila-n221-k48-hyb__polish__seed1167__t1060
shortest,mamut-manila-n221-k48-hyb,221,48,pilot,seed,1,530,530.048,274362,906887.6640000002,50,True,907983.9370000005,-0.12074,0,,90.21337890625,80.36865234375,turing-3,0.13.4,,shortest__mamut-manila-n221-k48-hyb__seed__seed1__t530
shortest,mamut-manila-n221-k48-hyb,221,48,pilot,seed,2,530,530.04,235797,905094.5530000001,50,True,907983.9370000005,-0.31822,0,,90.21337890625,80.36865234375,turing-3,0.13.4,,shortest__mamut-manila-n221-k48-hyb__seed__seed2__t530
shortest,mamut-manila-n221-k48-hyb,221,48,pilot,seed,3,530,530.038,239611,908334.6589999998,50,True,907983.9370000005,0.03863,0,,90.21337890625,79.4580078125,turing-3,0.13.4,,shortest__mamut-manila-n221-k48-hyb__seed__seed3__t530
shortest,mamut-manila-n221-k48-hyb,221,48,main,seed,4,530,530.044,223028,906880.0399999997,50,True,907983.9370000005,-0.12158,0,,90.44189453125,90.20263671875,turing-3,0.13.4,,shortest__mamut-manila-n221-k48-hyb__seed__seed4__t530
shortest,mamut-manila-n221-k48-hyb,221,48,main,seed,5,530,530.046,309092,906283.3300000001,50,True,907983.9370000005,-0.18729,0,,90.44189453125,90.20263671875,turing-3,0.13.4,,shortest__mamut-manila-n221-k48-hyb__seed__seed5__t530
shortest,mamut-manila-n221-k48-hyb,221,48,main,seed,6,530,530.043,301399,907018.0920000001,50,True,907983.9370000005,-0.10637,0,,90.44189453125,90.20263671875,turing-3,0.13.4,,shortest__mamut-manila-n221-k48-hyb__seed__seed6__t530
shortest,mamut-manila-n221-k48-hyb,221,48,main,seed,7,530,530.045,230657,906576.9680000003,50,True,907983.9370000005,-0.15496,0,,90.44189453125,90.20263671875,turing-3,0.13.4,,shortest__mamut-manila-n221-k48-hyb__seed__seed7__t530
shortest,mamut-manila-n221-k48-hyb,221,48,main,seed,8,530,530.041,257578,905916.7040000004,50,True,907983.9370000005,-0.22767,0,,90.44189453125,90.20263671875,turing-3,0.13.4,,shortest__mamut-manila-n221-k48-hyb__seed__seed8__t530
shortest,mamut-manila-n221-k48-hyb,221,48,main,seed,9,530,530.052,316955,906623.994,50,True,907983.9370000005,-0.14978,0,,90.44189453125,90.20263671875,turing-3,0.13.4,,shortest__mamut-manila-n221-k48-hyb__seed__seed9__t530
shortest,mamut-manila-n221-k48-hyb,221,48,main,seed,10,530,530.043,229248,906520.4229999998,50,True,907983.9370000005,-0.16118,0,,90.44189453125,90.20263671875,turing-3,0.13.4,,shortest__mamut-manila-n221-k48-hyb__seed__seed10__t530
shortest,mamut-biarritz-n226-k60-par,226,60,polish,polish,1127,1084,1084.031,538395,606215.702,62,True,607139.0510000004,-0.15208,1,replaced,90.2646484375,90.54736328125,turing-3,0.13.4,shortest__mamut-biarritz-n226-k60-par__seed__seed5__t542,shortest__mamut-biarritz-n226-k60-par__polish__seed1127__t1084
shortest,mamut-biarritz-n226-k60-par,226,60,main,seed,1,542,542.04,308386,608876.7659999997,63,True,607139.0510000004,0.28621,0,,90.50244140625,90.46240234375,turing-3,0.13.4,,shortest__mamut-biarritz-n226-k60-par__seed__seed1__t542
shortest,mamut-biarritz-n226-k60-par,226,60,main,seed,2,542,542.048,349781,606281.0750000001,62,True,607139.0510000004,-0.14131,0,,90.50244140625,90.46240234375,turing-3,0.13.4,,shortest__mamut-biarritz-n226-k60-par__seed__seed2__t542
shortest,mamut-biarritz-n226-k60-par,226,60,main,seed,3,542,542.052,303735,607302.7499999998,62,True,607139.0510000004,0.02696,0,,90.50244140625,90.46240234375,turing-3,0.13.4,,shortest__mamut-biarritz-n226-k60-par__seed__seed3__t542
shortest,mamut-biarritz-n226-k60-par,226,60,main,seed,4,542,542.052,278524,606345.1420000003,62,True,607139.0510000004,-0.13076,0,,90.50244140625,90.46240234375,turing-3,0.13.4,,shortest__mamut-biarritz-n226-k60-par__seed__seed4__t542
shortest,mamut-biarritz-n226-k60-par,226,60,main,seed,5,542,542.05,327548,606240.5440000001,62,True,607139.0510000004,-0.14799,0,,90.50244140625,90.46240234375,turing-3,0.13.4,,shortest__mamut-biarritz-n226-k60-par__seed__seed5__t542
shortest,mamut-biarritz-n226-k60-par,226,60,main,seed,6,542,542.05,258711,608440.2159999998,63,True,607139.0510000004,0.21431,0,,90.50244140625,90.46240234375,turing-3,0.13.4,,shortest__mamut-biarritz-n226-k60-par__seed__seed6__t542
shortest,mamut-biarritz-n226-k60-par,226,60,main,seed,7,542,542.054,260440,608734.6299999999,63,True,607139.0510000004,0.2628,0,,90.50244140625,90.46240234375,turing-3,0.13.4,,shortest__mamut-biarritz-n226-k60-par__seed__seed7__t542
shortest,mamut-biarritz-n226-k60-par,226,60,main,seed,8,542,542.049,289165,606345.1420000001,62,True,607139.0510000004,-0.13076,0,,90.50244140625,90.46240234375,turing-3,0.13.4,,shortest__mamut-biarritz-n226-k60-par__seed__seed8__t542
shortest,mamut-biarritz-n226-k60-par,226,60,main,seed,9,542,542.055,250888,606278.5199999998,62,True,607139.0510000004,-0.14174,0,,90.50244140625,90.46240234375,turing-3,0.13.4,,shortest__mamut-biarritz-n226-k60-par__seed__seed9__t542
shortest,mamut-biarritz-n226-k60-par,226,60,main,seed,10,542,542.041,304099,606739.6999999997,62,True,607139.0510000004,-0.06578,0,,90.50244140625,90.46240234375,turing-3,0.13.4,,shortest__mamut-biarritz-n226-k60-par__seed__seed10__t542
shortest,mamut-dijon-n231-k38-poi,231,38,polish,polish,1147,1108,1108.024,403553,505908.21799999994,38,True,507973.4200000002,-0.40656,1,replaced,90.2880859375,90.3916015625,turing-3,0.13.4,shortest__mamut-dijon-n231-k38-poi__seed__seed3__t554,shortest__mamut-dijon-n231-k38-poi__polish__seed1147__t1108
shortest,mamut-dijon-n231-k38-poi,231,38,main,seed,1,554,554.045,234852,507864.6319999999,38,True,507973.4200000002,-0.02142,0,,90.216796875,90.56689453125,turing-3,0.13.4,,shortest__mamut-dijon-n231-k38-poi__seed__seed1__t554
shortest,mamut-dijon-n231-k38-poi,231,38,main,seed,2,554,554.05,178712,507748.3150000002,38,True,507973.4200000002,-0.04431,0,,90.216796875,90.56689453125,turing-3,0.13.4,,shortest__mamut-dijon-n231-k38-poi__seed__seed2__t554
shortest,mamut-dijon-n231-k38-poi,231,38,main,seed,3,554,554.052,220479,505949.53199999983,38,True,507973.4200000002,-0.39842,0,,90.216796875,90.56689453125,turing-3,0.13.4,,shortest__mamut-dijon-n231-k38-poi__seed__seed3__t554
shortest,mamut-dijon-n231-k38-poi,231,38,main,seed,4,554,554.055,181513,506018.82599999994,38,True,507973.4200000002,-0.38478,0,,90.216796875,90.56689453125,turing-3,0.13.4,,shortest__mamut-dijon-n231-k38-poi__seed__seed4__t554
shortest,mamut-dijon-n231-k38-poi,231,38,main,seed,5,554,554.048,179201,507439.7369999996,38,True,507973.4200000002,-0.10506,0,,90.216796875,90.56689453125,turing-3,0.13.4,,shortest__mamut-dijon-n231-k38-poi__seed__seed5__t554
shortest,mamut-dijon-n231-k38-poi,231,38,main,seed,6,554,554.049,259473,507476.2489999999,38,True,507973.4200000002,-0.09787,0,,90.216796875,90.56689453125,turing-3,0.13.4,,shortest__mamut-dijon-n231-k38-poi__seed__seed6__t554
shortest,mamut-dijon-n231-k38-poi,231,38,main,seed,7,554,554.044,218367,506780.4470000004,38,True,507973.4200000002,-0.23485,0,,90.216796875,90.56689453125,turing-3,0.13.4,,shortest__mamut-dijon-n231-k38-poi__seed__seed7__t554
shortest,mamut-dijon-n231-k38-poi,231,38,main,seed,8,554,554.05,203677,507872.23000000004,38,True,507973.4200000002,-0.01992,0,,90.216796875,90.56689453125,turing-3,0.13.4,,shortest__mamut-dijon-n231-k38-poi__seed__seed8__t554
shortest,mamut-dijon-n231-k38-poi,231,38,main,seed,9,554,554.046,229292,506995.394,38,True,507973.4200000002,-0.19253,0,,90.216796875,90.56689453125,turing-3,0.13.4,,shortest__mamut-dijon-n231-k38-poi__seed__seed9__t554
shortest,mamut-dijon-n231-k38-poi,231,38,main,seed,10,554,554.046,239380,506692.62199999986,38,True,507973.4200000002,-0.25214,0,,90.216796875,90.56689453125,turing-3,0.13.4,,shortest__mamut-dijon-n231-k38-poi__seed__seed10__t554
shortest,mamut-chambery-n236-k48-par,236,48,polish,polish,1140,1132,1132.017,353967,1129689.675,48,True,1129728.5689999994,-0.00344,1,kept_existing,90.3134765625,90.34765625,turing-3,0.13.4,shortest__mamut-chambery-n236-k48-par__seed__seed9__t566,shortest__mamut-chambery-n236-k48-par__polish__seed1140__t1132
shortest,mamut-chambery-n236-k48-par,236,48,main,seed,1,566,566.049,141850,1130246.9319999998,48,True,1129728.5689999994,0.04588,0,,90.2568359375,90.56689453125,turing-3,0.13.4,,shortest__mamut-chambery-n236-k48-par__seed__seed1__t566
shortest,mamut-chambery-n236-k48-par,236,48,main,seed,2,566,566.045,176426,1130148.369,48,True,1129728.5689999994,0.03716,0,,90.2568359375,90.56689453125,turing-3,0.13.4,,shortest__mamut-chambery-n236-k48-par__seed__seed2__t566
shortest,mamut-chambery-n236-k48-par,236,48,main,seed,3,566,566.028,131570,1130246.932,48,True,1129728.5689999994,0.04588,0,,90.2568359375,90.56689453125,turing-3,0.13.4,,shortest__mamut-chambery-n236-k48-par__seed__seed3__t566
shortest,mamut-chambery-n236-k48-par,236,48,main,seed,4,566,566.043,177634,1129728.5689999997,48,True,1129728.5689999994,0.0,0,,90.2568359375,90.56689453125,turing-3,0.13.4,,shortest__mamut-chambery-n236-k48-par__seed__seed4__t566
shortest,mamut-chambery-n236-k48-par,236,48,main,seed,5,566,566.051,141085,1130246.932,48,True,1129728.5689999994,0.04588,0,,90.2568359375,90.56689453125,turing-3,0.13.4,,shortest__mamut-chambery-n236-k48-par__seed__seed5__t566
shortest,mamut-chambery-n236-k48-par,236,48,main,seed,6,566,566.048,160327,1130246.9319999993,48,True,1129728.5689999994,0.04588,0,,90.2568359375,90.56689453125,turing-3,0.13.4,,shortest__mamut-chambery-n236-k48-par__seed__seed6__t566
shortest,mamut-chambery-n236-k48-par,236,48,main,seed,7,566,566.046,136460,1130303.3069999998,48,True,1129728.5689999994,0.05087,0,,90.2568359375,90.56689453125,turing-3,0.13.4,,shortest__mamut-chambery-n236-k48-par__seed__seed7__t566
shortest,mamut-chambery-n236-k48-par,236,48,main,seed,8,566,566.053,131449,1130270.7949999995,48,True,1129728.5689999994,0.048,0,,90.2568359375,90.56689453125,turing-3,0.13.4,,shortest__mamut-chambery-n236-k48-par__seed__seed8__t566
shortest,mamut-chambery-n236-k48-par,236,48,main,seed,9,566,566.05,194537,1129689.675,48,True,1129728.5689999994,-0.00344,0,,90.2568359375,90.60205078125,turing-3,0.13.4,,shortest__mamut-chambery-n236-k48-par__seed__seed9__t566
shortest,mamut-chambery-n236-k48-par,236,48,main,seed,10,566,566.027,130472,1130283.514999999,48,True,1129728.5689999994,0.04912,0,,90.2568359375,90.56689453125,turing-3,0.13.4,,shortest__mamut-chambery-n236-k48-par__seed__seed10__t566
shortest,mamut-bangkok-n242-k49-hyb,242,49,polish,polish,1121,1160,1160.023,388693,3151330.0569999986,49,True,3152512.328999999,-0.0375,1,kept_existing,90.3134765625,90.208984375,turing-3,0.13.4,shortest__mamut-bangkok-n242-k49-hyb__seed__seed1__t580,shortest__mamut-bangkok-n242-k49-hyb__polish__seed1121__t1160
shortest,mamut-bangkok-n242-k49-hyb,242,49,main,seed,1,580,580.054,162672,3151330.0569999986,49,True,3152512.328999999,-0.0375,0,,90.53125,90.50244140625,turing-3,0.13.4,,shortest__mamut-bangkok-n242-k49-hyb__seed__seed1__t580
shortest,mamut-bangkok-n242-k49-hyb,242,49,main,seed,2,580,580.049,180510,3152512.3290000004,49,True,3152512.328999999,0.0,0,,90.53125,90.50244140625,turing-3,0.13.4,,shortest__mamut-bangkok-n242-k49-hyb__seed__seed2__t580
shortest,mamut-bangkok-n242-k49-hyb,242,49,main,seed,3,580,580.045,239380,3152155.292,49,True,3152512.328999999,-0.01133,0,,90.53125,90.50244140625,turing-3,0.13.4,,shortest__mamut-bangkok-n242-k49-hyb__seed__seed3__t580
shortest,mamut-bangkok-n242-k49-hyb,242,49,main,seed,4,580,580.051,269144,3152155.2919999976,49,True,3152512.328999999,-0.01133,0,,90.53125,90.50244140625,turing-3,0.13.4,,shortest__mamut-bangkok-n242-k49-hyb__seed__seed4__t580
shortest,mamut-bangkok-n242-k49-hyb,242,49,main,seed,5,580,580.051,206690,3152512.3290000004,49,True,3152512.328999999,0.0,0,,90.48828125,90.4619140625,turing-3,0.13.4,,shortest__mamut-bangkok-n242-k49-hyb__seed__seed5__t580
shortest,mamut-bangkok-n242-k49-hyb,242,49,main,seed,6,580,580.055,287706,3156001.919,49,True,3152512.328999999,0.11069,0,,90.48828125,90.4619140625,turing-3,0.13.4,,shortest__mamut-bangkok-n242-k49-hyb__seed__seed6__t580
shortest,mamut-bangkok-n242-k49-hyb,242,49,main,seed,7,580,580.051,156488,3152051.7190000005,49,True,3152512.328999999,-0.01461,0,,90.44873046875,90.4619140625,turing-3,0.13.4,,shortest__mamut-bangkok-n242-k49-hyb__seed__seed7__t580
shortest,mamut-bangkok-n242-k49-hyb,242,49,main,seed,8,580,580.052,170461,3152628.0260000005,49,True,3152512.328999999,0.00367,0,,90.44873046875,90.4619140625,turing-3,0.13.4,,shortest__mamut-bangkok-n242-k49-hyb__seed__seed8__t580
shortest,mamut-bangkok-n242-k49-hyb,242,49,main,seed,9,580,580.046,185735,3151330.057000001,49,True,3152512.328999999,-0.0375,0,,90.44873046875,90.4619140625,turing-3,0.13.4,,shortest__mamut-bangkok-n242-k49-hyb__seed__seed9__t580
shortest,mamut-bangkok-n242-k49-hyb,242,49,main,seed,10,580,580.048,209978,3152155.2919999976,49,True,3152512.328999999,-0.01133,0,,90.53125,90.50244140625,turing-3,0.13.4,,shortest__mamut-bangkok-n242-k49-hyb__seed__seed10__t580
shortest,mamut-saint_etienne-n248-k43-poi,248,43,polish,polish,1198,1190,1190.025,559208,1568638.3,44,True,1569427.2789999999,-0.05027,1,replaced,90.3134765625,90.4111328125,turing-3,0.13.4,bks:pyvrp-ils-v1:seed42,shortest__mamut-saint_etienne-n248-k43-poi__polish__seed1198__t1190
shortest,mamut-saint_etienne-n248-k43-poi,248,43,main,seed,1,595,595.057,205008,1572771.5649999997,44,True,1569427.2789999999,0.21309,0,,90.85302734375,90.216796875,turing-3,0.13.4,,shortest__mamut-saint_etienne-n248-k43-poi__seed__seed1__t595
shortest,mamut-saint_etienne-n248-k43-poi,248,43,main,seed,2,595,595.058,287034,1574011.6779999996,44,True,1569427.2789999999,0.29211,0,,90.85302734375,90.216796875,turing-3,0.13.4,,shortest__mamut-saint_etienne-n248-k43-poi__seed__seed2__t595
shortest,mamut-saint_etienne-n248-k43-poi,248,43,main,seed,3,595,595.058,302023,1570646.8129999992,44,True,1569427.2789999999,0.07771,0,,90.85302734375,90.216796875,turing-3,0.13.4,,shortest__mamut-saint_etienne-n248-k43-poi__seed__seed3__t595
shortest,mamut-saint_etienne-n248-k43-poi,248,43,main,seed,4,595,595.054,290664,1574909.4600000002,44,True,1569427.2789999999,0.34931,0,,90.85302734375,90.216796875,turing-3,0.13.4,,shortest__mamut-saint_etienne-n248-k43-poi__seed__seed4__t595
shortest,mamut-saint_etienne-n248-k43-poi,248,43,main,seed,5,595,595.039,334345,1571669.4830000005,44,True,1569427.2789999999,0.14287,0,,90.85302734375,90.216796875,turing-3,0.13.4,,shortest__mamut-saint_etienne-n248-k43-poi__seed__seed5__t595
shortest,mamut-saint_etienne-n248-k43-poi,248,43,main,seed,6,595,595.052,305641,1571560.076,44,True,1569427.2789999999,0.1359,0,,90.85302734375,90.216796875,turing-3,0.13.4,,shortest__mamut-saint_etienne-n248-k43-poi__seed__seed6__t595
shortest,mamut-saint_etienne-n248-k43-poi,248,43,main,seed,7,595,595.034,247611,1571208.715999999,44,True,1569427.2789999999,0.11351,0,,90.85302734375,90.216796875,turing-3,0.13.4,,shortest__mamut-saint_etienne-n248-k43-poi__seed__seed7__t595
shortest,mamut-saint_etienne-n248-k43-poi,248,43,main,seed,8,595,595.065,214648,1581754.7370000007,44,True,1569427.2789999999,0.78547,0,,90.85302734375,90.216796875,turing-3,0.13.4,,shortest__mamut-saint_etienne-n248-k43-poi__seed__seed8__t595
shortest,mamut-saint_etienne-n248-k43-poi,248,43,main,seed,9,595,595.057,206514,1569919.0659999992,44,True,1569427.2789999999,0.03134,0,,90.85302734375,90.216796875,turing-3,0.13.4,,shortest__mamut-saint_etienne-n248-k43-poi__seed__seed9__t595
shortest,mamut-saint_etienne-n248-k43-poi,248,43,main,seed,10,595,595.059,218516,1574008.655,44,True,1569427.2789999999,0.29191,0,,90.85302734375,90.216796875,turing-3,0.13.4,,shortest__mamut-saint_etienne-n248-k43-poi__seed__seed10__t595
shortest,mamut-mulhouse-n254-k42-par,254,42,polish,polish,1175,1218,1218.019,445663,1178054.7340000002,42,True,1179723.9639999992,-0.14149,1,kept_existing,90.24609375,90.55517578125,turing-3,0.13.4,shortest__mamut-mulhouse-n254-k42-par__seed__seed5__t609,shortest__mamut-mulhouse-n254-k42-par__polish__seed1175__t1218
shortest,mamut-mulhouse-n254-k42-par,254,42,main,seed,1,609,609.045,264841,1181326.613999999,42,True,1179723.9639999992,0.13585,0,,90.51806640625,90.216796875,turing-3,0.13.4,,shortest__mamut-mulhouse-n254-k42-par__seed__seed1__t609
shortest,mamut-mulhouse-n254-k42-par,254,42,main,seed,2,609,609.038,201844,1180580.920999999,42,True,1179723.9639999992,0.07264,0,,90.51806640625,90.216796875,turing-3,0.13.4,,shortest__mamut-mulhouse-n254-k42-par__seed__seed2__t609
shortest,mamut-mulhouse-n254-k42-par,254,42,main,seed,3,609,609.034,197274,1179272.4810000006,42,True,1179723.9639999992,-0.03827,0,,90.51806640625,90.216796875,turing-3,0.13.4,,shortest__mamut-mulhouse-n254-k42-par__seed__seed3__t609
shortest,mamut-mulhouse-n254-k42-par,254,42,main,seed,4,609,609.059,226329,1179233.726999999,42,True,1179723.9639999992,-0.04156,0,,90.51806640625,90.216796875,turing-3,0.13.4,,shortest__mamut-mulhouse-n254-k42-par__seed__seed4__t609
shortest,mamut-mulhouse-n254-k42-par,254,42,main,seed,5,609,609.052,177279,1178054.7340000002,42,True,1179723.9639999992,-0.14149,0,,90.51806640625,90.216796875,turing-3,0.13.4,,shortest__mamut-mulhouse-n254-k42-par__seed__seed5__t609
shortest,mamut-mulhouse-n254-k42-par,254,42,main,seed,6,609,609.053,156346,1180993.6189999997,42,True,1179723.9639999992,0.10762,0,,90.51806640625,90.216796875,turing-3,0.13.4,,shortest__mamut-mulhouse-n254-k42-par__seed__seed6__t609
shortest,mamut-mulhouse-n254-k42-par,254,42,main,seed,7,609,609.056,153528,1181365.6289999997,42,True,1179723.9639999992,0.13916,0,,90.51806640625,90.216796875,turing-3,0.13.4,,shortest__mamut-mulhouse-n254-k42-par__seed__seed7__t609
shortest,mamut-mulhouse-n254-k42-par,254,42,main,seed,8,609,609.063,287727,1179017.1520000005,42,True,1179723.9639999992,-0.05991,0,,90.51806640625,90.216796875,turing-3,0.13.4,,shortest__mamut-mulhouse-n254-k42-par__seed__seed8__t609
shortest,mamut-mulhouse-n254-k42-par,254,42,main,seed,9,609,609.055,154248,1178187.081,42,True,1179723.9639999992,-0.13027,0,,90.51806640625,90.216796875,turing-3,0.13.4,,shortest__mamut-mulhouse-n254-k42-par__seed__seed9__t609
shortest,mamut-mulhouse-n254-k42-par,254,42,main,seed,10,609,609.056,169008,1178220.7719999996,42,True,1179723.9639999992,-0.12742,0,,90.51806640625,90.216796875,turing-3,0.13.4,,shortest__mamut-mulhouse-n254-k42-par__seed__seed10__t609
shortest,mamut-saint_malo-n260-k35-par,260,35,polish,polish,1199,1248,1248.027,561169,416492.43199999986,36,True,416936.5999999998,-0.10653,1,replaced,90.16650390625,90.20849609375,turing-3,0.13.4,shortest__mamut-saint_malo-n260-k35-par__seed__seed6__t624,shortest__mamut-saint_malo-n260-k35-par__polish__seed1199__t1248
shortest,mamut-saint_malo-n260-k35-par,260,35,main,seed,1,624,624.059,338347,417127.7399999998,37,True,416936.5999999998,0.04584,0,,90.23193359375,90.48828125,turing-3,0.13.4,,shortest__mamut-saint_malo-n260-k35-par__seed__seed1__t624
shortest,mamut-saint_malo-n260-k35-par,260,35,main,seed,2,624,624.058,300858,416936.59999999974,37,True,416936.5999999998,-0.0,0,,90.23193359375,90.48828125,turing-3,0.13.4,,shortest__mamut-saint_malo-n260-k35-par__seed__seed2__t624
shortest,mamut-saint_malo-n260-k35-par,260,35,main,seed,3,624,624.052,427148,416970.13300000003,37,True,416936.5999999998,0.00804,0,,90.23193359375,90.48828125,turing-3,0.13.4,,shortest__mamut-saint_malo-n260-k35-par__seed__seed3__t624
shortest,mamut-saint_malo-n260-k35-par,260,35,main,seed,4,624,624.051,353401,416928.887,37,True,416936.5999999998,-0.00185,0,,90.23193359375,90.48828125,turing-3,0.13.4,,shortest__mamut-saint_malo-n260-k35-par__seed__seed4__t624
shortest,mamut-saint_malo-n260-k35-par,260,35,main,seed,5,624,624.034,289115,416928.8840000004,37,True,416936.5999999998,-0.00185,0,,90.23193359375,90.44873046875,turing-3,0.13.4,,shortest__mamut-saint_malo-n260-k35-par__seed__seed5__t624
shortest,mamut-saint_malo-n260-k35-par,260,35,main,seed,6,624,624.059,308827,416605.19399999984,36,True,416936.5999999998,-0.07949,0,,90.23193359375,90.44873046875,turing-3,0.13.4,,shortest__mamut-saint_malo-n260-k35-par__seed__seed6__t624
shortest,mamut-saint_malo-n260-k35-par,260,35,main,seed,7,624,624.059,406835,417206.2179999997,37,True,416936.5999999998,0.06467,0,,90.23193359375,90.44873046875,turing-3,0.13.4,,shortest__mamut-saint_malo-n260-k35-par__seed__seed7__t624
shortest,mamut-saint_malo-n260-k35-par,260,35,main,seed,8,624,624.051,340050,417099.93999999965,37,True,416936.5999999998,0.03918,0,,90.23193359375,90.44873046875,turing-3,0.13.4,,shortest__mamut-saint_malo-n260-k35-par__seed__seed8__t624
shortest,mamut-saint_malo-n260-k35-par,260,35,main,seed,9,624,624.062,282127,416936.6,37,True,416936.5999999998,0.0,0,,90.23193359375,90.44873046875,turing-3,0.13.4,,shortest__mamut-saint_malo-n260-k35-par__seed__seed9__t624
shortest,mamut-saint_malo-n260-k35-par,260,35,main,seed,10,624,624.062,283568,416941.0350000001,37,True,416936.5999999998,0.00106,0,,90.25244140625,90.48828125,turing-3,0.13.4,,shortest__mamut-saint_malo-n260-k35-par__seed__seed10__t624
shortest,mamut-rouen-n266-k36-poi,266,36,polish,polish,1197,1276,1276.028,407531,688362.5229999998,36,True,688577.8449999996,-0.03127,1,replaced,90.35546875,90.24267578125,turing-3,0.13.4,bks:pyvrp-ils-v1:seed42,shortest__mamut-rouen-n266-k36-poi__polish__seed1197__t1276
shortest,mamut-rouen-n266-k36-poi,266,36,main,seed,1,638,638.038,223189,691657.4069999995,37,True,688577.8449999996,0.44724,0,,90.3193359375,90.51806640625,turing-3,0.13.4,,shortest__mamut-rouen-n266-k36-poi__seed__seed1__t638
shortest,mamut-rouen-n266-k36-poi,266,36,main,seed,2,638,638.081,214944,695907.7409999993,37,True,688577.8449999996,1.0645,0,,90.3193359375,90.51806640625,turing-3,0.13.4,,shortest__mamut-rouen-n266-k36-poi__seed__seed2__t638
shortest,mamut-rouen-n266-k36-poi,266,36,main,seed,3,638,638.065,203100,690102.4989999995,37,True,688577.8449999996,0.22142,0,,90.3193359375,90.55712890625,turing-3,0.13.4,,shortest__mamut-rouen-n266-k36-poi__seed__seed3__t638
shortest,mamut-rouen-n266-k36-poi,266,36,main,seed,4,638,638.062,175146,690820.6140000001,37,True,688577.8449999996,0.32571,0,,90.3193359375,90.55712890625,turing-3,0.13.4,,shortest__mamut-rouen-n266-k36-poi__seed__seed4__t638
shortest,mamut-rouen-n266-k36-poi,266,36,main,seed,5,638,638.062,328403,690055.5440000006,37,True,688577.8449999996,0.2146,0,,90.3193359375,90.55712890625,turing-3,0.13.4,,shortest__mamut-rouen-n266-k36-poi__seed__seed5__t638
shortest,mamut-rouen-n266-k36-poi,266,36,main,seed,6,638,638.058,200191,690831.4829999995,37,True,688577.8449999996,0.32729,0,,90.3193359375,90.55712890625,turing-3,0.13.4,,shortest__mamut-rouen-n266-k36-poi__seed__seed6__t638
shortest,mamut-rouen-n266-k36-poi,266,36,main,seed,7,638,638.063,253483,690480.3890000002,37,True,688577.8449999996,0.2763,0,,90.3193359375,90.55712890625,turing-3,0.13.4,,shortest__mamut-rouen-n266-k36-poi__seed__seed7__t638
shortest,mamut-rouen-n266-k36-poi,266,36,main,seed,8,638,638.064,220798,690594.034,37,True,688577.8449999996,0.2928,0,,90.3193359375,90.55712890625,turing-3,0.13.4,,shortest__mamut-rouen-n266-k36-poi__seed__seed8__t638
shortest,mamut-rouen-n266-k36-poi,266,36,main,seed,9,638,638.073,219437,690528.9990000002,37,True,688577.8449999996,0.28336,0,,90.3740234375,90.55712890625,turing-3,0.13.4,,shortest__mamut-rouen-n266-k36-poi__seed__seed9__t638
shortest,mamut-rouen-n266-k36-poi,266,36,main,seed,10,638,638.069,224528,691022.4430000001,37,True,688577.8449999996,0.35502,0,,90.3193359375,90.51806640625,turing-3,0.13.4,,shortest__mamut-rouen-n266-k36-poi__seed__seed10__t638
shortest,mamut-aix_en_provence-n272-k39-poi,272,39,polish,polish,1110,1304,1304.03,317328,1871249.9600000002,39,True,1879769.8910000005,-0.45324,1,replaced,90.30029296875,90.3701171875,turing-3,0.13.4,shortest__mamut-aix_en_provence-n272-k39-poi__seed__seed10__t652,shortest__mamut-aix_en_provence-n272-k39-poi__polish__seed1110__t1304
shortest,mamut-aix_en_provence-n272-k39-poi,272,39,main,seed,1,652,652.062,106908,1884066.1339999994,39,True,1879769.8910000005,0.22855,0,,90.34716796875,90.85302734375,turing-3,0.13.4,,shortest__mamut-aix_en_provence-n272-k39-poi__seed__seed1__t652
shortest,mamut-aix_en_provence-n272-k39-poi,272,39,main,seed,2,652,652.071,114355,1883366.0320000001,39,True,1879769.8910000005,0.19131,0,,90.34716796875,90.85302734375,turing-3,0.13.4,,shortest__mamut-aix_en_provence-n272-k39-poi__seed__seed2__t652
shortest,mamut-aix_en_provence-n272-k39-poi,272,39,main,seed,3,652,652.065,192821,1883268.025,39,True,1879769.8910000005,0.18609,0,,90.34716796875,90.85302734375,turing-3,0.13.4,,shortest__mamut-aix_en_provence-n272-k39-poi__seed__seed3__t652
shortest,mamut-aix_en_provence-n272-k39-poi,272,39,main,seed,4,652,652.082,125887,1882074.3520000011,39,True,1879769.8910000005,0.12259,0,,90.34716796875,90.85302734375,turing-3,0.13.4,,shortest__mamut-aix_en_provence-n272-k39-poi__seed__seed4__t652
shortest,mamut-aix_en_provence-n272-k39-poi,272,39,main,seed,5,652,652.06,106614,1881853.8700000006,39,True,1879769.8910000005,0.11086,0,,90.34716796875,90.85302734375,turing-3,0.13.4,,shortest__mamut-aix_en_provence-n272-k39-poi__seed__seed5__t652
shortest,mamut-aix_en_provence-n272-k39-poi,272,39,main,seed,6,652,652.072,109105,1888150.0139999995,39,True,1879769.8910000005,0.44581,0,,90.34716796875,90.85302734375,turing-3,0.13.4,,shortest__mamut-aix_en_provence-n272-k39-poi__seed__seed6__t652
shortest,mamut-aix_en_provence-n272-k39-poi,272,39,main,seed,7,652,652.064,97313,1878767.5839999993,39,True,1879769.8910000005,-0.05332,0,,90.34716796875,90.85302734375,turing-3,0.13.4,,shortest__mamut-aix_en_provence-n272-k39-poi__seed__seed7__t652
shortest,mamut-aix_en_provence-n272-k39-poi,272,39,main,seed,8,652,652.063,184630,1873256.9209999999,39,True,1879769.8910000005,-0.34648,0,,90.34716796875,90.85302734375,turing-3,0.13.4,,shortest__mamut-aix_en_provence-n272-k39-poi__seed__seed8__t652
shortest,mamut-aix_en_provence-n272-k39-poi,272,39,main,seed,9,652,652.064,147500,1880560.0820000006,39,True,1879769.8910000005,0.04204,0,,90.34716796875,90.85302734375,turing-3,0.13.4,,shortest__mamut-aix_en_provence-n272-k39-poi__seed__seed9__t652
shortest,mamut-aix_en_provence-n272-k39-poi,272,39,main,seed,10,652,652.065,163143,1871301.822,39,True,1879769.8910000005,-0.45048,0,,90.34716796875,90.85302734375,turing-3,0.13.4,,shortest__mamut-aix_en_provence-n272-k39-poi__seed__seed10__t652
shortest,mamut-quimper-n278-k48-par,278,48,polish,polish,1191,1334,1334.027,389564,753816.5939999998,48,True,754389.1579999994,-0.0759,1,replaced,90.3505859375,90.123046875,turing-3,0.13.4,shortest__mamut-quimper-n278-k48-par__seed__seed6__t667,shortest__mamut-quimper-n278-k48-par__polish__seed1191__t1334
shortest,mamut-quimper-n278-k48-par,278,48,main,seed,1,667,667.06,149337,754443.4589999997,48,True,754389.1579999994,0.0072,0,,90.64599609375,90.23193359375,turing-3,0.13.4,,shortest__mamut-quimper-n278-k48-par__seed__seed1__t667
shortest,mamut-quimper-n278-k48-par,278,48,main,seed,2,667,667.055,210801,754110.7139999992,48,True,754389.1579999994,-0.03691,0,,90.64599609375,90.23193359375,turing-3,0.13.4,,shortest__mamut-quimper-n278-k48-par__seed__seed2__t667
shortest,mamut-quimper-n278-k48-par,278,48,main,seed,3,667,667.062,152987,755615.4259999995,48,True,754389.1579999994,0.16255,0,,90.6748046875,90.23193359375,turing-3,0.13.4,,shortest__mamut-quimper-n278-k48-par__seed__seed3__t667
shortest,mamut-quimper-n278-k48-par,278,48,main,seed,4,667,667.053,246014,754226.1049999996,48,True,754389.1579999994,-0.02161,0,,90.6748046875,90.23193359375,turing-3,0.13.4,,shortest__mamut-quimper-n278-k48-par__seed__seed4__t667
shortest,mamut-quimper-n278-k48-par,278,48,main,seed,5,667,667.063,153683,754581.9369999999,48,True,754389.1579999994,0.02555,0,,90.6748046875,90.23193359375,turing-3,0.13.4,,shortest__mamut-quimper-n278-k48-par__seed__seed5__t667
shortest,mamut-quimper-n278-k48-par,278,48,main,seed,6,667,667.064,157711,753911.9649999994,48,True,754389.1579999994,-0.06326,0,,90.6748046875,90.23193359375,turing-3,0.13.4,,shortest__mamut-quimper-n278-k48-par__seed__seed6__t667
shortest,mamut-quimper-n278-k48-par,278,48,main,seed,7,667,667.059,253689,754718.3199999996,48,True,754389.1579999994,0.04363,0,,90.6748046875,90.23193359375,turing-3,0.13.4,,shortest__mamut-quimper-n278-k48-par__seed__seed7__t667
shortest,mamut-quimper-n278-k48-par,278,48,main,seed,8,667,667.069,151944,754129.2869999995,48,True,754389.1579999994,-0.03445,0,,90.6748046875,90.23193359375,turing-3,0.13.4,,shortest__mamut-quimper-n278-k48-par__seed__seed8__t667
shortest,mamut-quimper-n278-k48-par,278,48,main,seed,9,667,667.042,156079,754522.7810000001,48,True,754389.1579999994,0.01771,0,,90.6748046875,90.23193359375,turing-3,0.13.4,,shortest__mamut-quimper-n278-k48-par__seed__seed9__t667
shortest,mamut-quimper-n278-k48-par,278,48,main,seed,10,667,667.062,233602,754696.7389999995,48,True,754389.1579999994,0.04077,0,,90.64599609375,90.23193359375,turing-3,0.13.4,,shortest__mamut-quimper-n278-k48-par__seed__seed10__t667
shortest,mamut-chicago-n285-k91-poi,285,91,polish,polish,1142,1368,1368.035,414128,9140063.235000009,93,True,9168659.575000001,-0.31189,1,replaced,90.33984375,90.18896484375,turing-3,0.13.4,shortest__mamut-chicago-n285-k91-poi__seed__seed2__t684,shortest__mamut-chicago-n285-k91-poi__polish__seed1142__t1368
shortest,mamut-chicago-n285-k91-poi,285,91,main,seed,1,684,684.064,187443,9162043.764000004,93,True,9168659.575000001,-0.07216,0,,90.59521484375,90.34716796875,turing-3,0.13.4,,shortest__mamut-chicago-n285-k91-poi__seed__seed1__t684
shortest,mamut-chicago-n285-k91-poi,285,91,main,seed,2,684,684.058,186154,9151731.016000003,93,True,9168659.575000001,-0.18464,0,,90.59521484375,90.34716796875,turing-3,0.13.4,,shortest__mamut-chicago-n285-k91-poi__seed__seed2__t684
shortest,mamut-chicago-n285-k91-poi,285,91,main,seed,3,684,684.071,216069,9156789.152,93,True,9168659.575000001,-0.12947,0,,90.59521484375,90.34716796875,turing-3,0.13.4,,shortest__mamut-chicago-n285-k91-poi__seed__seed3__t684
shortest,mamut-chicago-n285-k91-poi,285,91,main,seed,4,684,684.064,204643,9167465.428999996,93,True,9168659.575000001,-0.01302,0,,90.59521484375,90.34716796875,turing-3,0.13.4,,shortest__mamut-chicago-n285-k91-poi__seed__seed4__t684
shortest,mamut-chicago-n285-k91-poi,285,91,main,seed,5,684,684.04,202203,9160794.991999997,93,True,9168659.575000001,-0.08578,0,,90.59521484375,90.34716796875,turing-3,0.13.4,,shortest__mamut-chicago-n285-k91-poi__seed__seed5__t684
shortest,mamut-chicago-n285-k91-poi,285,91,main,seed,6,684,684.062,199153,9155741.135000002,93,True,9168659.575000001,-0.1409,0,,90.59521484375,90.34716796875,turing-3,0.13.4,,shortest__mamut-chicago-n285-k91-poi__seed__seed6__t684
shortest,mamut-chicago-n285-k91-poi,285,91,main,seed,7,684,684.059,259261,9173659.918000001,93,True,9168659.575000001,0.05454,0,,90.59521484375,90.34716796875,turing-3,0.13.4,,shortest__mamut-chicago-n285-k91-poi__seed__seed7__t684
shortest,mamut-chicago-n285-k91-poi,285,91,main,seed,8,684,684.064,184608,9158080.685999999,93,True,9168659.575000001,-0.11538,0,,90.59521484375,90.34716796875,turing-3,0.13.4,,shortest__mamut-chicago-n285-k91-poi__seed__seed8__t684
shortest,mamut-chicago-n285-k91-poi,285,91,main,seed,9,684,684.061,160052,9160196.368000003,93,True,9168659.575000001,-0.09231,0,,90.59521484375,90.34716796875,turing-3,0.13.4,,shortest__mamut-chicago-n285-k91-poi__seed__seed9__t684
shortest,mamut-chicago-n285-k91-poi,285,91,main,seed,10,684,684.069,168089,9162305.676000008,93,True,9168659.575000001,-0.0693,0,,90.5595703125,90.34716796875,turing-3,0.13.4,,shortest__mamut-chicago-n285-k91-poi__seed__seed10__t684
shortest,mamut-bayonne-n292-k33-hyb,292,33,polish,polish,1124,1400,1400.032,477660,959289.9569999994,33,True,959568.5319999992,-0.02903,1,kept_existing,90.29736328125,90.20556640625,turing-3,0.13.4,shortest__mamut-bayonne-n292-k33-hyb__seed__seed7__t700,shortest__mamut-bayonne-n292-k33-hyb__polish__seed1124__t1400
shortest,mamut-bayonne-n292-k33-hyb,292,33,main,seed,1,700,700.085,263335,959410.4069999997,33,True,959568.5319999992,-0.01648,0,,90.47900390625,90.3193359375,turing-3,0.13.4,,shortest__mamut-bayonne-n292-k33-hyb__seed__seed1__t700
shortest,mamut-bayonne-n292-k33-hyb,292,33,main,seed,2,700,700.08,307914,959623.4489999999,33,True,959568.5319999992,0.00572,0,,90.47900390625,90.3193359375,turing-3,0.13.4,,shortest__mamut-bayonne-n292-k33-hyb__seed__seed2__t700
shortest,mamut-bayonne-n292-k33-hyb,292,33,main,seed,3,700,700.068,237383,959387.9469999993,33,True,959568.5319999992,-0.01882,0,,90.47900390625,90.3193359375,turing-3,0.13.4,,shortest__mamut-bayonne-n292-k33-hyb__seed__seed3__t700
shortest,mamut-bayonne-n292-k33-hyb,292,33,main,seed,4,700,700.055,210781,959419.1219999989,33,True,959568.5319999992,-0.01557,0,,90.52099609375,90.3740234375,turing-3,0.13.4,,shortest__mamut-bayonne-n292-k33-hyb__seed__seed4__t700
shortest,mamut-bayonne-n292-k33-hyb,292,33,main,seed,5,700,700.077,208474,959501.85,33,True,959568.5319999992,-0.00695,0,,90.52099609375,90.3740234375,turing-3,0.13.4,,shortest__mamut-bayonne-n292-k33-hyb__seed__seed5__t700
shortest,mamut-bayonne-n292-k33-hyb,292,33,main,seed,6,700,700.089,243770,959399.8189999994,33,True,959568.5319999992,-0.01758,0,,90.52099609375,90.3740234375,turing-3,0.13.4,,shortest__mamut-bayonne-n292-k33-hyb__seed__seed6__t700
shortest,mamut-bayonne-n292-k33-hyb,292,33,main,seed,7,700,700.074,214706,959289.9569999994,33,True,959568.5319999992,-0.02903,0,,90.52099609375,90.3740234375,turing-3,0.13.4,,shortest__mamut-bayonne-n292-k33-hyb__seed__seed7__t700
shortest,mamut-bayonne-n292-k33-hyb,292,33,main,seed,8,700,700.073,337999,959406.2099999996,33,True,959568.5319999992,-0.01692,0,,90.52099609375,90.3740234375,turing-3,0.13.4,,shortest__mamut-bayonne-n292-k33-hyb__seed__seed8__t700
shortest,mamut-bayonne-n292-k33-hyb,292,33,main,seed,9,700,700.085,273186,959601.6399999994,33,True,959568.5319999992,0.00345,0,,90.5595703125,90.42431640625,turing-3,0.13.4,,shortest__mamut-bayonne-n292-k33-hyb__seed__seed9__t700
shortest,mamut-bayonne-n292-k33-hyb,292,33,main,seed,10,700,700.069,239081,959449.5579999995,33,True,959568.5319999992,-0.0124,0,,90.47900390625,90.3193359375,turing-3,0.13.4,,shortest__mamut-bayonne-n292-k33-hyb__seed__seed10__t700
shortest,mamut-vienna-n298-k36-poi,298,36,polish,polish,1216,1430,1430.036,350606,1132223.244,36,True,1133129.260000001,-0.07996,1,replaced,90.294921875,90.2646484375,turing-3,0.13.4,shortest__mamut-vienna-n298-k36-poi__seed__seed4__t715,shortest__mamut-vienna-n298-k36-poi__polish__seed1216__t1430
shortest,mamut-vienna-n298-k36-poi,298,36,main,seed,1,715,715.081,213853,1136643.0900000003,36,True,1133129.260000001,0.3101,0,,90.12841796875,90.64599609375,turing-3,0.13.4,,shortest__mamut-vienna-n298-k36-poi__seed__seed1__t715
shortest,mamut-vienna-n298-k36-poi,298,36,main,seed,2,715,715.078,249430,1133714.6669999997,36,True,1133129.260000001,0.05166,0,,90.12841796875,90.6748046875,turing-3,0.13.4,,shortest__mamut-vienna-n298-k36-poi__seed__seed2__t715
shortest,mamut-vienna-n298-k36-poi,298,36,main,seed,3,715,715.091,167193,1133115.7710000006,36,True,1133129.260000001,-0.00119,0,,90.12841796875,90.6748046875,turing-3,0.13.4,,shortest__mamut-vienna-n298-k36-poi__seed__seed3__t715
shortest,mamut-vienna-n298-k36-poi,298,36,main,seed,4,715,715.076,213375,1132244.675,36,True,1133129.260000001,-0.07807,0,,90.12841796875,90.6748046875,turing-3,0.13.4,,shortest__mamut-vienna-n298-k36-poi__seed__seed4__t715
shortest,mamut-vienna-n298-k36-poi,298,36,main,seed,5,715,715.052,179233,1133143.3119999997,36,True,1133129.260000001,0.00124,0,,90.12841796875,90.6748046875,turing-3,0.13.4,,shortest__mamut-vienna-n298-k36-poi__seed__seed5__t715
shortest,mamut-vienna-n298-k36-poi,298,36,main,seed,6,715,715.041,234656,1133503.083,36,True,1133129.260000001,0.03299,0,,90.12841796875,90.6748046875,turing-3,0.13.4,,shortest__mamut-vienna-n298-k36-poi__seed__seed6__t715
shortest,mamut-vienna-n298-k36-poi,298,36,main,seed,7,715,715.067,172561,1135677.7399999988,36,True,1133129.260000001,0.22491,0,,90.12841796875,90.6748046875,turing-3,0.13.4,,shortest__mamut-vienna-n298-k36-poi__seed__seed7__t715
shortest,mamut-vienna-n298-k36-poi,298,36,main,seed,8,715,715.082,223980,1133339.8269999991,36,True,1133129.260000001,0.01858,0,,90.12841796875,90.6748046875,turing-3,0.13.4,,shortest__mamut-vienna-n298-k36-poi__seed__seed8__t715
shortest,mamut-vienna-n298-k36-poi,298,36,main,seed,9,715,715.084,157299,1134746.3510000003,36,True,1133129.260000001,0.14271,0,,90.12841796875,90.6748046875,turing-3,0.13.4,,shortest__mamut-vienna-n298-k36-poi__seed__seed9__t715
shortest,mamut-vienna-n298-k36-poi,298,36,main,seed,10,715,715.064,216860,1137601.4959999998,36,True,1133129.260000001,0.39468,0,,90.1396484375,90.64599609375,turing-3,0.13.4,,shortest__mamut-vienna-n298-k36-poi__seed__seed10__t715
shortest,mamut-kuala_lumpur-n305-k42-poi,305,42,polish,polish,1154,1464,1464.029,532683,2695937.149000003,43,True,2714640.6610000026,-0.68899,1,replaced,90.470703125,90.3134765625,turing-3,0.13.4,shortest__mamut-kuala_lumpur-n305-k42-poi__seed__seed9__t732,shortest__mamut-kuala_lumpur-n305-k42-poi__polish__seed1154__t1464
shortest,mamut-kuala_lumpur-n305-k42-poi,305,42,main,seed,1,732,732.064,188633,2699499.5849999995,43,True,2714640.6610000026,-0.55776,0,,90.3271484375,90.5595703125,turing-3,0.13.4,,shortest__mamut-kuala_lumpur-n305-k42-poi__seed__seed1__t732
shortest,mamut-kuala_lumpur-n305-k42-poi,305,42,main,seed,2,732,732.07,187562,2712448.0750000025,43,True,2714640.6610000026,-0.08077,0,,90.3271484375,90.5595703125,turing-3,0.13.4,,shortest__mamut-kuala_lumpur-n305-k42-poi__seed__seed2__t732
shortest,mamut-kuala_lumpur-n305-k42-poi,305,42,main,seed,3,732,732.069,154429,2697480.7530000014,43,True,2714640.6610000026,-0.63212,0,,90.3271484375,90.5595703125,turing-3,0.13.4,,shortest__mamut-kuala_lumpur-n305-k42-poi__seed__seed3__t732
shortest,mamut-kuala_lumpur-n305-k42-poi,305,42,main,seed,4,732,732.075,216797,2704909.166000001,43,True,2714640.6610000026,-0.35848,0,,90.3271484375,90.5595703125,turing-3,0.13.4,,shortest__mamut-kuala_lumpur-n305-k42-poi__seed__seed4__t732
shortest,mamut-kuala_lumpur-n305-k42-poi,305,42,main,seed,5,732,732.072,231336,2698625.111000001,43,True,2714640.6610000026,-0.58997,0,,90.3271484375,90.5595703125,turing-3,0.13.4,,shortest__mamut-kuala_lumpur-n305-k42-poi__seed__seed5__t732
shortest,mamut-kuala_lumpur-n305-k42-poi,305,42,main,seed,6,732,732.076,129644,2711999.9759999993,43,True,2714640.6610000026,-0.09728,0,,90.3271484375,90.5595703125,turing-3,0.13.4,,shortest__mamut-kuala_lumpur-n305-k42-poi__seed__seed6__t732
shortest,mamut-kuala_lumpur-n305-k42-poi,305,42,main,seed,7,732,732.07,181854,2704969.0070000007,43,True,2714640.6610000026,-0.35628,0,,90.3271484375,90.5595703125,turing-3,0.13.4,,shortest__mamut-kuala_lumpur-n305-k42-poi__seed__seed7__t732
shortest,mamut-kuala_lumpur-n305-k42-poi,305,42,main,seed,8,732,732.076,172890,2711153.9410000024,43,True,2714640.6610000026,-0.12844,0,,90.3271484375,90.5595703125,turing-3,0.13.4,,shortest__mamut-kuala_lumpur-n305-k42-poi__seed__seed8__t732
shortest,mamut-kuala_lumpur-n305-k42-poi,305,42,main,seed,9,732,732.067,309932,2697077.0710000014,43,True,2714640.6610000026,-0.647,0,,90.3271484375,90.5595703125,turing-3,0.13.4,,shortest__mamut-kuala_lumpur-n305-k42-poi__seed__seed9__t732
shortest,mamut-kuala_lumpur-n305-k42-poi,305,42,main,seed,10,732,732.046,163236,2706781.4960000035,43,True,2714640.6610000026,-0.28951,0,,90.3271484375,90.5595703125,turing-3,0.13.4,,shortest__mamut-kuala_lumpur-n305-k42-poi__seed__seed10__t732
shortest,mamut-prague-n313-k11-poi,313,11,polish,polish,1190,1502,1502.035,701965,1293554.1599999985,11,True,1294065.6209999984,-0.03952,1,replaced,90.357421875,90.3134765625,turing-3,0.13.4,shortest__mamut-prague-n313-k11-poi__seed__seed3__t751,shortest__mamut-prague-n313-k11-poi__polish__seed1190__t1502
shortest,mamut-prague-n313-k11-poi,313,11,main,seed,1,751,751.086,309408,1296394.2999999998,11,True,1294065.6209999984,0.17995,0,,90.275390625,90.5595703125,turing-3,0.13.4,,shortest__mamut-prague-n313-k11-poi__seed__seed1__t751
shortest,mamut-prague-n313-k11-poi,313,11,main,seed,2,751,751.079,362424,1295228.144,11,True,1294065.6209999984,0.08983,0,,90.275390625,90.5595703125,turing-3,0.13.4,,shortest__mamut-prague-n313-k11-poi__seed__seed2__t751
shortest,mamut-prague-n313-k11-poi,313,11,main,seed,3,751,751.093,510403,1293892.1299999987,11,True,1294065.6209999984,-0.01341,0,,90.275390625,90.5595703125,turing-3,0.13.4,,shortest__mamut-prague-n313-k11-poi__seed__seed3__t751
shortest,mamut-prague-n313-k11-poi,313,11,main,seed,4,751,751.098,333383,1294604.3719999993,11,True,1294065.6209999984,0.04163,0,,90.275390625,90.5595703125,turing-3,0.13.4,,shortest__mamut-prague-n313-k11-poi__seed__seed4__t751
shortest,mamut-prague-n313-k11-poi,313,11,main,seed,5,751,751.115,341766,1296789.232999999,11,True,1294065.6209999984,0.21047,0,,90.275390625,90.5595703125,turing-3,0.13.4,,shortest__mamut-prague-n313-k11-poi__seed__seed5__t751
shortest,mamut-prague-n313-k11-poi,313,11,main,seed,6,751,751.09,339454,1294201.6199999999,11,True,1294065.6209999984,0.01051,0,,90.275390625,90.5595703125,turing-3,0.13.4,,shortest__mamut-prague-n313-k11-poi__seed__seed6__t751
shortest,mamut-prague-n313-k11-poi,313,11,main,seed,7,751,751.085,467399,1294044.278999999,11,True,1294065.6209999984,-0.00165,0,,90.275390625,90.5595703125,turing-3,0.13.4,,shortest__mamut-prague-n313-k11-poi__seed__seed7__t751
shortest,mamut-prague-n313-k11-poi,313,11,main,seed,8,751,751.081,324913,1293896.3959999983,11,True,1294065.6209999984,-0.01308,0,,90.275390625,90.59521484375,turing-3,0.13.4,,shortest__mamut-prague-n313-k11-poi__seed__seed8__t751
shortest,mamut-prague-n313-k11-poi,313,11,main,seed,9,751,751.056,359163,1295655.7269999997,11,True,1294065.6209999984,0.12288,0,,90.275390625,90.59521484375,turing-3,0.13.4,,shortest__mamut-prague-n313-k11-poi__seed__seed9__t751
shortest,mamut-prague-n313-k11-poi,313,11,main,seed,10,751,751.09,367231,1294760.934,11,True,1294065.6209999984,0.05373,0,,90.275390625,90.5595703125,turing-3,0.13.4,,shortest__mamut-prague-n313-k11-poi__seed__seed10__t751
shortest,mamut-reims-n320-k64-hyb,320,64,polish,polish,1192,1536,1536.038,425559,1950340.0519999997,64,True,1950837.0069999995,-0.02547,1,replaced,90.3876953125,90.3408203125,turing-3,0.13.4,bks:pyvrp-ils-v1:seed42,shortest__mamut-reims-n320-k64-hyb__polish__seed1192__t1536
shortest,mamut-reims-n320-k64-hyb,320,64,main,seed,1,768,768.069,249043,1955752.2119999987,64,True,1950837.0069999995,0.25195,0,,90.369140625,90.1396484375,turing-3,0.13.4,,shortest__mamut-reims-n320-k64-hyb__seed__seed1__t768
shortest,mamut-reims-n320-k64-hyb,320,64,main,seed,2,768,768.046,307987,1951874.2420000003,64,True,1950837.0069999995,0.05317,0,,90.369140625,90.12841796875,turing-3,0.13.4,,shortest__mamut-reims-n320-k64-hyb__seed__seed2__t768
shortest,mamut-reims-n320-k64-hyb,320,64,main,seed,3,768,768.076,288939,1951216.6019999995,64,True,1950837.0069999995,0.01946,0,,90.369140625,90.12841796875,turing-3,0.13.4,,shortest__mamut-reims-n320-k64-hyb__seed__seed3__t768
shortest,mamut-reims-n320-k64-hyb,320,64,main,seed,4,768,768.069,291673,1952178.5459999987,64,True,1950837.0069999995,0.06877,0,,90.369140625,90.12841796875,turing-3,0.13.4,,shortest__mamut-reims-n320-k64-hyb__seed__seed4__t768
shortest,mamut-reims-n320-k64-hyb,320,64,main,seed,5,768,768.079,204282,1952680.8659999988,64,True,1950837.0069999995,0.09452,0,,90.369140625,90.12841796875,turing-3,0.13.4,,shortest__mamut-reims-n320-k64-hyb__seed__seed5__t768
shortest,mamut-reims-n320-k64-hyb,320,64,main,seed,6,768,768.068,298802,1953097.7309999997,64,True,1950837.0069999995,0.11588,0,,90.369140625,90.12841796875,turing-3,0.13.4,,shortest__mamut-reims-n320-k64-hyb__seed__seed6__t768
shortest,mamut-reims-n320-k64-hyb,320,64,main,seed,7,768,768.075,222967,1954266.8429999985,64,True,1950837.0069999995,0.17581,0,,90.369140625,90.12841796875,turing-3,0.13.4,,shortest__mamut-reims-n320-k64-hyb__seed__seed7__t768
shortest,mamut-reims-n320-k64-hyb,320,64,main,seed,8,768,768.049,245853,1953668.911999999,64,True,1950837.0069999995,0.14516,0,,90.419921875,90.12841796875,turing-3,0.13.4,,shortest__mamut-reims-n320-k64-hyb__seed__seed8__t768
shortest,mamut-reims-n320-k64-hyb,320,64,main,seed,9,768,768.089,193842,1953202.8669999992,64,True,1950837.0069999995,0.12127,0,,90.419921875,90.12841796875,turing-3,0.13.4,,shortest__mamut-reims-n320-k64-hyb__seed__seed9__t768
shortest,mamut-reims-n320-k64-hyb,320,64,main,seed,10,768,768.072,175888,1953299.693999999,64,True,1950837.0069999995,0.12624,0,,90.369140625,90.1396484375,turing-3,0.13.4,,shortest__mamut-reims-n320-k64-hyb__seed__seed10__t768
shortest,mamut-pau-n327-k46-hyb,327,46,polish,polish,1187,1568,1568.042,559296,747419.0670000006,47,True,748864.6369999998,-0.19303,1,replaced,90.5029296875,90.3134765625,turing-3,0.13.4,shortest__mamut-pau-n327-k46-hyb__seed__seed1__t784,shortest__mamut-pau-n327-k46-hyb__polish__seed1187__t1568
shortest,mamut-pau-n327-k46-hyb,327,46,main,seed,1,784,784.08,358436,747952.5040000005,47,True,748864.6369999998,-0.1218,0,,90.2626953125,90.275390625,turing-3,0.13.4,,shortest__mamut-pau-n327-k46-hyb__seed__seed1__t784
shortest,mamut-pau-n327-k46-hyb,327,46,main,seed,2,784,784.093,279873,748613.2390000003,47,True,748864.6369999998,-0.03357,0,,90.2626953125,90.33349609375,turing-3,0.13.4,,shortest__mamut-pau-n327-k46-hyb__seed__seed2__t784
shortest,mamut-pau-n327-k46-hyb,327,46,main,seed,3,784,784.085,297758,750049.5779999993,47,True,748864.6369999998,0.15823,0,,90.2626953125,90.33349609375,turing-3,0.13.4,,shortest__mamut-pau-n327-k46-hyb__seed__seed3__t784
shortest,mamut-pau-n327-k46-hyb,327,46,main,seed,4,784,784.087,263931,749604.7670000002,47,True,748864.6369999998,0.09883,0,,90.2216796875,90.38720703125,turing-3,0.13.4,,shortest__mamut-pau-n327-k46-hyb__seed__seed4__t784
shortest,mamut-pau-n327-k46-hyb,327,46,main,seed,5,784,784.084,298081,750693.961,47,True,748864.6369999998,0.24428,0,,90.2216796875,90.35595703125,turing-3,0.13.4,,shortest__mamut-pau-n327-k46-hyb__seed__seed5__t784
shortest,mamut-pau-n327-k46-hyb,327,46,main,seed,6,784,784.084,278517,750866.9150000002,47,True,748864.6369999998,0.26738,0,,90.2216796875,90.35595703125,turing-3,0.13.4,,shortest__mamut-pau-n327-k46-hyb__seed__seed6__t784
shortest,mamut-pau-n327-k46-hyb,327,46,main,seed,7,784,784.084,303275,749846.8060000006,47,True,748864.6369999998,0.13115,0,,90.2216796875,90.35595703125,turing-3,0.13.4,,shortest__mamut-pau-n327-k46-hyb__seed__seed7__t784
shortest,mamut-pau-n327-k46-hyb,327,46,main,seed,8,784,784.088,278421,748708.3900000006,47,True,748864.6369999998,-0.02086,0,,90.2216796875,90.35595703125,turing-3,0.13.4,,shortest__mamut-pau-n327-k46-hyb__seed__seed8__t784
shortest,mamut-pau-n327-k46-hyb,327,46,main,seed,9,784,784.085,250818,748899.802,47,True,748864.6369999998,0.0047,0,,90.2216796875,90.35595703125,turing-3,0.13.4,,shortest__mamut-pau-n327-k46-hyb__seed__seed9__t784
shortest,mamut-pau-n327-k46-hyb,327,46,main,seed,10,784,784.082,295058,748410.7610000002,47,True,748864.6369999998,-0.06061,0,,90.2626953125,90.275390625,turing-3,0.13.4,,shortest__mamut-pau-n327-k46-hyb__seed__seed10__t784
shortest,mamut-vannes-n335-k16-par,335,16,polish,polish,1214,1608,1608.037,810528,340923.90499999974,16,True,341866.6569999997,-0.27577,1,replaced,90.24560546875,90.2431640625,turing-3,0.13.4,shortest__mamut-vannes-n335-k16-par__seed__seed2__t804,shortest__mamut-vannes-n335-k16-par__polish__seed1214__t1608
shortest,mamut-vannes-n335-k16-par,335,16,main,seed,1,804,804.083,403416,342463.773,16,True,341866.6569999997,0.17466,0,,90.28564453125,90.3271484375,turing-3,0.13.4,,shortest__mamut-vannes-n335-k16-par__seed__seed1__t804
shortest,mamut-vannes-n335-k16-par,335,16,main,seed,2,804,804.057,559580,341536.546,16,True,341866.6569999997,-0.09656,0,,90.28564453125,90.3271484375,turing-3,0.13.4,,shortest__mamut-vannes-n335-k16-par__seed__seed2__t804
shortest,mamut-vannes-n335-k16-par,335,16,main,seed,3,804,804.088,456784,341966.23200000037,16,True,341866.6569999997,0.02913,0,,90.28564453125,90.3271484375,turing-3,0.13.4,,shortest__mamut-vannes-n335-k16-par__seed__seed3__t804
shortest,mamut-vannes-n335-k16-par,335,16,main,seed,4,804,804.09,434018,342220.3610000001,16,True,341866.6569999997,0.10346,0,,90.28564453125,90.3271484375,turing-3,0.13.4,,shortest__mamut-vannes-n335-k16-par__seed__seed4__t804
shortest,mamut-vannes-n335-k16-par,335,16,main,seed,5,804,804.086,607976,341937.8920000002,16,True,341866.6569999997,0.02084,0,,90.28564453125,90.3271484375,turing-3,0.13.4,,shortest__mamut-vannes-n335-k16-par__seed__seed5__t804
shortest,mamut-vannes-n335-k16-par,335,16,main,seed,6,804,804.087,531063,342340.223,16,True,341866.6569999997,0.13852,0,,90.28564453125,90.3271484375,turing-3,0.13.4,,shortest__mamut-vannes-n335-k16-par__seed__seed6__t804
shortest,mamut-vannes-n335-k16-par,335,16,main,seed,7,804,804.082,497774,341702.3560000001,16,True,341866.6569999997,-0.04806,0,,90.28564453125,90.3271484375,turing-3,0.13.4,,shortest__mamut-vannes-n335-k16-par__seed__seed7__t804
shortest,mamut-vannes-n335-k16-par,335,16,main,seed,8,804,804.091,457550,342422.3239999998,16,True,341866.6569999997,0.16254,0,,90.28564453125,90.3271484375,turing-3,0.13.4,,shortest__mamut-vannes-n335-k16-par__seed__seed8__t804
shortest,mamut-vannes-n335-k16-par,335,16,main,seed,9,804,804.07,412911,342400.11899999966,16,True,341866.6569999997,0.15604,0,,90.28564453125,90.3271484375,turing-3,0.13.4,,shortest__mamut-vannes-n335-k16-par__seed__seed9__t804
shortest,mamut-vannes-n335-k16-par,335,16,main,seed,10,804,804.083,553878,341831.97699999984,16,True,341866.6569999997,-0.01014,0,,90.28564453125,90.3271484375,turing-3,0.13.4,,shortest__mamut-vannes-n335-k16-par__seed__seed10__t804
shortest,mamut-brussels-n343-k46-poi,343,46,polish,polish,1133,1646,1646.04,806202,679549.8739999996,47,True,680915.5969999997,-0.20057,1,replaced,90.28662109375,90.18896484375,turing-3,0.13.4,shortest__mamut-brussels-n343-k46-poi__seed__seed4__t823,shortest__mamut-brussels-n343-k46-poi__polish__seed1133__t1646
shortest,mamut-brussels-n343-k46-poi,343,46,main,seed,1,823,823.082,356630,680343.744,47,True,680915.5969999997,-0.08398,0,,90.283203125,90.369140625,turing-3,0.13.4,,shortest__mamut-brussels-n343-k46-poi__seed__seed1__t823
shortest,mamut-brussels-n343-k46-poi,343,46,main,seed,2,823,823.087,310010,680579.280999999,47,True,680915.5969999997,-0.04939,0,,90.283203125,90.369140625,turing-3,0.13.4,,shortest__mamut-brussels-n343-k46-poi__seed__seed2__t823
shortest,mamut-brussels-n343-k46-poi,343,46,main,seed,3,823,823.088,328133,681268.2900000003,48,True,680915.5969999997,0.0518,0,,90.283203125,90.369140625,turing-3,0.13.4,,shortest__mamut-brussels-n343-k46-poi__seed__seed3__t823
shortest,mamut-brussels-n343-k46-poi,343,46,main,seed,4,823,823.09,314973,679549.8759999995,47,True,680915.5969999997,-0.20057,0,,90.283203125,90.369140625,turing-3,0.13.4,,shortest__mamut-brussels-n343-k46-poi__seed__seed4__t823
shortest,mamut-brussels-n343-k46-poi,343,46,main,seed,5,823,823.096,316334,681455.5909999995,48,True,680915.5969999997,0.0793,0,,90.26025390625,90.369140625,turing-3,0.13.4,,shortest__mamut-brussels-n343-k46-poi__seed__seed5__t823
shortest,mamut-brussels-n343-k46-poi,343,46,main,seed,6,823,823.092,309616,681577.9839999998,48,True,680915.5969999997,0.09728,0,,90.26025390625,90.419921875,turing-3,0.13.4,,shortest__mamut-brussels-n343-k46-poi__seed__seed6__t823
shortest,mamut-brussels-n343-k46-poi,343,46,main,seed,7,823,823.091,409487,680845.6969999999,47,True,680915.5969999997,-0.01027,0,,90.2197265625,90.42919921875,turing-3,0.13.4,,shortest__mamut-brussels-n343-k46-poi__seed__seed7__t823
shortest,mamut-brussels-n343-k46-poi,343,46,main,seed,8,823,823.088,360971,680932.9269999999,47,True,680915.5969999997,0.00255,0,,90.20166015625,90.47509765625,turing-3,0.13.4,,shortest__mamut-brussels-n343-k46-poi__seed__seed8__t823
shortest,mamut-brussels-n343-k46-poi,343,46,main,seed,9,823,823.098,345065,681078.444,47,True,680915.5969999997,0.02392,0,,90.20166015625,90.47509765625,turing-3,0.13.4,,shortest__mamut-brussels-n343-k46-poi__seed__seed9__t823
shortest,mamut-brussels-n343-k46-poi,343,46,main,seed,10,823,823.131,356585,681584.1789999998,48,True,680915.5969999997,0.09819,0,,90.283203125,90.369140625,turing-3,0.13.4,,shortest__mamut-brussels-n343-k46-poi__seed__seed10__t823
shortest,mamut-vilnius-n351-k9-poi,351,9,pilot,long,101,3368,3368.092,2231544,792805.2049999994,9,True,795318.8139999988,-0.31605,0,,1.15380859375,48.10107421875,turing-3,0.13.4,,shortest__mamut-vilnius-n351-k9-poi__long__seed101__t3368
shortest,mamut-vilnius-n351-k9-poi,351,9,polish,polish,1217,1684,1684.041,713666,792207.8359999997,9,True,795318.8139999988,-0.39116,1,kept_existing,90.18505859375,90.13427734375,turing-3,0.13.4,shortest__mamut-vilnius-n351-k9-poi__seed__seed4__t842,shortest__mamut-vilnius-n351-k9-poi__polish__seed1217__t1684
shortest,mamut-vilnius-n351-k9-poi,351,9,pilot,seed,1,842,842.102,315783,793358.7789999994,9,True,795318.8139999988,-0.24645,0,,90.359375,90.41552734375,turing-3,0.13.4,,shortest__mamut-vilnius-n351-k9-poi__seed__seed1__t842
shortest,mamut-vilnius-n351-k9-poi,351,9,pilot,seed,2,842,842.068,376514,793792.7699999991,9,True,795318.8139999988,-0.19188,0,,90.21630859375,90.6259765625,turing-3,0.13.4,,shortest__mamut-vilnius-n351-k9-poi__seed__seed2__t842
shortest,mamut-vilnius-n351-k9-poi,351,9,pilot,seed,3,842,842.117,294879,794198.1229999992,9,True,795318.8139999988,-0.14091,0,,90.21630859375,90.6259765625,turing-3,0.13.4,,shortest__mamut-vilnius-n351-k9-poi__seed__seed3__t842
shortest,mamut-vilnius-n351-k9-poi,351,9,main,seed,4,842,842.101,333321,792207.8359999997,9,True,795318.8139999988,-0.39116,0,,90.7822265625,90.28564453125,turing-3,0.13.4,,shortest__mamut-vilnius-n351-k9-poi__seed__seed4__t842
shortest,mamut-vilnius-n351-k9-poi,351,9,main,seed,5,842,842.097,411396,793543.2389999996,9,True,795318.8139999988,-0.22325,0,,90.7822265625,90.28564453125,turing-3,0.13.4,,shortest__mamut-vilnius-n351-k9-poi__seed__seed5__t842
shortest,mamut-vilnius-n351-k9-poi,351,9,main,seed,6,842,842.111,325522,795063.8800000004,9,True,795318.8139999988,-0.03205,0,,90.7822265625,90.28564453125,turing-3,0.13.4,,shortest__mamut-vilnius-n351-k9-poi__seed__seed6__t842
shortest,mamut-vilnius-n351-k9-poi,351,9,main,seed,7,842,842.115,493135,792426.6799999995,9,True,795318.8139999988,-0.36364,0,,90.7822265625,90.28564453125,turing-3,0.13.4,,shortest__mamut-vilnius-n351-k9-poi__seed__seed7__t842
shortest,mamut-vilnius-n351-k9-poi,351,9,main,seed,8,842,842.117,337122,793231.9110000001,9,True,795318.8139999988,-0.2624,0,,90.7822265625,90.28564453125,turing-3,0.13.4,,shortest__mamut-vilnius-n351-k9-poi__seed__seed8__t842
shortest,mamut-vilnius-n351-k9-poi,351,9,main,seed,9,842,842.11,446696,793947.7430000002,9,True,795318.8139999988,-0.17239,0,,90.7822265625,90.28564453125,turing-3,0.13.4,,shortest__mamut-vilnius-n351-k9-poi__seed__seed9__t842
shortest,mamut-vilnius-n351-k9-poi,351,9,main,seed,10,842,842.095,305964,793626.2469999999,9,True,795318.8139999988,-0.21282,0,,90.7822265625,90.28564453125,turing-3,0.13.4,,shortest__mamut-vilnius-n351-k9-poi__seed__seed10__t842
shortest,mamut-mumbai-n359-k44-poi,359,44,polish,polish,1176,1722,1722.051,596578,2034391.0420000013,44,True,2045060.7510000009,-0.52173,1,replaced,90.26025390625,90.09521484375,turing-3,0.13.4,shortest__mamut-mumbai-n359-k44-poi__seed__seed9__t861,shortest__mamut-mumbai-n359-k44-poi__polish__seed1176__t1722
shortest,mamut-mumbai-n359-k44-poi,359,44,main,seed,1,861,861.114,321448,2035360.0360000012,44,True,2045060.7510000009,-0.47435,0,,90.830078125,90.2412109375,turing-3,0.13.4,,shortest__mamut-mumbai-n359-k44-poi__seed__seed1__t861
shortest,mamut-mumbai-n359-k44-poi,359,44,main,seed,2,861,861.098,284608,2041144.3750000014,44,True,2045060.7510000009,-0.1915,0,,90.830078125,90.2216796875,turing-3,0.13.4,,shortest__mamut-mumbai-n359-k44-poi__seed__seed2__t861
shortest,mamut-mumbai-n359-k44-poi,359,44,main,seed,3,861,861.095,297558,2041948.552000001,44,True,2045060.7510000009,-0.15218,0,,90.76318359375,90.2216796875,turing-3,0.13.4,,shortest__mamut-mumbai-n359-k44-poi__seed__seed3__t861
shortest,mamut-mumbai-n359-k44-poi,359,44,main,seed,4,861,861.103,275120,2035090.5660000024,44,True,2045060.7510000009,-0.48753,0,,90.76318359375,90.2216796875,turing-3,0.13.4,,shortest__mamut-mumbai-n359-k44-poi__seed__seed4__t861
shortest,mamut-mumbai-n359-k44-poi,359,44,main,seed,5,861,861.095,311762,2036194.8939999999,44,True,2045060.7510000009,-0.43353,0,,90.76318359375,90.2216796875,turing-3,0.13.4,,shortest__mamut-mumbai-n359-k44-poi__seed__seed5__t861
shortest,mamut-mumbai-n359-k44-poi,359,44,main,seed,6,861,861.085,274914,2035248.6690000014,44,True,2045060.7510000009,-0.47979,0,,90.76318359375,90.2216796875,turing-3,0.13.4,,shortest__mamut-mumbai-n359-k44-poi__seed__seed6__t861
shortest,mamut-mumbai-n359-k44-poi,359,44,main,seed,7,861,861.09,242481,2035550.4620000022,44,True,2045060.7510000009,-0.46504,0,,90.76318359375,90.2216796875,turing-3,0.13.4,,shortest__mamut-mumbai-n359-k44-poi__seed__seed7__t861
shortest,mamut-mumbai-n359-k44-poi,359,44,main,seed,8,861,861.085,278115,2037762.7599999995,44,True,2045060.7510000009,-0.35686,0,,90.76318359375,90.2216796875,turing-3,0.13.4,,shortest__mamut-mumbai-n359-k44-poi__seed__seed8__t861
shortest,mamut-mumbai-n359-k44-poi,359,44,main,seed,9,861,861.09,271340,2034577.9960000012,44,True,2045060.7510000009,-0.51259,0,,90.76318359375,90.2216796875,turing-3,0.13.4,,shortest__mamut-mumbai-n359-k44-poi__seed__seed9__t861
shortest,mamut-mumbai-n359-k44-poi,359,44,main,seed,10,861,861.103,267858,2040526.8760000009,44,True,2045060.7510000009,-0.2217,0,,90.90283203125,90.2626953125,turing-3,0.13.4,,shortest__mamut-mumbai-n359-k44-poi__seed__seed10__t861
shortest,mamut-albi-n368-k10-par,368,10,polish,polish,1112,1766,1766.043,1272067,246045.11800000007,10,True,246872.30599999984,-0.33507,1,replaced,90.220703125,90.28759765625,turing-3,0.13.4,shortest__mamut-albi-n368-k10-par__seed__seed10__t883,shortest__mamut-albi-n368-k10-par__polish__seed1112__t1766
shortest,mamut-albi-n368-k10-par,368,10,main,seed,1,883,883.109,682286,246898.91600000006,10,True,246872.30599999984,0.01078,0,,90.26318359375,90.20166015625,turing-3,0.13.4,,shortest__mamut-albi-n368-k10-par__seed__seed1__t883
shortest,mamut-albi-n368-k10-par,368,10,main,seed,2,883,883.123,598738,247219.22500000018,10,True,246872.30599999984,0.14053,0,,90.26318359375,90.20166015625,turing-3,0.13.4,,shortest__mamut-albi-n368-k10-par__seed__seed2__t883
shortest,mamut-albi-n368-k10-par,368,10,main,seed,3,883,883.122,527214,247422.7860000001,10,True,246872.30599999984,0.22298,0,,90.26318359375,90.20166015625,turing-3,0.13.4,,shortest__mamut-albi-n368-k10-par__seed__seed3__t883
shortest,mamut-albi-n368-k10-par,368,10,main,seed,4,883,883.095,630165,246614.92600000015,10,True,246872.30599999984,-0.10426,0,,90.24169921875,90.345703125,turing-3,0.13.4,,shortest__mamut-albi-n368-k10-par__seed__seed4__t883
shortest,mamut-albi-n368-k10-par,368,10,main,seed,5,883,883.097,579752,247316.69399999993,10,True,246872.30599999984,0.18001,0,,90.24169921875,90.345703125,turing-3,0.13.4,,shortest__mamut-albi-n368-k10-par__seed__seed5__t883
shortest,mamut-albi-n368-k10-par,368,10,main,seed,6,883,883.101,544734,246837.5020000001,10,True,246872.30599999984,-0.0141,0,,90.24169921875,90.345703125,turing-3,0.13.4,,shortest__mamut-albi-n368-k10-par__seed__seed6__t883
shortest,mamut-albi-n368-k10-par,368,10,main,seed,7,883,883.095,697798,247165.91799999983,10,True,246872.30599999984,0.11893,0,,90.9814453125,90.20361328125,turing-3,0.13.4,,shortest__mamut-albi-n368-k10-par__seed__seed7__t883
shortest,mamut-albi-n368-k10-par,368,10,main,seed,8,883,883.099,831178,247282.29400000026,10,True,246872.30599999984,0.16607,0,,90.9814453125,90.20361328125,turing-3,0.13.4,,shortest__mamut-albi-n368-k10-par__seed__seed8__t883
shortest,mamut-albi-n368-k10-par,368,10,main,seed,9,883,883.1,696451,247270.9649999999,10,True,246872.30599999984,0.16148,0,,90.9814453125,90.20361328125,turing-3,0.13.4,,shortest__mamut-albi-n368-k10-par__seed__seed9__t883
shortest,mamut-albi-n368-k10-par,368,10,main,seed,10,883,883.115,644208,246489.11899999995,10,True,246872.30599999984,-0.15522,0,,90.244140625,90.26025390625,turing-3,0.13.4,,shortest__mamut-albi-n368-k10-par__seed__seed10__t883
shortest,mamut-grenoble-n376-k34-poi,376,34,polish,polish,1149,1804,1804.045,803282,380237.50899999967,34,True,382438.19499999995,-0.57544,1,kept_existing,90.26123046875,90.26904296875,turing-3,0.13.4,shortest__mamut-grenoble-n376-k34-poi__seed__seed6__t902,shortest__mamut-grenoble-n376-k34-poi__polish__seed1149__t1804
shortest,mamut-grenoble-n376-k34-poi,376,34,main,seed,1,902,902.091,459157,382460.65299999976,34,True,382438.19499999995,0.00587,0,,90.2353515625,90.9814453125,turing-3,0.13.4,,shortest__mamut-grenoble-n376-k34-poi__seed__seed1__t902
shortest,mamut-grenoble-n376-k34-poi,376,34,main,seed,2,902,902.094,355468,382580.87899999996,34,True,382438.19499999995,0.03731,0,,90.21630859375,90.9814453125,turing-3,0.13.4,,shortest__mamut-grenoble-n376-k34-poi__seed__seed2__t902
shortest,mamut-grenoble-n376-k34-poi,376,34,main,seed,3,902,902.102,457375,382813.43099999975,34,True,382438.19499999995,0.09812,0,,90.21630859375,90.90283203125,turing-3,0.13.4,,shortest__mamut-grenoble-n376-k34-poi__seed__seed3__t902
shortest,mamut-grenoble-n376-k34-poi,376,34,main,seed,4,902,902.098,324153,381476.08400000003,34,True,382438.19499999995,-0.25157,0,,90.28515625,90.7822265625,turing-3,0.13.4,,shortest__mamut-grenoble-n376-k34-poi__seed__seed4__t902
shortest,mamut-grenoble-n376-k34-poi,376,34,main,seed,5,902,902.089,500235,382199.9969999998,34,True,382438.19499999995,-0.06228,0,,90.28515625,90.7822265625,turing-3,0.13.4,,shortest__mamut-grenoble-n376-k34-poi__seed__seed5__t902
shortest,mamut-grenoble-n376-k34-poi,376,34,main,seed,6,902,902.095,346506,380237.50899999967,34,True,382438.19499999995,-0.57544,0,,90.28515625,90.7822265625,turing-3,0.13.4,,shortest__mamut-grenoble-n376-k34-poi__seed__seed6__t902
shortest,mamut-grenoble-n376-k34-poi,376,34,main,seed,7,902,902.108,494341,380857.27899999986,34,True,382438.19499999995,-0.41338,0,,90.265625,90.2197265625,turing-3,0.13.4,,shortest__mamut-grenoble-n376-k34-poi__seed__seed7__t902
shortest,mamut-grenoble-n376-k34-poi,376,34,main,seed,8,902,902.105,335495,381205.06699999975,34,True,382438.19499999995,-0.32244,0,,90.244140625,90.20166015625,turing-3,0.13.4,,shortest__mamut-grenoble-n376-k34-poi__seed__seed8__t902
shortest,mamut-grenoble-n376-k34-poi,376,34,main,seed,9,902,902.107,383911,382255.55800000037,34,True,382438.19499999995,-0.04776,0,,90.244140625,90.20166015625,turing-3,0.13.4,,shortest__mamut-grenoble-n376-k34-poi__seed__seed9__t902
shortest,mamut-grenoble-n376-k34-poi,376,34,main,seed,10,902,902.095,377589,380443.6079999999,34,True,382438.19499999995,-0.52154,0,,90.2353515625,90.9814453125,turing-3,0.13.4,,shortest__mamut-grenoble-n376-k34-poi__seed__seed10__t902
shortest,mamut-nice-n385-k12-poi,385,12,polish,polish,1181,1848,1848.034,889066,615382.1749999998,12,True,616370.0429999998,-0.16027,1,kept_existing,90.2841796875,90.56884765625,turing-3,0.13.4,shortest__mamut-nice-n385-k12-poi__seed__seed1__t924,shortest__mamut-nice-n385-k12-poi__polish__seed1181__t1848
shortest,mamut-nice-n385-k12-poi,385,12,main,seed,1,924,924.085,391675,615382.1749999998,12,True,616370.0429999998,-0.16027,0,,90.2353515625,90.7822265625,turing-3,0.13.4,,shortest__mamut-nice-n385-k12-poi__seed__seed1__t924
shortest,mamut-nice-n385-k12-poi,385,12,main,seed,2,924,924.122,422554,616114.8699999994,12,True,616370.0429999998,-0.0414,0,,90.2353515625,90.7822265625,turing-3,0.13.4,,shortest__mamut-nice-n385-k12-poi__seed__seed2__t924
shortest,mamut-nice-n385-k12-poi,385,12,main,seed,3,924,924.125,476560,615997.8669999995,12,True,616370.0429999998,-0.06038,0,,90.2353515625,90.7822265625,turing-3,0.13.4,,shortest__mamut-nice-n385-k12-poi__seed__seed3__t924
shortest,mamut-nice-n385-k12-poi,385,12,main,seed,4,924,924.106,520612,615911.9809999998,12,True,616370.0429999998,-0.07432,0,,90.2353515625,90.7822265625,turing-3,0.13.4,,shortest__mamut-nice-n385-k12-poi__seed__seed4__t924
shortest,mamut-nice-n385-k12-poi,385,12,main,seed,5,924,924.072,612877,616021.799,12,True,616370.0429999998,-0.0565,0,,90.2353515625,90.7822265625,turing-3,0.13.4,,shortest__mamut-nice-n385-k12-poi__seed__seed5__t924
shortest,mamut-nice-n385-k12-poi,385,12,main,seed,6,924,924.11,466568,616867.8720000001,12,True,616370.0429999998,0.08077,0,,90.2353515625,90.7822265625,turing-3,0.13.4,,shortest__mamut-nice-n385-k12-poi__seed__seed6__t924
shortest,mamut-nice-n385-k12-poi,385,12,main,seed,7,924,924.148,563152,616078.7300000006,12,True,616370.0429999998,-0.04726,0,,90.2353515625,90.7822265625,turing-3,0.13.4,,shortest__mamut-nice-n385-k12-poi__seed__seed7__t924
shortest,mamut-nice-n385-k12-poi,385,12,main,seed,8,924,924.108,449859,616301.2030000002,12,True,616370.0429999998,-0.01117,0,,90.2353515625,90.7822265625,turing-3,0.13.4,,shortest__mamut-nice-n385-k12-poi__seed__seed8__t924
shortest,mamut-nice-n385-k12-poi,385,12,main,seed,9,924,924.11,451485,616085.2090000003,12,True,616370.0429999998,-0.04621,0,,90.2353515625,90.7822265625,turing-3,0.13.4,,shortest__mamut-nice-n385-k12-poi__seed__seed9__t924
shortest,mamut-nice-n385-k12-poi,385,12,main,seed,10,924,924.127,429087,616206.5479999998,12,True,616370.0429999998,-0.02653,0,,90.2353515625,90.7822265625,turing-3,0.13.4,,shortest__mamut-nice-n385-k12-poi__seed__seed10__t924
shortest,mamut-carcassonne-n394-k20-par,394,20,polish,polish,1138,1890,1890.044,966292,397552.2200000001,20,True,397591.89300000033,-0.00998,1,kept_existing,90.2841796875,90.4716796875,turing-3,0.13.4,shortest__mamut-carcassonne-n394-k20-par__seed__seed3__t945,shortest__mamut-carcassonne-n394-k20-par__polish__seed1138__t1890
shortest,mamut-carcassonne-n394-k20-par,394,20,main,seed,1,945,945.116,532154,398303.1810000003,20,True,397591.89300000033,0.1789,0,,90.20263671875,90.265625,turing-3,0.13.4,,shortest__mamut-carcassonne-n394-k20-par__seed__seed1__t945
shortest,mamut-carcassonne-n394-k20-par,394,20,main,seed,2,945,945.123,554882,397657.48400000035,20,True,397591.89300000033,0.0165,0,,90.18603515625,90.244140625,turing-3,0.13.4,,shortest__mamut-carcassonne-n394-k20-par__seed__seed2__t945
shortest,mamut-carcassonne-n394-k20-par,394,20,main,seed,3,945,945.117,528452,397552.2200000001,20,True,397591.89300000033,-0.00998,0,,90.18603515625,90.244140625,turing-3,0.13.4,,shortest__mamut-carcassonne-n394-k20-par__seed__seed3__t945
shortest,mamut-carcassonne-n394-k20-par,394,20,main,seed,4,945,945.112,448991,398072.2650000001,20,True,397591.89300000033,0.12082,0,,90.224609375,90.26318359375,turing-3,0.13.4,,shortest__mamut-carcassonne-n394-k20-par__seed__seed4__t945
shortest,mamut-carcassonne-n394-k20-par,394,20,main,seed,5,945,945.113,429858,398194.32000000024,20,True,397591.89300000033,0.15152,0,,90.224609375,90.26318359375,turing-3,0.13.4,,shortest__mamut-carcassonne-n394-k20-par__seed__seed5__t945
shortest,mamut-carcassonne-n394-k20-par,394,20,main,seed,6,945,945.103,458935,398428.56099999975,20,True,397591.89300000033,0.21043,0,,90.287109375,90.24169921875,turing-3,0.13.4,,shortest__mamut-carcassonne-n394-k20-par__seed__seed6__t945
shortest,mamut-carcassonne-n394-k20-par,394,20,main,seed,7,945,945.105,520036,398630.03899999993,20,True,397591.89300000033,0.26111,0,,90.21533203125,90.71923828125,turing-3,0.13.4,,shortest__mamut-carcassonne-n394-k20-par__seed__seed7__t945
shortest,mamut-carcassonne-n394-k20-par,394,20,main,seed,8,945,945.101,624895,398353.15500000014,20,True,397591.89300000033,0.19147,0,,90.21533203125,90.71923828125,turing-3,0.13.4,,shortest__mamut-carcassonne-n394-k20-par__seed__seed8__t945
shortest,mamut-carcassonne-n394-k20-par,394,20,main,seed,9,945,945.096,560864,398299.51399999973,20,True,397591.89300000033,0.17798,0,,90.21533203125,90.71923828125,turing-3,0.13.4,,shortest__mamut-carcassonne-n394-k20-par__seed__seed9__t945
shortest,mamut-carcassonne-n394-k20-par,394,20,main,seed,10,945,945.114,424928,398298.11500000005,20,True,397591.89300000033,0.17762,0,,90.20263671875,90.265625,turing-3,0.13.4,,shortest__mamut-carcassonne-n394-k20-par__seed__seed10__t945
shortest,mamut-annecy-n404-k11-hyb,404,11,polish,polish,1116,1938,1938.034,1465359,375457.5529999998,11,True,376319.1929999994,-0.22897,1,replaced,90.15625,90.24609375,turing-3,0.13.4,shortest__mamut-annecy-n404-k11-hyb__seed__seed7__t969,shortest__mamut-annecy-n404-k11-hyb__polish__seed1116__t1938
shortest,mamut-annecy-n404-k11-hyb,404,11,main,seed,1,969,969.078,657551,375722.5139999998,11,True,376319.1929999994,-0.15856,0,,90.25634765625,90.2353515625,turing-3,0.13.4,,shortest__mamut-annecy-n404-k11-hyb__seed__seed1__t969
shortest,mamut-annecy-n404-k11-hyb,404,11,main,seed,2,969,969.078,703743,376729.97799999954,11,True,376319.1929999994,0.10916,0,,90.25634765625,90.2353515625,turing-3,0.13.4,,shortest__mamut-annecy-n404-k11-hyb__seed__seed2__t969
shortest,mamut-annecy-n404-k11-hyb,404,11,main,seed,3,969,969.158,578491,375703.1479999996,11,True,376319.1929999994,-0.1637,0,,90.25634765625,90.2353515625,turing-3,0.13.4,,shortest__mamut-annecy-n404-k11-hyb__seed__seed3__t969
shortest,mamut-annecy-n404-k11-hyb,404,11,main,seed,4,969,969.123,691778,375772.1330000001,11,True,376319.1929999994,-0.14537,0,,90.39599609375,90.2353515625,turing-3,0.13.4,,shortest__mamut-annecy-n404-k11-hyb__seed__seed4__t969
shortest,mamut-annecy-n404-k11-hyb,404,11,main,seed,5,969,969.131,626891,377344.6599999998,11,True,376319.1929999994,0.2725,0,,90.39599609375,90.2353515625,turing-3,0.13.4,,shortest__mamut-annecy-n404-k11-hyb__seed__seed5__t969
shortest,mamut-annecy-n404-k11-hyb,404,11,main,seed,6,969,969.123,797842,376161.24499999976,11,True,376319.1929999994,-0.04197,0,,90.39599609375,90.21630859375,turing-3,0.13.4,,shortest__mamut-annecy-n404-k11-hyb__seed__seed6__t969
shortest,mamut-annecy-n404-k11-hyb,404,11,main,seed,7,969,969.126,701323,375554.1709999997,11,True,376319.1929999994,-0.20329,0,,90.20263671875,90.24169921875,turing-3,0.13.4,,shortest__mamut-annecy-n404-k11-hyb__seed__seed7__t969
shortest,mamut-annecy-n404-k11-hyb,404,11,main,seed,8,969,969.113,668924,377230.64699999976,11,True,376319.1929999994,0.2422,0,,90.20263671875,90.26318359375,turing-3,0.13.4,,shortest__mamut-annecy-n404-k11-hyb__seed__seed8__t969
shortest,mamut-annecy-n404-k11-hyb,404,11,main,seed,9,969,969.122,550668,376229.55699999974,11,True,376319.1929999994,-0.02382,0,,90.20263671875,90.24169921875,turing-3,0.13.4,,shortest__mamut-annecy-n404-k11-hyb__seed__seed9__t969
shortest,mamut-annecy-n404-k11-hyb,404,11,main,seed,10,969,969.125,590553,378004.04400000017,11,True,376319.1929999994,0.44772,0,,90.25634765625,90.2353515625,turing-3,0.13.4,,shortest__mamut-annecy-n404-k11-hyb__seed__seed10__t969
shortest,mamut-angers-n413-k95-hyb,413,95,polish,polish,1115,1982,1982.045,532658,3342871.731999999,96,True,3349611.803999998,-0.20122,1,replaced,90.28564453125,90.18115234375,turing-3,0.13.4,shortest__mamut-angers-n413-k95-hyb__seed__seed3__t991,shortest__mamut-angers-n413-k95-hyb__polish__seed1115__t1982
shortest,mamut-angers-n413-k95-hyb,413,95,main,seed,1,991,991.068,242444,3343979.5109999967,96,True,3349611.803999998,-0.16815,0,,90.35888671875,90.2353515625,turing-3,0.13.4,,shortest__mamut-angers-n413-k95-hyb__seed__seed1__t991
shortest,mamut-angers-n413-k95-hyb,413,95,main,seed,2,991,991.107,251383,3345896.7179999994,96,True,3349611.803999998,-0.11091,0,,90.35888671875,90.2353515625,turing-3,0.13.4,,shortest__mamut-angers-n413-k95-hyb__seed__seed2__t991
shortest,mamut-angers-n413-k95-hyb,413,95,main,seed,3,991,991.102,219703,3342982.2429999993,96,True,3349611.803999998,-0.19792,0,,90.35888671875,90.2353515625,turing-3,0.13.4,,shortest__mamut-angers-n413-k95-hyb__seed__seed3__t991
shortest,mamut-angers-n413-k95-hyb,413,95,main,seed,4,991,991.11,256335,3344993.6289999974,96,True,3349611.803999998,-0.13787,0,,90.35888671875,90.2353515625,turing-3,0.13.4,,shortest__mamut-angers-n413-k95-hyb__seed__seed4__t991
shortest,mamut-angers-n413-k95-hyb,413,95,main,seed,5,991,991.105,260349,3348346.8830000004,96,True,3349611.803999998,-0.03776,0,,90.35888671875,90.2353515625,turing-3,0.13.4,,shortest__mamut-angers-n413-k95-hyb__seed__seed5__t991
shortest,mamut-angers-n413-k95-hyb,413,95,main,seed,6,991,991.103,290759,3348101.849999998,96,True,3349611.803999998,-0.04508,0,,90.35888671875,90.2353515625,turing-3,0.13.4,,shortest__mamut-angers-n413-k95-hyb__seed__seed6__t991
shortest,mamut-angers-n413-k95-hyb,413,95,main,seed,7,991,991.117,260192,3344172.206999999,96,True,3349611.803999998,-0.16239,0,,90.35888671875,90.2353515625,turing-3,0.13.4,,shortest__mamut-angers-n413-k95-hyb__seed__seed7__t991
shortest,mamut-angers-n413-k95-hyb,413,95,main,seed,8,991,991.103,261758,3348880.364999999,96,True,3349611.803999998,-0.02184,0,,90.35888671875,90.2353515625,turing-3,0.13.4,,shortest__mamut-angers-n413-k95-hyb__seed__seed8__t991
shortest,mamut-angers-n413-k95-hyb,413,95,main,seed,9,991,991.11,277693,3346995.8830000022,96,True,3349611.803999998,-0.0781,0,,90.35888671875,90.2353515625,turing-3,0.13.4,,shortest__mamut-angers-n413-k95-hyb__seed__seed9__t991
shortest,mamut-angers-n413-k95-hyb,413,95,main,seed,10,991,991.109,257586,3344364.8859999985,96,True,3349611.803999998,-0.15664,0,,90.35888671875,90.2353515625,turing-3,0.13.4,,shortest__mamut-angers-n413-k95-hyb__seed__seed10__t991
shortest,mamut-riga-n423-k105-poi,423,105,polish,polish,1195,2030,2030.072,595279,4286212.678000002,109,True,4308577.913999997,-0.51909,1,replaced,90.34521484375,90.38671875,turing-3,0.13.4,shortest__mamut-riga-n423-k105-poi__seed__seed3__t1015,shortest__mamut-riga-n423-k105-poi__polish__seed1195__t2030
shortest,mamut-riga-n423-k105-poi,423,105,main,seed,1,1015,1015.132,347767,4311417.946000001,110,True,4308577.913999997,0.06592,0,,90.34912109375,90.20263671875,turing-3,0.13.4,,shortest__mamut-riga-n423-k105-poi__seed__seed1__t1015
shortest,mamut-riga-n423-k105-poi,423,105,main,seed,2,1015,1015.11,321104,4288327.051999998,109,True,4308577.913999997,-0.47001,0,,90.34912109375,90.20263671875,turing-3,0.13.4,,shortest__mamut-riga-n423-k105-poi__seed__seed2__t1015
shortest,mamut-riga-n423-k105-poi,423,105,main,seed,3,1015,1015.104,394422,4287824.595999998,109,True,4308577.913999997,-0.48167,0,,90.34912109375,90.20263671875,turing-3,0.13.4,,shortest__mamut-riga-n423-k105-poi__seed__seed3__t1015
shortest,mamut-riga-n423-k105-poi,423,105,main,seed,4,1015,1015.13,352338,4301996.595999996,109,True,4308577.913999997,-0.15275,0,,90.34912109375,90.20263671875,turing-3,0.13.4,,shortest__mamut-riga-n423-k105-poi__seed__seed4__t1015
shortest,mamut-riga-n423-k105-poi,423,105,main,seed,5,1015,1015.107,318439,4295462.393999998,109,True,4308577.913999997,-0.3044,0,,90.32080078125,90.18603515625,turing-3,0.13.4,,shortest__mamut-riga-n423-k105-poi__seed__seed5__t1015
shortest,mamut-riga-n423-k105-poi,423,105,main,seed,6,1015,1015.119,448986,4299071.046000004,109,True,4308577.913999997,-0.22065,0,,90.32080078125,90.18603515625,turing-3,0.13.4,,shortest__mamut-riga-n423-k105-poi__seed__seed6__t1015
shortest,mamut-riga-n423-k105-poi,423,105,main,seed,7,1015,1015.074,468728,4299029.834999999,109,True,4308577.913999997,-0.22161,0,,90.35888671875,90.31005859375,turing-3,0.13.4,,shortest__mamut-riga-n423-k105-poi__seed__seed7__t1015
shortest,mamut-riga-n423-k105-poi,423,105,main,seed,8,1015,1015.129,446574,4294761.501,109,True,4308577.913999997,-0.32067,0,,90.35888671875,90.28515625,turing-3,0.13.4,,shortest__mamut-riga-n423-k105-poi__seed__seed8__t1015
shortest,mamut-riga-n423-k105-poi,423,105,main,seed,9,1015,1015.076,349845,4294320.322999998,109,True,4308577.913999997,-0.33091,0,,90.35888671875,90.28515625,turing-3,0.13.4,,shortest__mamut-riga-n423-k105-poi__seed__seed9__t1015
shortest,mamut-riga-n423-k105-poi,423,105,main,seed,10,1015,1015.105,417683,4306980.552000002,110,True,4308577.913999997,-0.03707,0,,90.34912109375,90.20263671875,turing-3,0.13.4,,shortest__mamut-riga-n423-k105-poi__seed__seed10__t1015
shortest,mamut-nancy-n433-k9-hyb,433,9,polish,polish,1178,2078,2078.054,1512622,297343.92199999996,9,True,301432.1699999999,-1.35627,1,replaced,90.24169921875,90.32666015625,turing-3,0.13.4,shortest__mamut-nancy-n433-k9-hyb__seed__seed9__t1039,shortest__mamut-nancy-n433-k9-hyb__polish__seed1178__t2078
shortest,mamut-nancy-n433-k9-hyb,433,9,main,seed,1,1039,1039.124,870620,298235.0489999998,9,True,301432.1699999999,-1.06064,0,,90.16796875,90.35888671875,turing-3,0.13.4,,shortest__mamut-nancy-n433-k9-hyb__seed__seed1__t1039
shortest,mamut-nancy-n433-k9-hyb,433,9,main,seed,2,1039,1039.137,762031,301085.6709999998,9,True,301432.1699999999,-0.11495,0,,90.16796875,90.35888671875,turing-3,0.13.4,,shortest__mamut-nancy-n433-k9-hyb__seed__seed2__t1039
shortest,mamut-nancy-n433-k9-hyb,433,9,main,seed,3,1039,1039.124,685205,299077.7639999999,9,True,301432.1699999999,-0.78107,0,,90.16796875,90.35888671875,turing-3,0.13.4,,shortest__mamut-nancy-n433-k9-hyb__seed__seed3__t1039
shortest,mamut-nancy-n433-k9-hyb,433,9,main,seed,4,1039,1039.126,636155,301109.0599999998,9,True,301432.1699999999,-0.10719,0,,90.1298828125,90.27880859375,turing-3,0.13.4,,shortest__mamut-nancy-n433-k9-hyb__seed__seed4__t1039
shortest,mamut-nancy-n433-k9-hyb,433,9,main,seed,5,1039,1039.135,636589,299112.79600000015,9,True,301432.1699999999,-0.76945,0,,90.1298828125,90.27880859375,turing-3,0.13.4,,shortest__mamut-nancy-n433-k9-hyb__seed__seed5__t1039
shortest,mamut-nancy-n433-k9-hyb,433,9,main,seed,6,1039,1039.133,729418,298911.9259999996,9,True,301432.1699999999,-0.83609,0,,90.119140625,90.25634765625,turing-3,0.13.4,,shortest__mamut-nancy-n433-k9-hyb__seed__seed6__t1039
shortest,mamut-nancy-n433-k9-hyb,433,9,main,seed,7,1039,1039.119,725944,301001.92199999985,9,True,301432.1699999999,-0.14273,0,,90.34912109375,90.287109375,turing-3,0.13.4,,shortest__mamut-nancy-n433-k9-hyb__seed__seed7__t1039
shortest,mamut-nancy-n433-k9-hyb,433,9,main,seed,8,1039,1039.081,607909,297772.44500000007,9,True,301432.1699999999,-1.21411,0,,90.3798828125,90.224609375,turing-3,0.13.4,,shortest__mamut-nancy-n433-k9-hyb__seed__seed8__t1039
shortest,mamut-nancy-n433-k9-hyb,433,9,main,seed,9,1039,1039.117,734379,297469.6939999999,9,True,301432.1699999999,-1.31455,0,,90.3798828125,90.224609375,turing-3,0.13.4,,shortest__mamut-nancy-n433-k9-hyb__seed__seed9__t1039
shortest,mamut-nancy-n433-k9-hyb,433,9,main,seed,10,1039,1039.118,697067,299629.63400000025,9,True,301432.1699999999,-0.59799,0,,90.16796875,90.330078125,turing-3,0.13.4,,shortest__mamut-nancy-n433-k9-hyb__seed__seed10__t1039
shortest,mamut-bourges-n443-k46-par,443,46,polish,polish,1131,2126,2126.056,867261,507005.40699999995,46,True,507929.1879999995,-0.18187,1,replaced,90.28857421875,90.38134765625,turing-3,0.13.4,shortest__mamut-bourges-n443-k46-par__seed__seed6__t1063,shortest__mamut-bourges-n443-k46-par__polish__seed1131__t2126
shortest,mamut-bourges-n443-k46-par,443,46,main,seed,1,1063,1063.131,459791,508285.12200000003,46,True,507929.1879999995,0.07008,0,,90.1826171875,90.27880859375,turing-3,0.13.4,,shortest__mamut-bourges-n443-k46-par__seed__seed1__t1063
shortest,mamut-bourges-n443-k46-par,443,46,main,seed,2,1063,1063.121,431315,508682.1370000001,46,True,507929.1879999995,0.14824,0,,90.1826171875,90.27880859375,turing-3,0.13.4,,shortest__mamut-bourges-n443-k46-par__seed__seed2__t1063
shortest,mamut-bourges-n443-k46-par,443,46,main,seed,3,1063,1063.117,456623,508711.8189999996,46,True,507929.1879999995,0.15408,0,,90.1826171875,90.25634765625,turing-3,0.13.4,,shortest__mamut-bourges-n443-k46-par__seed__seed3__t1063
shortest,mamut-bourges-n443-k46-par,443,46,main,seed,4,1063,1063.118,424847,508365.1410000001,46,True,507929.1879999995,0.08583,0,,90.1826171875,90.25634765625,turing-3,0.13.4,,shortest__mamut-bourges-n443-k46-par__seed__seed4__t1063
shortest,mamut-bourges-n443-k46-par,443,46,main,seed,5,1063,1063.071,442650,507819.1020000001,46,True,507929.1879999995,-0.02167,0,,90.16796875,90.25634765625,turing-3,0.13.4,,shortest__mamut-bourges-n443-k46-par__seed__seed5__t1063
shortest,mamut-bourges-n443-k46-par,443,46,main,seed,6,1063,1063.122,564573,507432.5360000001,46,True,507929.1879999995,-0.09778,0,,90.16796875,90.25634765625,turing-3,0.13.4,,shortest__mamut-bourges-n443-k46-par__seed__seed6__t1063
shortest,mamut-bourges-n443-k46-par,443,46,main,seed,7,1063,1063.128,518766,507699.7239999999,46,True,507929.1879999995,-0.04518,0,,90.16796875,90.25634765625,turing-3,0.13.4,,shortest__mamut-bourges-n443-k46-par__seed__seed7__t1063
shortest,mamut-bourges-n443-k46-par,443,46,main,seed,8,1063,1063.109,515282,508743.3280000001,46,True,507929.1879999995,0.16029,0,,90.16796875,90.25634765625,turing-3,0.13.4,,shortest__mamut-bourges-n443-k46-par__seed__seed8__t1063
shortest,mamut-bourges-n443-k46-par,443,46,main,seed,9,1063,1063.075,512940,508914.37499999953,46,True,507929.1879999995,0.19396,0,,90.16796875,90.25634765625,turing-3,0.13.4,,shortest__mamut-bourges-n443-k46-par__seed__seed9__t1063
shortest,mamut-bourges-n443-k46-par,443,46,main,seed,10,1063,1063.124,406655,507870.7530000004,46,True,507929.1879999995,-0.0115,0,,90.1826171875,90.27880859375,turing-3,0.13.4,,shortest__mamut-bourges-n443-k46-par__seed__seed10__t1063
shortest,mamut-lorient-n453-k114-par,453,114,polish,polish,1162,2174,2174.05,541781,813544.88,114,True,814701.3640000005,-0.14195,1,kept_existing,90.24072265625,90.33984375,turing-3,0.13.4,shortest__mamut-lorient-n453-k114-par__seed__seed1__t1087,shortest__mamut-lorient-n453-k114-par__polish__seed1162__t2174
shortest,mamut-lorient-n453-k114-par,453,114,main,seed,1,1087,1087.121,277103,813544.88,114,True,814701.3640000005,-0.14195,0,,90.2265625,90.34912109375,turing-3,0.13.4,,shortest__mamut-lorient-n453-k114-par__seed__seed1__t1087
shortest,mamut-lorient-n453-k114-par,453,114,main,seed,2,1087,1087.127,265018,813765.4849999995,114,True,814701.3640000005,-0.11487,0,,90.2265625,90.34912109375,turing-3,0.13.4,,shortest__mamut-lorient-n453-k114-par__seed__seed2__t1087
shortest,mamut-lorient-n453-k114-par,453,114,main,seed,3,1087,1087.126,379282,813928.0649999996,114,True,814701.3640000005,-0.09492,0,,90.2265625,90.34912109375,turing-3,0.13.4,,shortest__mamut-lorient-n453-k114-par__seed__seed3__t1087
shortest,mamut-lorient-n453-k114-par,453,114,main,seed,4,1087,1087.123,365141,813562.7940000002,114,True,814701.3640000005,-0.13975,0,,90.2265625,90.34912109375,turing-3,0.13.4,,shortest__mamut-lorient-n453-k114-par__seed__seed4__t1087
shortest,mamut-lorient-n453-k114-par,453,114,main,seed,5,1087,1087.123,293397,813740.514,114,True,814701.3640000005,-0.11794,0,,90.2265625,90.32080078125,turing-3,0.13.4,,shortest__mamut-lorient-n453-k114-par__seed__seed5__t1087
shortest,mamut-lorient-n453-k114-par,453,114,main,seed,6,1087,1087.122,263762,813740.5140000003,114,True,814701.3640000005,-0.11794,0,,90.2265625,90.32080078125,turing-3,0.13.4,,shortest__mamut-lorient-n453-k114-par__seed__seed6__t1087
shortest,mamut-lorient-n453-k114-par,453,114,main,seed,7,1087,1087.107,418137,813544.8800000004,114,True,814701.3640000005,-0.14195,0,,90.255859375,90.25634765625,turing-3,0.13.4,,shortest__mamut-lorient-n453-k114-par__seed__seed7__t1087
shortest,mamut-lorient-n453-k114-par,453,114,main,seed,8,1087,1087.123,358490,813603.9320000001,114,True,814701.3640000005,-0.1347,0,,90.2353515625,90.39599609375,turing-3,0.13.4,,shortest__mamut-lorient-n453-k114-par__seed__seed8__t1087
shortest,mamut-lorient-n453-k114-par,453,114,main,seed,9,1087,1087.125,283210,813971.4170000005,114,True,814701.3640000005,-0.0896,0,,90.255859375,90.25634765625,turing-3,0.13.4,,shortest__mamut-lorient-n453-k114-par__seed__seed9__t1087
shortest,mamut-lorient-n453-k114-par,453,114,main,seed,10,1087,1087.08,399466,813766.8430000005,114,True,814701.3640000005,-0.11471,0,,90.2265625,90.34912109375,turing-3,0.13.4,,shortest__mamut-lorient-n453-k114-par__seed__seed10__t1087
shortest,mamut-ajaccio-n464-k10-par,464,10,polish,polish,1111,2226,2226.06,1076838,358275.98400000005,10,True,358604.60000000003,-0.09164,1,replaced,90.27197265625,90.32373046875,turing-3,0.13.4,shortest__mamut-ajaccio-n464-k10-par__seed__seed8__t1113,shortest__mamut-ajaccio-n464-k10-par__polish__seed1111__t2226
shortest,mamut-ajaccio-n464-k10-par,464,10,main,seed,1,1113,1113.157,670800,358377.54199999984,10,True,358604.60000000003,-0.06332,0,,90.47119140625,90.16796875,turing-3,0.13.4,,shortest__mamut-ajaccio-n464-k10-par__seed__seed1__t1113
shortest,mamut-ajaccio-n464-k10-par,464,10,main,seed,2,1113,1113.175,543193,358544.7650000001,10,True,358604.60000000003,-0.01669,0,,90.47119140625,90.16796875,turing-3,0.13.4,,shortest__mamut-ajaccio-n464-k10-par__seed__seed2__t1113
shortest,mamut-ajaccio-n464-k10-par,464,10,main,seed,3,1113,1113.13,585324,358578.31500000006,10,True,358604.60000000003,-0.00733,0,,90.47119140625,90.16796875,turing-3,0.13.4,,shortest__mamut-ajaccio-n464-k10-par__seed__seed3__t1113
shortest,mamut-ajaccio-n464-k10-par,464,10,main,seed,4,1113,1113.146,699250,358705.5430000001,10,True,358604.60000000003,0.02815,0,,90.47119140625,90.16796875,turing-3,0.13.4,,shortest__mamut-ajaccio-n464-k10-par__seed__seed4__t1113
shortest,mamut-ajaccio-n464-k10-par,464,10,main,seed,5,1113,1113.157,550197,359195.9130000001,10,True,358604.60000000003,0.16489,0,,90.47119140625,90.16796875,turing-3,0.13.4,,shortest__mamut-ajaccio-n464-k10-par__seed__seed5__t1113
shortest,mamut-ajaccio-n464-k10-par,464,10,main,seed,6,1113,1113.173,791491,358434.8550000003,10,True,358604.60000000003,-0.04733,0,,90.47119140625,90.16796875,turing-3,0.13.4,,shortest__mamut-ajaccio-n464-k10-par__seed__seed6__t1113
shortest,mamut-ajaccio-n464-k10-par,464,10,main,seed,7,1113,1113.167,584535,359128.1150000001,10,True,358604.60000000003,0.14599,0,,90.3759765625,90.3798828125,turing-3,0.13.4,,shortest__mamut-ajaccio-n464-k10-par__seed__seed7__t1113
shortest,mamut-ajaccio-n464-k10-par,464,10,main,seed,8,1113,1113.143,773468,358275.9860000002,10,True,358604.60000000003,-0.09164,0,,90.3759765625,90.3798828125,turing-3,0.13.4,,shortest__mamut-ajaccio-n464-k10-par__seed__seed8__t1113
shortest,mamut-ajaccio-n464-k10-par,464,10,main,seed,9,1113,1113.099,734178,358719.63800000027,10,True,358604.60000000003,0.03208,0,,90.3759765625,90.3798828125,turing-3,0.13.4,,shortest__mamut-ajaccio-n464-k10-par__seed__seed9__t1113
shortest,mamut-ajaccio-n464-k10-par,464,10,main,seed,10,1113,1113.131,549460,358386.15999999986,10,True,358604.60000000003,-0.06091,0,,90.47119140625,90.16796875,turing-3,0.13.4,,shortest__mamut-ajaccio-n464-k10-par__seed__seed10__t1113
shortest,mamut-chartres-n475-k53-par,475,53,polish,polish,1141,2280,2280.051,639387,913209.1830000002,53,True,914960.7850000005,-0.19144,1,kept_existing,90.255859375,90.32080078125,turing-3,0.13.4,shortest__mamut-chartres-n475-k53-par__seed__seed4__t1140,shortest__mamut-chartres-n475-k53-par__polish__seed1141__t2280
shortest,mamut-chartres-n475-k53-par,475,53,main,seed,1,1140,1140.136,358282,913896.3209999992,53,True,914960.7850000005,-0.11634,0,,90.2724609375,90.16796875,turing-3,0.13.4,,shortest__mamut-chartres-n475-k53-par__seed__seed1__t1140
shortest,mamut-chartres-n475-k53-par,475,53,main,seed,2,1140,1140.142,425371,915158.7980000003,53,True,914960.7850000005,0.02164,0,,90.2724609375,90.16796875,turing-3,0.13.4,,shortest__mamut-chartres-n475-k53-par__seed__seed2__t1140
shortest,mamut-chartres-n475-k53-par,475,53,main,seed,3,1140,1140.148,280549,915274.9029999994,53,True,914960.7850000005,0.03433,0,,90.2724609375,90.16796875,turing-3,0.13.4,,shortest__mamut-chartres-n475-k53-par__seed__seed3__t1140
shortest,mamut-chartres-n475-k53-par,475,53,main,seed,4,1140,1140.163,300870,913209.1830000002,53,True,914960.7850000005,-0.19144,0,,90.2724609375,90.16796875,turing-3,0.13.4,,shortest__mamut-chartres-n475-k53-par__seed__seed4__t1140
shortest,mamut-chartres-n475-k53-par,475,53,main,seed,5,1140,1140.085,297506,913578.6540000002,53,True,914960.7850000005,-0.15106,0,,90.2724609375,90.16796875,turing-3,0.13.4,,shortest__mamut-chartres-n475-k53-par__seed__seed5__t1140
shortest,mamut-chartres-n475-k53-par,475,53,main,seed,6,1140,1140.156,342996,916319.7470000002,53,True,914960.7850000005,0.14853,0,,90.2724609375,90.16796875,turing-3,0.13.4,,shortest__mamut-chartres-n475-k53-par__seed__seed6__t1140
shortest,mamut-chartres-n475-k53-par,475,53,main,seed,7,1140,1140.15,327444,914919.8689999994,53,True,914960.7850000005,-0.00447,0,,90.2724609375,90.16796875,turing-3,0.13.4,,shortest__mamut-chartres-n475-k53-par__seed__seed7__t1140
shortest,mamut-chartres-n475-k53-par,475,53,main,seed,8,1140,1140.151,276041,916648.279,53,True,914960.7850000005,0.18443,0,,90.2724609375,90.16796875,turing-3,0.13.4,,shortest__mamut-chartres-n475-k53-par__seed__seed8__t1140
shortest,mamut-chartres-n475-k53-par,475,53,main,seed,9,1140,1140.138,277525,915400.9949999996,53,True,914960.7850000005,0.04811,0,,90.2724609375,90.16796875,turing-3,0.13.4,,shortest__mamut-chartres-n475-k53-par__seed__seed9__t1140
shortest,mamut-chartres-n475-k53-par,475,53,main,seed,10,1140,1140.129,368104,915051.349,53,True,914960.7850000005,0.0099,0,,90.2724609375,90.16796875,turing-3,0.13.4,,shortest__mamut-chartres-n475-k53-par__seed__seed10__t1140
shortest,mamut-bastia-n486-k22-par,486,22,polish,polish,1123,2332,2332.072,797618,886699.4790000003,22,True,888235.2630000007,-0.1729,1,replaced,90.3876953125,90.470703125,turing-3,0.13.4,shortest__mamut-bastia-n486-k22-par__seed__seed1__t1166,shortest__mamut-bastia-n486-k22-par__polish__seed1123__t2332
shortest,mamut-bastia-n486-k22-par,486,22,main,seed,1,1166,1166.148,412977,886762.7710000001,22,True,888235.2630000007,-0.16578,0,,91.62548828125,90.24658203125,turing-3,0.13.4,,shortest__mamut-bastia-n486-k22-par__seed__seed1__t1166
shortest,mamut-bastia-n486-k22-par,486,22,main,seed,2,1166,1166.15,380952,887707.3819999996,22,True,888235.2630000007,-0.05943,0,,91.62548828125,90.2265625,turing-3,0.13.4,,shortest__mamut-bastia-n486-k22-par__seed__seed2__t1166
shortest,mamut-bastia-n486-k22-par,486,22,main,seed,3,1166,1166.147,380410,887629.6530000005,22,True,888235.2630000007,-0.06818,0,,91.62548828125,90.2265625,turing-3,0.13.4,,shortest__mamut-bastia-n486-k22-par__seed__seed3__t1166
shortest,mamut-bastia-n486-k22-par,486,22,main,seed,4,1166,1166.175,391152,887430.0540000005,22,True,888235.2630000007,-0.09065,0,,91.62548828125,90.2265625,turing-3,0.13.4,,shortest__mamut-bastia-n486-k22-par__seed__seed4__t1166
shortest,mamut-bastia-n486-k22-par,486,22,main,seed,5,1166,1166.164,403816,887942.9060000001,22,True,888235.2630000007,-0.03291,0,,91.62548828125,90.2265625,turing-3,0.13.4,,shortest__mamut-bastia-n486-k22-par__seed__seed5__t1166
shortest,mamut-bastia-n486-k22-par,486,22,main,seed,6,1166,1166.144,435130,887846.5969999998,22,True,888235.2630000007,-0.04376,0,,91.62548828125,90.2265625,turing-3,0.13.4,,shortest__mamut-bastia-n486-k22-par__seed__seed6__t1166
shortest,mamut-bastia-n486-k22-par,486,22,main,seed,7,1166,1166.164,479355,887331.381,22,True,888235.2630000007,-0.10176,0,,90.322265625,90.119140625,turing-3,0.13.4,,shortest__mamut-bastia-n486-k22-par__seed__seed7__t1166
shortest,mamut-bastia-n486-k22-par,486,22,main,seed,8,1166,1166.168,422314,887835.4560000001,22,True,888235.2630000007,-0.04501,0,,90.26318359375,90.1298828125,turing-3,0.13.4,,shortest__mamut-bastia-n486-k22-par__seed__seed8__t1166
shortest,mamut-bastia-n486-k22-par,486,22,main,seed,9,1166,1166.139,434710,887635.7679999998,22,True,888235.2630000007,-0.06749,0,,90.322265625,90.1298828125,turing-3,0.13.4,,shortest__mamut-bastia-n486-k22-par__seed__seed9__t1166
shortest,mamut-bastia-n486-k22-par,486,22,main,seed,10,1166,1166.139,453167,887073.8680000006,22,True,888235.2630000007,-0.13075,0,,91.62548828125,90.24658203125,turing-3,0.13.4,,shortest__mamut-bastia-n486-k22-par__seed__seed10__t1166
shortest,mamut-nantes-n498-k11-poi,498,11,polish,polish,1179,2390,2390.058,1332809,356733.3000000004,11,True,364913.3280000001,-2.24164,1,replaced,90.3193359375,90.357421875,turing-3,0.13.4,shortest__mamut-nantes-n498-k11-poi__seed__seed1__t1195,shortest__mamut-nantes-n498-k11-poi__polish__seed1179__t2390
shortest,mamut-nantes-n498-k11-poi,498,11,main,seed,1,1195,1195.164,741413,356778.4700000005,11,True,364913.3280000001,-2.22926,0,,90.3037109375,90.2724609375,turing-3,0.13.4,,shortest__mamut-nantes-n498-k11-poi__seed__seed1__t1195
shortest,mamut-nantes-n498-k11-poi,498,11,main,seed,2,1195,1195.164,648923,358752.27100000053,11,True,364913.3280000001,-1.68836,0,,90.3037109375,90.2724609375,turing-3,0.13.4,,shortest__mamut-nantes-n498-k11-poi__seed__seed2__t1195
shortest,mamut-nantes-n498-k11-poi,498,11,main,seed,3,1195,1195.104,798838,358278.1430000001,11,True,364913.3280000001,-1.81829,0,,90.3037109375,90.2724609375,turing-3,0.13.4,,shortest__mamut-nantes-n498-k11-poi__seed__seed3__t1195
shortest,mamut-nantes-n498-k11-poi,498,11,main,seed,4,1195,1195.167,708610,358068.381,11,True,364913.3280000001,-1.87577,0,,90.3037109375,90.2724609375,turing-3,0.13.4,,shortest__mamut-nantes-n498-k11-poi__seed__seed4__t1195
shortest,mamut-nantes-n498-k11-poi,498,11,main,seed,5,1195,1195.214,770515,359153.11,11,True,364913.3280000001,-1.57852,0,,90.3037109375,90.2724609375,turing-3,0.13.4,,shortest__mamut-nantes-n498-k11-poi__seed__seed5__t1195
shortest,mamut-nantes-n498-k11-poi,498,11,main,seed,6,1195,1195.2,727686,360500.91300000023,11,True,364913.3280000001,-1.20917,0,,90.279296875,90.2724609375,turing-3,0.13.4,,shortest__mamut-nantes-n498-k11-poi__seed__seed6__t1195
shortest,mamut-nantes-n498-k11-poi,498,11,main,seed,7,1195,1195.166,763345,364345.50900000014,11,True,364913.3280000001,-0.1556,0,,90.3046875,90.24658203125,turing-3,0.13.4,,shortest__mamut-nantes-n498-k11-poi__seed__seed7__t1195
shortest,mamut-nantes-n498-k11-poi,498,11,main,seed,8,1195,1195.196,844506,358602.293,11,True,364913.3280000001,-1.72946,0,,90.2802734375,90.2265625,turing-3,0.13.4,,shortest__mamut-nantes-n498-k11-poi__seed__seed8__t1195
shortest,mamut-nantes-n498-k11-poi,498,11,main,seed,9,1195,1195.206,946547,357422.9670000001,11,True,364913.3280000001,-2.05264,0,,90.2802734375,90.2265625,turing-3,0.13.4,,shortest__mamut-nantes-n498-k11-poi__seed__seed9__t1195
shortest,mamut-nantes-n498-k11-poi,498,11,main,seed,10,1195,1195.166,767033,357964.456,11,True,364913.3280000001,-1.90425,0,,90.3037109375,90.2724609375,turing-3,0.13.4,,shortest__mamut-nantes-n498-k11-poi__seed__seed10__t1195
shortest,mamut-tours-n509-k48-hyb,509,48,pilot,long,101,4884,4884.127,2914736,809093.0099999999,49,True,813330.291,-0.52098,0,,8.2685546875,36.173828125,turing-3,0.13.4,,shortest__mamut-tours-n509-k48-hyb__long__seed101__t4884
shortest,mamut-tours-n509-k48-hyb,509,48,polish,polish,1213,2442,2442.067,818100,809062.0049999998,49,True,813330.291,-0.52479,1,replaced,90.33837890625,90.3876953125,turing-3,0.13.4,shortest__mamut-tours-n509-k48-hyb__long__seed101__t4884,shortest__mamut-tours-n509-k48-hyb__polish__seed1213__t2442
shortest,mamut-tours-n509-k48-hyb,509,48,pilot,seed,1,1221,1221.125,503495,810433.793000001,48,True,813330.291,-0.35613,0,,1.15380859375,90.232421875,turing-3,0.13.4,,shortest__mamut-tours-n509-k48-hyb__seed__seed1__t1221
shortest,mamut-tours-n509-k48-hyb,509,48,pilot,seed,2,1221,1221.127,533607,810821.5389999994,49,True,813330.291,-0.30845,0,,1.15380859375,90.232421875,turing-3,0.13.4,,shortest__mamut-tours-n509-k48-hyb__seed__seed2__t1221
shortest,mamut-tours-n509-k48-hyb,509,48,pilot,seed,3,1221,1221.133,577844,810518.051,49,True,813330.291,-0.34577,0,,1.15380859375,90.232421875,turing-3,0.13.4,,shortest__mamut-tours-n509-k48-hyb__seed__seed3__t1221
shortest,mamut-tours-n509-k48-hyb,509,48,main,seed,4,1221,1221.164,491575,810256.8069999998,48,True,813330.291,-0.37789,0,,90.2548828125,90.2724609375,turing-3,0.13.4,,shortest__mamut-tours-n509-k48-hyb__seed__seed4__t1221
shortest,mamut-tours-n509-k48-hyb,509,48,main,seed,5,1221,1221.152,427290,810904.3550000002,49,True,813330.291,-0.29827,0,,90.2548828125,90.2724609375,turing-3,0.13.4,,shortest__mamut-tours-n509-k48-hyb__seed__seed5__t1221
shortest,mamut-tours-n509-k48-hyb,509,48,main,seed,6,1221,1221.173,540528,810415.763,49,True,813330.291,-0.35834,0,,90.2548828125,90.2724609375,turing-3,0.13.4,,shortest__mamut-tours-n509-k48-hyb__seed__seed6__t1221
shortest,mamut-tours-n509-k48-hyb,509,48,main,seed,7,1221,1221.158,486520,809975.1790000009,49,True,813330.291,-0.41252,0,,90.2548828125,90.2724609375,turing-3,0.13.4,,shortest__mamut-tours-n509-k48-hyb__seed__seed7__t1221
shortest,mamut-tours-n509-k48-hyb,509,48,main,seed,8,1221,1221.174,486010,811253.7169999997,49,True,813330.291,-0.25532,0,,90.234375,90.3310546875,turing-3,0.13.4,,shortest__mamut-tours-n509-k48-hyb__seed__seed8__t1221
shortest,mamut-tours-n509-k48-hyb,509,48,main,seed,9,1221,1221.167,536548,811809.5980000006,49,True,813330.291,-0.18697,0,,90.234375,90.3310546875,turing-3,0.13.4,,shortest__mamut-tours-n509-k48-hyb__seed__seed9__t1221
shortest,mamut-tours-n509-k48-hyb,509,48,main,seed,10,1221,1221.166,514598,810505.266,49,True,813330.291,-0.34734,0,,90.2548828125,90.2724609375,turing-3,0.13.4,,shortest__mamut-tours-n509-k48-hyb__seed__seed10__t1221
shortest,mamut-dakar-n521-k12-poi,521,12,polish,polish,1146,2500,2500.07,1541925,369634.7550000002,12,True,374722.79900000006,-1.35782,1,replaced,90.38623046875,90.45947265625,turing-3,0.13.4,shortest__mamut-dakar-n521-k12-poi__seed__seed1__t1250,shortest__mamut-dakar-n521-k12-poi__polish__seed1146__t2500
shortest,mamut-dakar-n521-k12-poi,521,12,main,seed,1,1250,1250.222,697398,369735.26000000007,12,True,374722.79900000006,-1.33099,0,,90.27734375,90.47119140625,turing-3,0.13.4,,shortest__mamut-dakar-n521-k12-poi__seed__seed1__t1250
shortest,mamut-dakar-n521-k12-poi,521,12,main,seed,2,1250,1250.204,910285,374581.1149999999,12,True,374722.79900000006,-0.03781,0,,90.27734375,90.47119140625,turing-3,0.13.4,,shortest__mamut-dakar-n521-k12-poi__seed__seed2__t1250
shortest,mamut-dakar-n521-k12-poi,521,12,main,seed,3,1250,1250.24,801154,371329.857,12,True,374722.79900000006,-0.90545,0,,90.27734375,90.47119140625,turing-3,0.13.4,,shortest__mamut-dakar-n521-k12-poi__seed__seed3__t1250
shortest,mamut-dakar-n521-k12-poi,521,12,main,seed,4,1250,1250.198,937570,371936.65099999995,12,True,374722.79900000006,-0.74352,0,,90.27734375,90.47119140625,turing-3,0.13.4,,shortest__mamut-dakar-n521-k12-poi__seed__seed4__t1250
shortest,mamut-dakar-n521-k12-poi,521,12,main,seed,5,1250,1250.218,827244,370967.664,12,True,374722.79900000006,-1.00211,0,,90.27734375,90.47119140625,turing-3,0.13.4,,shortest__mamut-dakar-n521-k12-poi__seed__seed5__t1250
shortest,mamut-dakar-n521-k12-poi,521,12,main,seed,6,1250,1250.208,706674,376030.2799999996,12,True,374722.79900000006,0.34892,0,,90.27734375,90.47119140625,turing-3,0.13.4,,shortest__mamut-dakar-n521-k12-poi__seed__seed6__t1250
shortest,mamut-dakar-n521-k12-poi,521,12,main,seed,7,1250,1250.197,700315,370156.2120000001,12,True,374722.79900000006,-1.21866,0,,90.27734375,90.47119140625,turing-3,0.13.4,,shortest__mamut-dakar-n521-k12-poi__seed__seed7__t1250
shortest,mamut-dakar-n521-k12-poi,521,12,main,seed,8,1250,1250.139,709662,376511.139,12,True,374722.79900000006,0.47724,0,,90.27734375,90.47119140625,turing-3,0.13.4,,shortest__mamut-dakar-n521-k12-poi__seed__seed8__t1250
shortest,mamut-dakar-n521-k12-poi,521,12,main,seed,9,1250,1250.197,722778,376324.28699999995,12,True,374722.79900000006,0.42738,0,,90.27734375,90.47119140625,turing-3,0.13.4,,shortest__mamut-dakar-n521-k12-poi__seed__seed9__t1250
shortest,mamut-dakar-n521-k12-poi,521,12,main,seed,10,1250,1250.201,974203,370820.2570000001,12,True,374722.79900000006,-1.04145,0,,90.27734375,90.47119140625,turing-3,0.13.4,,shortest__mamut-dakar-n521-k12-poi__seed__seed10__t1250
shortest,mamut-oslo-n534-k27-poi,534,27,polish,polish,1184,2562,2562.085,910123,1367328.9749999999,27,True,1379748.3469999996,-0.90012,1,replaced,90.4833984375,90.26708984375,turing-3,0.13.4,shortest__mamut-oslo-n534-k27-poi__seed__seed7__t1281,shortest__mamut-oslo-n534-k27-poi__polish__seed1184__t2562
shortest,mamut-oslo-n534-k27-poi,534,27,main,seed,1,1281,1281.201,486671,1380834.152,27,True,1379748.3469999996,0.0787,0,,90.47265625,91.62548828125,turing-3,0.13.4,,shortest__mamut-oslo-n534-k27-poi__seed__seed1__t1281
shortest,mamut-oslo-n534-k27-poi,534,27,main,seed,2,1281,1281.192,651801,1378629.7320000015,27,True,1379748.3469999996,-0.08107,0,,90.4345703125,91.62548828125,turing-3,0.13.4,,shortest__mamut-oslo-n534-k27-poi__seed__seed2__t1281
shortest,mamut-oslo-n534-k27-poi,534,27,main,seed,3,1281,1281.242,587076,1379463.2209999985,27,True,1379748.3469999996,-0.02067,0,,90.4345703125,91.62548828125,turing-3,0.13.4,,shortest__mamut-oslo-n534-k27-poi__seed__seed3__t1281
shortest,mamut-oslo-n534-k27-poi,534,27,main,seed,4,1281,1281.205,527564,1378512.078000001,27,True,1379748.3469999996,-0.0896,0,,90.4345703125,91.62548828125,turing-3,0.13.4,,shortest__mamut-oslo-n534-k27-poi__seed__seed4__t1281
shortest,mamut-oslo-n534-k27-poi,534,27,main,seed,5,1281,1281.213,615177,1380469.1159999995,27,True,1379748.3469999996,0.05224,0,,90.4345703125,91.62548828125,turing-3,0.13.4,,shortest__mamut-oslo-n534-k27-poi__seed__seed5__t1281
shortest,mamut-oslo-n534-k27-poi,534,27,main,seed,6,1281,1281.113,702845,1381508.5479999997,27,True,1379748.3469999996,0.12757,0,,90.4345703125,91.62548828125,turing-3,0.13.4,,shortest__mamut-oslo-n534-k27-poi__seed__seed6__t1281
shortest,mamut-oslo-n534-k27-poi,534,27,main,seed,7,1281,1281.224,516968,1378104.5270000005,27,True,1379748.3469999996,-0.11914,0,,90.4345703125,91.62548828125,turing-3,0.13.4,,shortest__mamut-oslo-n534-k27-poi__seed__seed7__t1281
shortest,mamut-oslo-n534-k27-poi,534,27,main,seed,8,1281,1281.13,480943,1379848.6390000004,27,True,1379748.3469999996,0.00727,0,,90.4345703125,91.62548828125,turing-3,0.13.4,,shortest__mamut-oslo-n534-k27-poi__seed__seed8__t1281
shortest,mamut-oslo-n534-k27-poi,534,27,main,seed,9,1281,1281.188,424298,1378991.870000001,27,True,1379748.3469999996,-0.05483,0,,90.4345703125,91.62548828125,turing-3,0.13.4,,shortest__mamut-oslo-n534-k27-poi__seed__seed9__t1281
shortest,mamut-oslo-n534-k27-poi,534,27,main,seed,10,1281,1281.195,507897,1378576.789999999,27,True,1379748.3469999996,-0.08491,0,,90.47265625,91.62548828125,turing-3,0.13.4,,shortest__mamut-oslo-n534-k27-poi__seed__seed10__t1281
shortest,mamut-cairo-n546-k26-poi,546,26,polish,polish,1137,2620,2620.057,1213860,2026474.3280000007,26,True,2046627.0490000006,-0.98468,1,replaced,90.3203125,90.28662109375,turing-3,0.13.4,shortest__mamut-cairo-n546-k26-poi__seed__seed4__t1310,shortest__mamut-cairo-n546-k26-poi__polish__seed1137__t2620
shortest,mamut-cairo-n546-k26-poi,546,26,main,seed,1,1310,1310.209,765328,2042678.218000001,26,True,2046627.0490000006,-0.19294,0,,90.38134765625,90.27197265625,turing-3,0.13.4,,shortest__mamut-cairo-n546-k26-poi__seed__seed1__t1310
shortest,mamut-cairo-n546-k26-poi,546,26,main,seed,2,1310,1310.199,593631,2034384.3969999999,26,True,2046627.0490000006,-0.59819,0,,90.38134765625,90.27197265625,turing-3,0.13.4,,shortest__mamut-cairo-n546-k26-poi__seed__seed2__t1310
shortest,mamut-cairo-n546-k26-poi,546,26,main,seed,3,1310,1310.13,689600,2034896.2470000016,26,True,2046627.0490000006,-0.57318,0,,90.38134765625,90.27197265625,turing-3,0.13.4,,shortest__mamut-cairo-n546-k26-poi__seed__seed3__t1310
shortest,mamut-cairo-n546-k26-poi,546,26,main,seed,4,1310,1310.204,528339,2027339.135000002,26,True,2046627.0490000006,-0.94242,0,,90.38134765625,90.27197265625,turing-3,0.13.4,,shortest__mamut-cairo-n546-k26-poi__seed__seed4__t1310
shortest,mamut-cairo-n546-k26-poi,546,26,main,seed,5,1310,1310.218,619024,2029545.9859999998,26,True,2046627.0490000006,-0.8346,0,,90.38134765625,90.27197265625,turing-3,0.13.4,,shortest__mamut-cairo-n546-k26-poi__seed__seed5__t1310
shortest,mamut-cairo-n546-k26-poi,546,26,main,seed,6,1310,1310.234,533807,2047332.4779999992,26,True,2046627.0490000006,0.03447,0,,90.38134765625,90.27197265625,turing-3,0.13.4,,shortest__mamut-cairo-n546-k26-poi__seed__seed6__t1310
shortest,mamut-cairo-n546-k26-poi,546,26,main,seed,7,1310,1310.206,580152,2032852.5880000007,26,True,2046627.0490000006,-0.67303,0,,90.38134765625,90.27197265625,turing-3,0.13.4,,shortest__mamut-cairo-n546-k26-poi__seed__seed7__t1310
shortest,mamut-cairo-n546-k26-poi,546,26,main,seed,8,1310,1310.216,528532,2037802.984999999,26,True,2046627.0490000006,-0.43115,0,,90.38134765625,90.27197265625,turing-3,0.13.4,,shortest__mamut-cairo-n546-k26-poi__seed__seed8__t1310
shortest,mamut-cairo-n546-k26-poi,546,26,main,seed,9,1310,1310.218,631100,2034974.0940000014,26,True,2046627.0490000006,-0.56937,0,,90.3505859375,90.33056640625,turing-3,0.13.4,,shortest__mamut-cairo-n546-k26-poi__seed__seed9__t1310
shortest,mamut-cairo-n546-k26-poi,546,26,main,seed,10,1310,1310.224,571652,2036827.7469999986,26,True,2046627.0490000006,-0.4788,0,,90.41455078125,90.2958984375,turing-3,0.13.4,,shortest__mamut-cairo-n546-k26-poi__seed__seed10__t1310
shortest,mamut-lille-n559-k66-poi,559,66,polish,polish,1158,2682,2682.083,942352,911166.9889999996,67,True,912563.5079999998,-0.15303,1,replaced,90.337890625,90.18505859375,turing-3,0.13.4,shortest__mamut-lille-n559-k66-poi__seed__seed1__t1341,shortest__mamut-lille-n559-k66-poi__polish__seed1158__t2682
shortest,mamut-lille-n559-k66-poi,559,66,main,seed,1,1341,1341.194,483223,911354.2259999991,67,True,912563.5079999998,-0.13251,0,,90.4375,90.3037109375,turing-3,0.13.4,,shortest__mamut-lille-n559-k66-poi__seed__seed1__t1341
shortest,mamut-lille-n559-k66-poi,559,66,main,seed,2,1341,1341.228,470605,915309.8639999992,67,True,912563.5079999998,0.30095,0,,90.4375,90.3037109375,turing-3,0.13.4,,shortest__mamut-lille-n559-k66-poi__seed__seed2__t1341
shortest,mamut-lille-n559-k66-poi,559,66,main,seed,3,1341,1341.223,427603,913860.0809999999,67,True,912563.5079999998,0.14208,0,,90.4375,90.3037109375,turing-3,0.13.4,,shortest__mamut-lille-n559-k66-poi__seed__seed3__t1341
shortest,mamut-lille-n559-k66-poi,559,66,main,seed,4,1341,1341.196,492676,912139.4010000004,67,True,912563.5079999998,-0.04647,0,,90.4375,90.3037109375,turing-3,0.13.4,,shortest__mamut-lille-n559-k66-poi__seed__seed4__t1341
shortest,mamut-lille-n559-k66-poi,559,66,main,seed,5,1341,1341.202,504318,912820.9389999999,67,True,912563.5079999998,0.02821,0,,90.4375,90.3037109375,turing-3,0.13.4,,shortest__mamut-lille-n559-k66-poi__seed__seed5__t1341
shortest,mamut-lille-n559-k66-poi,559,66,main,seed,6,1341,1341.203,418905,914320.8990000003,67,True,912563.5079999998,0.19258,0,,90.4375,90.3037109375,turing-3,0.13.4,,shortest__mamut-lille-n559-k66-poi__seed__seed6__t1341
shortest,mamut-lille-n559-k66-poi,559,66,main,seed,7,1341,1341.194,538854,912867.397,67,True,912563.5079999998,0.0333,0,,90.4375,90.3037109375,turing-3,0.13.4,,shortest__mamut-lille-n559-k66-poi__seed__seed7__t1341
shortest,mamut-lille-n559-k66-poi,559,66,main,seed,8,1341,1341.128,416952,911989.6449999999,67,True,912563.5079999998,-0.06288,0,,90.4375,90.3037109375,turing-3,0.13.4,,shortest__mamut-lille-n559-k66-poi__seed__seed8__t1341
shortest,mamut-lille-n559-k66-poi,559,66,main,seed,9,1341,1341.199,528807,911458.7699999996,67,True,912563.5079999998,-0.12106,0,,90.4375,90.3037109375,turing-3,0.13.4,,shortest__mamut-lille-n559-k66-poi__seed__seed9__t1341
shortest,mamut-lille-n559-k66-poi,559,66,main,seed,10,1341,1341.175,542981,915338.0359999994,67,True,912563.5079999998,0.30404,0,,90.4375,90.3037109375,turing-3,0.13.4,,shortest__mamut-lille-n559-k66-poi__seed__seed10__t1341
shortest,mamut-casablanca-n572-k191-poi,572,191,polish,polish,1139,2744,2744.077,568424,9587074.289999992,191,True,9587305.12699999,-0.00241,1,kept_existing,90.2001953125,90.26025390625,turing-3,0.13.4,shortest__mamut-casablanca-n572-k191-poi__seed__seed2__t1372,shortest__mamut-casablanca-n572-k191-poi__polish__seed1139__t2744
shortest,mamut-casablanca-n572-k191-poi,572,191,main,seed,1,1372,1372.187,337673,9588017.342999998,191,True,9587305.12699999,0.00743,0,,90.32275390625,90.4228515625,turing-3,0.13.4,,shortest__mamut-casablanca-n572-k191-poi__seed__seed1__t1372
shortest,mamut-casablanca-n572-k191-poi,572,191,main,seed,2,1372,1372.175,323664,9587074.289999992,191,True,9587305.12699999,-0.00241,0,,90.32275390625,90.4228515625,turing-3,0.13.4,,shortest__mamut-casablanca-n572-k191-poi__seed__seed2__t1372
shortest,mamut-casablanca-n572-k191-poi,572,191,main,seed,3,1372,1372.161,388804,9587138.174000002,191,True,9587305.12699999,-0.00174,0,,90.35107421875,90.28515625,turing-3,0.13.4,,shortest__mamut-casablanca-n572-k191-poi__seed__seed3__t1372
shortest,mamut-casablanca-n572-k191-poi,572,191,main,seed,4,1372,1372.181,274402,9587720.811999986,191,True,9587305.12699999,0.00434,0,,90.35107421875,90.28515625,turing-3,0.13.4,,shortest__mamut-casablanca-n572-k191-poi__seed__seed4__t1372
shortest,mamut-casablanca-n572-k191-poi,572,191,main,seed,5,1372,1372.185,319450,9587121.915000001,191,True,9587305.12699999,-0.00191,0,,90.35107421875,90.28515625,turing-3,0.13.4,,shortest__mamut-casablanca-n572-k191-poi__seed__seed5__t1372
shortest,mamut-casablanca-n572-k191-poi,572,191,main,seed,6,1372,1372.176,263122,9587802.309999993,191,True,9587305.12699999,0.00519,0,,90.35107421875,90.28515625,turing-3,0.13.4,,shortest__mamut-casablanca-n572-k191-poi__seed__seed6__t1372
shortest,mamut-casablanca-n572-k191-poi,572,191,main,seed,7,1372,1372.13,300255,9587357.658999998,191,True,9587305.12699999,0.00055,0,,90.35107421875,90.28515625,turing-3,0.13.4,,shortest__mamut-casablanca-n572-k191-poi__seed__seed7__t1372
shortest,mamut-casablanca-n572-k191-poi,572,191,main,seed,8,1372,1372.172,257860,9588866.118999993,191,True,9587305.12699999,0.01628,0,,90.35107421875,90.28515625,turing-3,0.13.4,,shortest__mamut-casablanca-n572-k191-poi__seed__seed8__t1372
shortest,mamut-casablanca-n572-k191-poi,572,191,main,seed,9,1372,1372.181,284992,9587092.87900001,191,True,9587305.12699999,-0.00221,0,,90.35107421875,90.28515625,turing-3,0.13.4,,shortest__mamut-casablanca-n572-k191-poi__seed__seed9__t1372
shortest,mamut-casablanca-n572-k191-poi,572,191,main,seed,10,1372,1372.185,263922,9587296.247000001,191,True,9587305.12699999,-9e-05,0,,90.32275390625,90.4228515625,turing-3,0.13.4,,shortest__mamut-casablanca-n572-k191-poi__seed__seed10__t1372
shortest,mamut-madrid-n586-k18-par,586,18,polish,polish,1166,2812,2812.084,1510308,1264403.8450000004,18,True,1277824.7640000002,-1.05029,1,replaced,90.33935546875,90.220703125,turing-3,0.13.4,shortest__mamut-madrid-n586-k18-par__seed__seed2__t1406,shortest__mamut-madrid-n586-k18-par__polish__seed1166__t2812
shortest,mamut-madrid-n586-k18-par,586,18,main,seed,1,1406,1406.234,809422,1276815.6329999997,18,True,1277824.7640000002,-0.07897,0,,90.498046875,90.38134765625,turing-3,0.13.4,,shortest__mamut-madrid-n586-k18-par__seed__seed1__t1406
shortest,mamut-madrid-n586-k18-par,586,18,main,seed,2,1406,1406.264,658077,1265277.190000001,18,True,1277824.7640000002,-0.98195,0,,90.498046875,90.38134765625,turing-3,0.13.4,,shortest__mamut-madrid-n586-k18-par__seed__seed2__t1406
shortest,mamut-madrid-n586-k18-par,586,18,main,seed,3,1406,1406.247,715128,1278494.2229999995,18,True,1277824.7640000002,0.05239,0,,90.498046875,90.38134765625,turing-3,0.13.4,,shortest__mamut-madrid-n586-k18-par__seed__seed3__t1406
shortest,mamut-madrid-n586-k18-par,586,18,main,seed,4,1406,1406.225,701245,1291907.738999999,18,True,1277824.7640000002,1.10211,0,,90.53857421875,90.3505859375,turing-3,0.13.4,,shortest__mamut-madrid-n586-k18-par__seed__seed4__t1406
shortest,mamut-madrid-n586-k18-par,586,18,main,seed,5,1406,1406.281,706932,1268784.210000001,18,True,1277824.7640000002,-0.7075,0,,90.53857421875,90.3505859375,turing-3,0.13.4,,shortest__mamut-madrid-n586-k18-par__seed__seed5__t1406
shortest,mamut-madrid-n586-k18-par,586,18,main,seed,6,1406,1406.227,844442,1268243.2010000004,18,True,1277824.7640000002,-0.74983,0,,90.53857421875,90.3505859375,turing-3,0.13.4,,shortest__mamut-madrid-n586-k18-par__seed__seed6__t1406
shortest,mamut-madrid-n586-k18-par,586,18,main,seed,7,1406,1406.235,696582,1271774.7949999992,18,True,1277824.7640000002,-0.47346,0,,90.53857421875,90.322265625,turing-3,0.13.4,,shortest__mamut-madrid-n586-k18-par__seed__seed7__t1406
shortest,mamut-madrid-n586-k18-par,586,18,main,seed,8,1406,1406.221,756107,1274362.9079999982,18,True,1277824.7640000002,-0.27092,0,,90.4951171875,90.322265625,turing-3,0.13.4,,shortest__mamut-madrid-n586-k18-par__seed__seed8__t1406
shortest,mamut-madrid-n586-k18-par,586,18,main,seed,9,1406,1406.252,645814,1268619.9189999998,18,True,1277824.7640000002,-0.72035,0,,90.4951171875,90.322265625,turing-3,0.13.4,,shortest__mamut-madrid-n586-k18-par__seed__seed9__t1406
shortest,mamut-madrid-n586-k18-par,586,18,main,seed,10,1406,1406.267,631321,1280535.5320000013,18,True,1277824.7640000002,0.21214,0,,90.498046875,90.38134765625,turing-3,0.13.4,,shortest__mamut-madrid-n586-k18-par__seed__seed10__t1406
shortest,mamut-rennes-n599-k115-hyb,599,115,polish,polish,1193,2874,2874.098,874426,1155828.148000001,115,True,1158462.3120000013,-0.22738,1,replaced,90.2744140625,90.2841796875,turing-3,0.13.4,shortest__mamut-rennes-n599-k115-hyb__seed__seed4__t1437,shortest__mamut-rennes-n599-k115-hyb__polish__seed1193__t2874
shortest,mamut-rennes-n599-k115-hyb,599,115,main,seed,1,1437,1437.196,585673,1160153.5360000003,116,True,1158462.3120000013,0.14599,0,,90.5478515625,90.322265625,turing-3,0.13.4,,shortest__mamut-rennes-n599-k115-hyb__seed__seed1__t1437
shortest,mamut-rennes-n599-k115-hyb,599,115,main,seed,2,1437,1437.216,430884,1158630.7270000014,116,True,1158462.3120000013,0.01454,0,,90.5478515625,90.322265625,turing-3,0.13.4,,shortest__mamut-rennes-n599-k115-hyb__seed__seed2__t1437
shortest,mamut-rennes-n599-k115-hyb,599,115,main,seed,3,1437,1437.219,429090,1157822.5920000016,116,True,1158462.3120000013,-0.05522,0,,90.5478515625,90.322265625,turing-3,0.13.4,,shortest__mamut-rennes-n599-k115-hyb__seed__seed3__t1437
shortest,mamut-rennes-n599-k115-hyb,599,115,main,seed,4,1437,1437.206,465517,1156538.7249999999,115,True,1158462.3120000013,-0.16605,0,,90.5478515625,90.322265625,turing-3,0.13.4,,shortest__mamut-rennes-n599-k115-hyb__seed__seed4__t1437
shortest,mamut-rennes-n599-k115-hyb,599,115,main,seed,5,1437,1437.219,397297,1158401.1750000012,116,True,1158462.3120000013,-0.00528,0,,90.58447265625,90.322265625,turing-3,0.13.4,,shortest__mamut-rennes-n599-k115-hyb__seed__seed5__t1437
shortest,mamut-rennes-n599-k115-hyb,599,115,main,seed,6,1437,1437.213,395898,1158474.8470000017,116,True,1158462.3120000013,0.00108,0,,90.58447265625,90.322265625,turing-3,0.13.4,,shortest__mamut-rennes-n599-k115-hyb__seed__seed6__t1437
shortest,mamut-rennes-n599-k115-hyb,599,115,main,seed,7,1437,1437.198,544313,1159597.643,116,True,1158462.3120000013,0.098,0,,90.58447265625,90.322265625,turing-3,0.13.4,,shortest__mamut-rennes-n599-k115-hyb__seed__seed7__t1437
shortest,mamut-rennes-n599-k115-hyb,599,115,main,seed,8,1437,1437.143,494339,1158857.6479999993,116,True,1158462.3120000013,0.03413,0,,90.58447265625,90.322265625,turing-3,0.13.4,,shortest__mamut-rennes-n599-k115-hyb__seed__seed8__t1437
shortest,mamut-rennes-n599-k115-hyb,599,115,main,seed,9,1437,1437.199,495306,1158498.909000001,116,True,1158462.3120000013,0.00316,0,,90.58447265625,90.322265625,turing-3,0.13.4,,shortest__mamut-rennes-n599-k115-hyb__seed__seed9__t1437
shortest,mamut-rennes-n599-k115-hyb,599,115,main,seed,10,1437,1437.217,452181,1158806.96,116,True,1158462.3120000013,0.02975,0,,90.5478515625,90.322265625,turing-3,0.13.4,,shortest__mamut-rennes-n599-k115-hyb__seed__seed10__t1437
shortest,mamut-budapest-n614-k22-hyb,614,22,polish,polish,1134,2946,2946.093,1473298,993717.2779999997,22,True,1000105.4360000005,-0.63875,1,replaced,90.34326171875,90.2841796875,turing-3,0.13.4,shortest__mamut-budapest-n614-k22-hyb__seed__seed2__t1473,shortest__mamut-budapest-n614-k22-hyb__polish__seed1134__t2946
shortest,mamut-budapest-n614-k22-hyb,614,22,main,seed,1,1473,1473.299,656773,998862.6360000008,23,True,1000105.4360000005,-0.12427,0,,90.283203125,90.35107421875,turing-3,0.13.4,,shortest__mamut-budapest-n614-k22-hyb__seed__seed1__t1473
shortest,mamut-budapest-n614-k22-hyb,614,22,main,seed,2,1473,1473.281,839715,994326.2120000009,22,True,1000105.4360000005,-0.57786,0,,90.283203125,90.35107421875,turing-3,0.13.4,,shortest__mamut-budapest-n614-k22-hyb__seed__seed2__t1473
shortest,mamut-budapest-n614-k22-hyb,614,22,main,seed,3,1473,1473.262,839027,1003093.8440000005,23,True,1000105.4360000005,0.29881,0,,90.283203125,90.35107421875,turing-3,0.13.4,,shortest__mamut-budapest-n614-k22-hyb__seed__seed3__t1473
shortest,mamut-budapest-n614-k22-hyb,614,22,main,seed,4,1473,1473.263,795197,995298.389999999,22,True,1000105.4360000005,-0.48065,0,,90.26025390625,90.32275390625,turing-3,0.13.4,,shortest__mamut-budapest-n614-k22-hyb__seed__seed4__t1473
shortest,mamut-budapest-n614-k22-hyb,614,22,main,seed,5,1473,1473.308,713232,999948.662,22,True,1000105.4360000005,-0.01568,0,,90.26025390625,90.32275390625,turing-3,0.13.4,,shortest__mamut-budapest-n614-k22-hyb__seed__seed5__t1473
shortest,mamut-budapest-n614-k22-hyb,614,22,main,seed,6,1473,1473.309,674549,1005294.1989999993,23,True,1000105.4360000005,0.51882,0,,90.26025390625,90.32275390625,turing-3,0.13.4,,shortest__mamut-budapest-n614-k22-hyb__seed__seed6__t1473
shortest,mamut-budapest-n614-k22-hyb,614,22,main,seed,7,1473,1473.169,667224,1001985.787000001,22,True,1000105.4360000005,0.18802,0,,90.26025390625,90.32275390625,turing-3,0.13.4,,shortest__mamut-budapest-n614-k22-hyb__seed__seed7__t1473
shortest,mamut-budapest-n614-k22-hyb,614,22,main,seed,8,1473,1473.173,802844,1004416.5789999989,23,True,1000105.4360000005,0.43107,0,,90.26025390625,90.32275390625,turing-3,0.13.4,,shortest__mamut-budapest-n614-k22-hyb__seed__seed8__t1473
shortest,mamut-budapest-n614-k22-hyb,614,22,main,seed,9,1473,1473.247,783973,999204.6600000012,23,True,1000105.4360000005,-0.09007,0,,90.26025390625,90.32275390625,turing-3,0.13.4,,shortest__mamut-budapest-n614-k22-hyb__seed__seed9__t1473
shortest,mamut-budapest-n614-k22-hyb,614,22,main,seed,10,1473,1473.282,750647,996271.9730000002,22,True,1000105.4360000005,-0.38331,0,,90.283203125,90.35107421875,turing-3,0.13.4,,shortest__mamut-budapest-n614-k22-hyb__seed__seed10__t1473
shortest,mamut-tallinn-n628-k106-hyb,628,106,polish,polish,1209,3014,3014.107,1007699,1610684.5759999992,108,True,1615421.332,-0.29322,1,replaced,90.2158203125,90.2841796875,turing-3,0.13.4,shortest__mamut-tallinn-n628-k106-hyb__seed__seed7__t1507,shortest__mamut-tallinn-n628-k106-hyb__polish__seed1209__t3014
shortest,mamut-tallinn-n628-k106-hyb,628,106,main,seed,1,1507,1507.213,457491,1618551.009000002,108,True,1615421.332,0.19374,0,,90.2783203125,90.53857421875,turing-3,0.13.4,,shortest__mamut-tallinn-n628-k106-hyb__seed__seed1__t1507
shortest,mamut-tallinn-n628-k106-hyb,628,106,main,seed,2,1507,1507.225,465942,1613761.8840000022,108,True,1615421.332,-0.10273,0,,90.2783203125,90.53857421875,turing-3,0.13.4,,shortest__mamut-tallinn-n628-k106-hyb__seed__seed2__t1507
shortest,mamut-tallinn-n628-k106-hyb,628,106,main,seed,3,1507,1507.233,466438,1617451.2630000007,108,True,1615421.332,0.12566,0,,90.2783203125,90.53857421875,turing-3,0.13.4,,shortest__mamut-tallinn-n628-k106-hyb__seed__seed3__t1507
shortest,mamut-tallinn-n628-k106-hyb,628,106,main,seed,4,1507,1507.218,562066,1613295.8920000002,108,True,1615421.332,-0.13157,0,,90.2783203125,90.4951171875,turing-3,0.13.4,,shortest__mamut-tallinn-n628-k106-hyb__seed__seed4__t1507
shortest,mamut-tallinn-n628-k106-hyb,628,106,main,seed,5,1507,1507.25,544351,1613080.489999999,108,True,1615421.332,-0.14491,0,,90.2783203125,90.4951171875,turing-3,0.13.4,,shortest__mamut-tallinn-n628-k106-hyb__seed__seed5__t1507
shortest,mamut-tallinn-n628-k106-hyb,628,106,main,seed,6,1507,1507.235,560121,1616205.9139999996,108,True,1615421.332,0.04857,0,,90.2783203125,90.4951171875,turing-3,0.13.4,,shortest__mamut-tallinn-n628-k106-hyb__seed__seed6__t1507
shortest,mamut-tallinn-n628-k106-hyb,628,106,main,seed,7,1507,1507.232,514624,1611475.4139999987,108,True,1615421.332,-0.24427,0,,90.2783203125,90.4951171875,turing-3,0.13.4,,shortest__mamut-tallinn-n628-k106-hyb__seed__seed7__t1507
shortest,mamut-tallinn-n628-k106-hyb,628,106,main,seed,8,1507,1507.147,422589,1614635.9449999991,108,True,1615421.332,-0.04862,0,,90.2783203125,90.4951171875,turing-3,0.13.4,,shortest__mamut-tallinn-n628-k106-hyb__seed__seed8__t1507
shortest,mamut-tallinn-n628-k106-hyb,628,106,main,seed,9,1507,1507.256,471848,1616172.7040000013,108,True,1615421.332,0.04651,0,,90.2783203125,90.4951171875,turing-3,0.13.4,,shortest__mamut-tallinn-n628-k106-hyb__seed__seed9__t1507
shortest,mamut-tallinn-n628-k106-hyb,628,106,main,seed,10,1507,1507.224,688988,1614391.3410000028,108,True,1615421.332,-0.06376,0,,90.302734375,90.53857421875,turing-3,0.13.4,,shortest__mamut-tallinn-n628-k106-hyb__seed__seed10__t1507
shortest,mamut-lisbon-n643-k29-hyb,643,29,polish,polish,1160,3086,3086.224,1402329,1696522.7000000002,29,True,1702064.8460000008,-0.32561,1,replaced,6.34228515625,90.2158203125,turing-3,0.13.4,shortest__mamut-lisbon-n643-k29-hyb__seed__seed3__t1543,shortest__mamut-lisbon-n643-k29-hyb__polish__seed1160__t3086
shortest,mamut-lisbon-n643-k29-hyb,643,29,main,seed,1,1543,1543.284,625674,1700837.2969999989,29,True,1702064.8460000008,-0.07212,0,,90.24560546875,90.455078125,turing-3,0.13.4,,shortest__mamut-lisbon-n643-k29-hyb__seed__seed1__t1543
shortest,mamut-lisbon-n643-k29-hyb,643,29,main,seed,2,1543,1543.283,778464,1700956.6430000027,29,True,1702064.8460000008,-0.06511,0,,90.24560546875,90.455078125,turing-3,0.13.4,,shortest__mamut-lisbon-n643-k29-hyb__seed__seed2__t1543
shortest,mamut-lisbon-n643-k29-hyb,643,29,main,seed,3,1543,1543.286,673018,1697695.5520000001,29,True,1702064.8460000008,-0.25671,0,,90.24560546875,90.455078125,turing-3,0.13.4,,shortest__mamut-lisbon-n643-k29-hyb__seed__seed3__t1543
shortest,mamut-lisbon-n643-k29-hyb,643,29,main,seed,4,1543,1543.289,652314,1700043.0449999997,29,True,1702064.8460000008,-0.11879,0,,90.24560546875,90.455078125,turing-3,0.13.4,,shortest__mamut-lisbon-n643-k29-hyb__seed__seed4__t1543
shortest,mamut-lisbon-n643-k29-hyb,643,29,main,seed,5,1543,1543.278,646374,1699460.1269999992,29,True,1702064.8460000008,-0.15303,0,,90.24560546875,90.455078125,turing-3,0.13.4,,shortest__mamut-lisbon-n643-k29-hyb__seed__seed5__t1543
shortest,mamut-lisbon-n643-k29-hyb,643,29,main,seed,6,1543,1543.335,680879,1700743.2279999994,29,True,1702064.8460000008,-0.07765,0,,90.24560546875,90.455078125,turing-3,0.13.4,,shortest__mamut-lisbon-n643-k29-hyb__seed__seed6__t1543
shortest,mamut-lisbon-n643-k29-hyb,643,29,main,seed,7,1543,1543.235,615152,1699912.9919999987,29,True,1702064.8460000008,-0.12643,0,,90.24560546875,90.455078125,turing-3,0.13.4,,shortest__mamut-lisbon-n643-k29-hyb__seed__seed7__t1543
shortest,mamut-lisbon-n643-k29-hyb,643,29,main,seed,8,1543,1543.253,670993,1698005.899000001,29,True,1702064.8460000008,-0.23847,0,,90.24560546875,90.455078125,turing-3,0.13.4,,shortest__mamut-lisbon-n643-k29-hyb__seed__seed8__t1543
shortest,mamut-lisbon-n643-k29-hyb,643,29,main,seed,9,1543,1543.283,658887,1700288.8180000007,29,True,1702064.8460000008,-0.10435,0,,90.24560546875,90.455078125,turing-3,0.13.4,,shortest__mamut-lisbon-n643-k29-hyb__seed__seed9__t1543
shortest,mamut-lisbon-n643-k29-hyb,643,29,main,seed,10,1543,1543.166,846070,1699275.2650000004,29,True,1702064.8460000008,-0.16389,0,,90.24560546875,90.4951171875,turing-3,0.13.4,,shortest__mamut-lisbon-n643-k29-hyb__seed__seed10__t1543
shortest,mamut-helsinki-n658-k20-poi,658,20,polish,polish,1151,3158,3158.23,1596991,1013718.7809999998,20,True,1018664.2399999998,-0.48548,1,replaced,6.34228515625,90.34326171875,turing-3,0.13.4,shortest__mamut-helsinki-n658-k20-poi__seed__seed5__t1579,shortest__mamut-helsinki-n658-k20-poi__polish__seed1151__t3158
shortest,mamut-helsinki-n658-k20-poi,658,20,main,seed,1,1579,1579.341,672442,1017357.4719999997,20,True,1018664.2399999998,-0.12828,0,,90.21044921875,90.310546875,turing-3,0.13.4,,shortest__mamut-helsinki-n658-k20-poi__seed__seed1__t1579
shortest,mamut-helsinki-n658-k20-poi,658,20,main,seed,2,1579,1579.183,739839,1016003.8779999992,20,True,1018664.2399999998,-0.26116,0,,90.21044921875,90.310546875,turing-3,0.13.4,,shortest__mamut-helsinki-n658-k20-poi__seed__seed2__t1579
shortest,mamut-helsinki-n658-k20-poi,658,20,main,seed,3,1579,1579.306,838210,1014608.0379999998,20,True,1018664.2399999998,-0.39819,0,,90.21044921875,90.310546875,turing-3,0.13.4,,shortest__mamut-helsinki-n658-k20-poi__seed__seed3__t1579
shortest,mamut-helsinki-n658-k20-poi,658,20,main,seed,4,1579,1579.329,745320,1015582.8389999998,20,True,1018664.2399999998,-0.30249,0,,90.21044921875,90.310546875,turing-3,0.13.4,,shortest__mamut-helsinki-n658-k20-poi__seed__seed4__t1579
shortest,mamut-helsinki-n658-k20-poi,658,20,main,seed,5,1579,1579.35,816978,1014439.9269999998,20,True,1018664.2399999998,-0.41469,0,,90.21044921875,90.310546875,turing-3,0.13.4,,shortest__mamut-helsinki-n658-k20-poi__seed__seed5__t1579
shortest,mamut-helsinki-n658-k20-poi,658,20,main,seed,6,1579,1579.305,818569,1014508.9019999995,20,True,1018664.2399999998,-0.40792,0,,90.21044921875,90.310546875,turing-3,0.13.4,,shortest__mamut-helsinki-n658-k20-poi__seed__seed6__t1579
shortest,mamut-helsinki-n658-k20-poi,658,20,main,seed,7,1579,1579.318,683892,1014840.9049999991,20,True,1018664.2399999998,-0.37533,0,,90.21044921875,90.310546875,turing-3,0.13.4,,shortest__mamut-helsinki-n658-k20-poi__seed__seed7__t1579
shortest,mamut-helsinki-n658-k20-poi,658,20,main,seed,8,1579,1579.279,833426,1015361.757000001,20,True,1018664.2399999998,-0.3242,0,,90.21044921875,90.310546875,turing-3,0.13.4,,shortest__mamut-helsinki-n658-k20-poi__seed__seed8__t1579
shortest,mamut-helsinki-n658-k20-poi,658,20,main,seed,9,1579,1579.313,807411,1016123.611,20,True,1018664.2399999998,-0.24941,0,,90.21044921875,90.310546875,turing-3,0.13.4,,shortest__mamut-helsinki-n658-k20-poi__seed__seed9__t1579
shortest,mamut-helsinki-n658-k20-poi,658,20,main,seed,10,1579,1579.198,713106,1016726.6080000005,20,True,1018664.2399999998,-0.19021,0,,90.21044921875,90.310546875,turing-3,0.13.4,,shortest__mamut-helsinki-n658-k20-poi__seed__seed10__t1579
shortest,mamut-dublin-n673-k14-poi,673,14,polish,polish,1148,3230,3230.321,1773996,605118.0360000003,14,True,611911.4300000002,-1.11019,1,replaced,6.34228515625,90.2744140625,turing-3,0.13.4,shortest__mamut-dublin-n673-k14-poi__seed__seed10__t1615,shortest__mamut-dublin-n673-k14-poi__polish__seed1148__t3230
shortest,mamut-dublin-n673-k14-poi,673,14,main,seed,1,1615,1615.219,859522,607710.5090000008,14,True,611911.4300000002,-0.68652,0,,90.28515625,90.2783203125,turing-3,0.13.4,,shortest__mamut-dublin-n673-k14-poi__seed__seed1__t1615
shortest,mamut-dublin-n673-k14-poi,673,14,main,seed,2,1615,1615.218,949065,607145.4899999999,14,True,611911.4300000002,-0.77886,0,,90.28515625,90.2783203125,turing-3,0.13.4,,shortest__mamut-dublin-n673-k14-poi__seed__seed2__t1615
shortest,mamut-dublin-n673-k14-poi,673,14,main,seed,3,1615,1615.455,783736,613672.4440000003,14,True,611911.4300000002,0.28779,0,,90.28515625,90.255859375,turing-3,0.13.4,,shortest__mamut-dublin-n673-k14-poi__seed__seed3__t1615
shortest,mamut-dublin-n673-k14-poi,673,14,main,seed,4,1615,1615.339,1031138,608394.908,14,True,611911.4300000002,-0.57468,0,,90.28515625,90.255859375,turing-3,0.13.4,,shortest__mamut-dublin-n673-k14-poi__seed__seed4__t1615
shortest,mamut-dublin-n673-k14-poi,673,14,main,seed,5,1615,1615.334,836808,607074.5939999998,14,True,611911.4300000002,-0.79045,0,,90.28515625,90.255859375,turing-3,0.13.4,,shortest__mamut-dublin-n673-k14-poi__seed__seed5__t1615
shortest,mamut-dublin-n673-k14-poi,673,14,main,seed,6,1615,1615.35,899567,608595.6089999999,14,True,611911.4300000002,-0.54188,0,,90.28515625,90.255859375,turing-3,0.13.4,,shortest__mamut-dublin-n673-k14-poi__seed__seed6__t1615
shortest,mamut-dublin-n673-k14-poi,673,14,main,seed,7,1615,1615.308,787176,608274.846,14,True,611911.4300000002,-0.5943,0,,90.28515625,90.255859375,turing-3,0.13.4,,shortest__mamut-dublin-n673-k14-poi__seed__seed7__t1615
shortest,mamut-dublin-n673-k14-poi,673,14,main,seed,8,1615,1615.305,910524,611344.0360000005,14,True,611911.4300000002,-0.09272,0,,90.28515625,90.255859375,turing-3,0.13.4,,shortest__mamut-dublin-n673-k14-poi__seed__seed8__t1615
shortest,mamut-dublin-n673-k14-poi,673,14,main,seed,9,1615,1615.299,1033704,613314.9299999998,14,True,611911.4300000002,0.22936,0,,90.28515625,90.255859375,turing-3,0.13.4,,shortest__mamut-dublin-n673-k14-poi__seed__seed9__t1615
shortest,mamut-dublin-n673-k14-poi,673,14,main,seed,10,1615,1615.321,864425,605651.3849999998,14,True,611911.4300000002,-1.02303,0,,90.31005859375,90.2783203125,turing-3,0.13.4,,shortest__mamut-dublin-n673-k14-poi__seed__seed10__t1615
shortest,mamut-toulouse-n689-k129-poi,689,129,polish,polish,1212,3306,3306.269,640989,7017145.841999998,129,True,7021492.304,-0.0619,1,replaced,6.34228515625,90.33935546875,turing-3,0.13.4,shortest__mamut-toulouse-n689-k129-poi__seed__seed8__t1653,shortest__mamut-toulouse-n689-k129-poi__polish__seed1212__t3306
shortest,mamut-toulouse-n689-k129-poi,689,129,main,seed,1,1653,1653.291,267348,7025571.113999995,129,True,7021492.304,0.05809,0,,90.3193359375,90.2783203125,turing-3,0.13.4,,shortest__mamut-toulouse-n689-k129-poi__seed__seed1__t1653
shortest,mamut-toulouse-n689-k129-poi,689,129,main,seed,2,1653,1653.27,317389,7026234.912000008,129,True,7021492.304,0.06754,0,,90.3193359375,90.2783203125,turing-3,0.13.4,,shortest__mamut-toulouse-n689-k129-poi__seed__seed2__t1653
shortest,mamut-toulouse-n689-k129-poi,689,129,main,seed,3,1653,1653.277,349007,7022863.324999997,129,True,7021492.304,0.01953,0,,90.3193359375,90.2783203125,turing-3,0.13.4,,shortest__mamut-toulouse-n689-k129-poi__seed__seed3__t1653
shortest,mamut-toulouse-n689-k129-poi,689,129,main,seed,4,1653,1653.273,299069,7021412.951999992,129,True,7021492.304,-0.00113,0,,90.3193359375,90.2783203125,turing-3,0.13.4,,shortest__mamut-toulouse-n689-k129-poi__seed__seed4__t1653
shortest,mamut-toulouse-n689-k129-poi,689,129,main,seed,5,1653,1653.365,301926,7025044.731999998,129,True,7021492.304,0.05059,0,,90.3193359375,90.2783203125,turing-3,0.13.4,,shortest__mamut-toulouse-n689-k129-poi__seed__seed5__t1653
shortest,mamut-toulouse-n689-k129-poi,689,129,main,seed,6,1653,1653.259,375601,7020484.445999997,129,True,7021492.304,-0.01435,0,,90.3193359375,90.255859375,turing-3,0.13.4,,shortest__mamut-toulouse-n689-k129-poi__seed__seed6__t1653
shortest,mamut-toulouse-n689-k129-poi,689,129,main,seed,7,1653,1653.274,266818,7022280.000000003,129,True,7021492.304,0.01122,0,,90.32177734375,90.279296875,turing-3,0.13.4,,shortest__mamut-toulouse-n689-k129-poi__seed__seed7__t1653
shortest,mamut-toulouse-n689-k129-poi,689,129,main,seed,8,1653,1653.244,303361,7018063.418000013,129,True,7021492.304,-0.04883,0,,90.32177734375,90.279296875,turing-3,0.13.4,,shortest__mamut-toulouse-n689-k129-poi__seed__seed8__t1653
shortest,mamut-toulouse-n689-k129-poi,689,129,main,seed,9,1653,1653.284,345426,7026680.406999998,129,True,7021492.304,0.07389,0,,90.2958984375,90.279296875,turing-3,0.13.4,,shortest__mamut-toulouse-n689-k129-poi__seed__seed9__t1653
shortest,mamut-toulouse-n689-k129-poi,689,129,main,seed,10,1653,1653.28,340447,7020333.657000005,129,True,7021492.304,-0.0165,0,,90.3193359375,90.2783203125,turing-3,0.13.4,,shortest__mamut-toulouse-n689-k129-poi__seed__seed10__t1653
shortest,mamut-stockholm-n705-k60-par,705,60,pilot,long,101,6768,6768.253,3583695,2280005.7300000014,60,True,2286999.964999997,-0.30583,0,,1.15380859375,24.09423828125,turing-3,0.13.4,,shortest__mamut-stockholm-n705-k60-par__long__seed101__t6768
shortest,mamut-stockholm-n705-k60-par,705,60,polish,polish,1206,3384,3384.286,1094436,2277048.5809999984,60,True,2286999.964999997,-0.43513,1,replaced,6.34228515625,90.2177734375,turing-3,0.13.4,shortest__mamut-stockholm-n705-k60-par__seed__seed1__t1692,shortest__mamut-stockholm-n705-k60-par__polish__seed1206__t3384
shortest,mamut-stockholm-n705-k60-par,705,60,pilot,seed,1,1692,1692.315,664870,2278430.558999998,60,True,2286999.964999997,-0.3747,0,,8.2685546875,89.4091796875,turing-3,0.13.4,,shortest__mamut-stockholm-n705-k60-par__seed__seed1__t1692
shortest,mamut-stockholm-n705-k60-par,705,60,pilot,seed,2,1692,1692.262,640268,2286300.104999999,61,True,2286999.964999997,-0.0306,0,,1.15380859375,90.1416015625,turing-3,0.13.4,,shortest__mamut-stockholm-n705-k60-par__seed__seed2__t1692
shortest,mamut-stockholm-n705-k60-par,705,60,pilot,seed,3,1692,1692.283,568373,2286662.3519999995,61,True,2286999.964999997,-0.01476,0,,1.15380859375,90.1416015625,turing-3,0.13.4,,shortest__mamut-stockholm-n705-k60-par__seed__seed3__t1692
shortest,mamut-stockholm-n705-k60-par,705,60,main,seed,4,1692,1692.282,624691,2279277.3959999993,60,True,2286999.964999997,-0.33767,0,,90.2626953125,90.27099609375,turing-3,0.13.4,,shortest__mamut-stockholm-n705-k60-par__seed__seed4__t1692
shortest,mamut-stockholm-n705-k60-par,705,60,main,seed,5,1692,1692.293,719643,2285030.9170000004,61,True,2286999.964999997,-0.0861,0,,90.2626953125,90.2490234375,turing-3,0.13.4,,shortest__mamut-stockholm-n705-k60-par__seed__seed5__t1692
shortest,mamut-stockholm-n705-k60-par,705,60,main,seed,6,1692,1692.336,521833,2284367.204999996,61,True,2286999.964999997,-0.11512,0,,90.2626953125,90.2490234375,turing-3,0.13.4,,shortest__mamut-stockholm-n705-k60-par__seed__seed6__t1692
shortest,mamut-stockholm-n705-k60-par,705,60,main,seed,7,1692,1692.3,665720,2282685.1749999993,61,True,2286999.964999997,-0.18867,0,,90.2626953125,90.2490234375,turing-3,0.13.4,,shortest__mamut-stockholm-n705-k60-par__seed__seed7__t1692
shortest,mamut-stockholm-n705-k60-par,705,60,main,seed,8,1692,1692.279,535641,2286870.613000001,61,True,2286999.964999997,-0.00566,0,,90.2626953125,90.2490234375,turing-3,0.13.4,,shortest__mamut-stockholm-n705-k60-par__seed__seed8__t1692
shortest,mamut-stockholm-n705-k60-par,705,60,main,seed,9,1692,1692.291,618856,2285358.601999999,61,True,2286999.964999997,-0.07177,0,,90.2626953125,90.2490234375,turing-3,0.13.4,,shortest__mamut-stockholm-n705-k60-par__seed__seed9__t1692
shortest,mamut-stockholm-n705-k60-par,705,60,main,seed,10,1692,1692.282,595214,2290415.9959999984,61,True,2286999.964999997,0.14937,0,,90.23583984375,90.193359375,turing-3,0.13.4,,shortest__mamut-stockholm-n705-k60-par__seed__seed10__t1692
shortest,mamut-amsterdam-n722-k69-hyb,722,69,polish,polish,1114,3464,3464.297,1102355,2191306.632000002,70,True,2201107.9649999994,-0.44529,1,replaced,6.34228515625,90.36767578125,turing-3,0.13.4,shortest__mamut-amsterdam-n722-k69-hyb__seed__seed9__t1732,shortest__mamut-amsterdam-n722-k69-hyb__polish__seed1114__t3464
shortest,mamut-amsterdam-n722-k69-hyb,722,69,main,seed,1,1732,1732.302,554831,2201038.6579999994,70,True,2201107.9649999994,-0.00315,0,,90.2509765625,90.31005859375,turing-3,0.13.4,,shortest__mamut-amsterdam-n722-k69-hyb__seed__seed1__t1732
shortest,mamut-amsterdam-n722-k69-hyb,722,69,main,seed,2,1732,1732.336,648497,2196169.2669999995,70,True,2201107.9649999994,-0.22437,0,,90.23046875,90.31005859375,turing-3,0.13.4,,shortest__mamut-amsterdam-n722-k69-hyb__seed__seed2__t1732
shortest,mamut-amsterdam-n722-k69-hyb,722,69,main,seed,3,1732,1732.318,694646,2201186.9590000017,70,True,2201107.9649999994,0.00359,0,,90.23046875,90.31005859375,turing-3,0.13.4,,shortest__mamut-amsterdam-n722-k69-hyb__seed__seed3__t1732
shortest,mamut-amsterdam-n722-k69-hyb,722,69,main,seed,4,1732,1732.382,520185,2211046.401999998,70,True,2201107.9649999994,0.45152,0,,90.23046875,90.31005859375,turing-3,0.13.4,,shortest__mamut-amsterdam-n722-k69-hyb__seed__seed4__t1732
shortest,mamut-amsterdam-n722-k69-hyb,722,69,main,seed,5,1732,1732.371,586006,2199083.339,70,True,2201107.9649999994,-0.09198,0,,90.23046875,90.31005859375,turing-3,0.13.4,,shortest__mamut-amsterdam-n722-k69-hyb__seed__seed5__t1732
shortest,mamut-amsterdam-n722-k69-hyb,722,69,main,seed,6,1732,1732.362,530246,2199695.7789999996,70,True,2201107.9649999994,-0.06416,0,,90.23046875,90.31005859375,turing-3,0.13.4,,shortest__mamut-amsterdam-n722-k69-hyb__seed__seed6__t1732
shortest,mamut-amsterdam-n722-k69-hyb,722,69,main,seed,7,1732,1732.335,657662,2203066.069,70,True,2201107.9649999994,0.08896,0,,90.23046875,90.31005859375,turing-3,0.13.4,,shortest__mamut-amsterdam-n722-k69-hyb__seed__seed7__t1732
shortest,mamut-amsterdam-n722-k69-hyb,722,69,main,seed,8,1732,1732.34,519940,2204569.97,70,True,2201107.9649999994,0.15728,0,,90.23046875,90.31005859375,turing-3,0.13.4,,shortest__mamut-amsterdam-n722-k69-hyb__seed__seed8__t1732
shortest,mamut-amsterdam-n722-k69-hyb,722,69,main,seed,9,1732,1732.356,574016,2196085.2539999997,70,True,2201107.9649999994,-0.22819,0,,90.23046875,90.31005859375,turing-3,0.13.4,,shortest__mamut-amsterdam-n722-k69-hyb__seed__seed9__t1732
shortest,mamut-amsterdam-n722-k69-hyb,722,69,main,seed,10,1732,1732.318,632180,2198756.185000001,70,True,2201107.9649999994,-0.10685,0,,90.2509765625,90.31005859375,turing-3,0.13.4,,shortest__mamut-amsterdam-n722-k69-hyb__seed__seed10__t1732
shortest,mamut-copenhagen-n739-k203-hyb,739,203,polish,polish,1144,3546,3546.266,1050760,9850718.10100001,208,True,9919602.124000005,-0.69442,1,replaced,6.34228515625,90.3203125,turing-3,0.13.4,shortest__mamut-copenhagen-n739-k203-hyb__seed__seed7__t1773,shortest__mamut-copenhagen-n739-k203-hyb__polish__seed1144__t3546
shortest,mamut-copenhagen-n739-k203-hyb,739,203,main,seed,1,1773,1773.306,457525,9873641.097000003,209,True,9919602.124000005,-0.46334,0,,90.26953125,90.28515625,turing-3,0.13.4,,shortest__mamut-copenhagen-n739-k203-hyb__seed__seed1__t1773
shortest,mamut-copenhagen-n739-k203-hyb,739,203,main,seed,2,1773,1773.346,473764,9900561.270000009,210,True,9919602.124000005,-0.19195,0,,90.26953125,90.28515625,turing-3,0.13.4,,shortest__mamut-copenhagen-n739-k203-hyb__seed__seed2__t1773
shortest,mamut-copenhagen-n739-k203-hyb,739,203,main,seed,3,1773,1773.304,433255,9895307.446000014,210,True,9919602.124000005,-0.24492,0,,90.26953125,90.28515625,turing-3,0.13.4,,shortest__mamut-copenhagen-n739-k203-hyb__seed__seed3__t1773
shortest,mamut-copenhagen-n739-k203-hyb,739,203,main,seed,4,1773,1773.29,486557,9873554.360999994,209,True,9919602.124000005,-0.46421,0,,90.26953125,90.28515625,turing-3,0.13.4,,shortest__mamut-copenhagen-n739-k203-hyb__seed__seed4__t1773
shortest,mamut-copenhagen-n739-k203-hyb,739,203,main,seed,5,1773,1773.309,463742,9879504.472000008,209,True,9919602.124000005,-0.40423,0,,90.26953125,90.28515625,turing-3,0.13.4,,shortest__mamut-copenhagen-n739-k203-hyb__seed__seed5__t1773
shortest,mamut-copenhagen-n739-k203-hyb,739,203,main,seed,6,1773,1773.269,494623,9890491.060000014,209,True,9919602.124000005,-0.29347,0,,90.328125,90.28515625,turing-3,0.13.4,,shortest__mamut-copenhagen-n739-k203-hyb__seed__seed6__t1773
shortest,mamut-copenhagen-n739-k203-hyb,739,203,main,seed,7,1773,1773.28,498922,9858805.678999994,209,True,9919602.124000005,-0.61289,0,,90.328125,90.28515625,turing-3,0.13.4,,shortest__mamut-copenhagen-n739-k203-hyb__seed__seed7__t1773
shortest,mamut-copenhagen-n739-k203-hyb,739,203,main,seed,8,1773,1773.264,530688,9877967.596000012,209,True,9919602.124000005,-0.41972,0,,90.328125,90.28515625,turing-3,0.13.4,,shortest__mamut-copenhagen-n739-k203-hyb__seed__seed8__t1773
shortest,mamut-copenhagen-n739-k203-hyb,739,203,main,seed,9,1773,1773.293,472907,9879481.413000016,209,True,9919602.124000005,-0.40446,0,,90.328125,90.26220703125,turing-3,0.13.4,,shortest__mamut-copenhagen-n739-k203-hyb__seed__seed9__t1773
shortest,mamut-copenhagen-n739-k203-hyb,739,203,main,seed,10,1773,1773.301,526075,9902191.36799999,210,True,9919602.124000005,-0.17552,0,,90.26953125,90.28515625,turing-3,0.13.4,,shortest__mamut-copenhagen-n739-k203-hyb__seed__seed10__t1773
shortest,mamut-bordeaux-n756-k250-hyb,756,250,polish,polish,1130,3628,3628.357,959293,3969799.275000003,260,True,3978017.943999999,-0.2066,1,replaced,6.34228515625,90.4833984375,turing-3,0.13.4,shortest__mamut-bordeaux-n756-k250-hyb__seed__seed1__t1814,shortest__mamut-bordeaux-n756-k250-hyb__polish__seed1130__t3628
shortest,mamut-bordeaux-n756-k250-hyb,756,250,main,seed,1,1814,1814.3,441553,3970298.4440000015,260,True,3978017.943999999,-0.19405,0,,90.4208984375,90.2626953125,turing-3,0.13.4,,shortest__mamut-bordeaux-n756-k250-hyb__seed__seed1__t1814
shortest,mamut-bordeaux-n756-k250-hyb,756,250,main,seed,2,1814,1814.318,504763,3973711.6080000023,260,True,3978017.943999999,-0.10825,0,,90.4208984375,90.2626953125,turing-3,0.13.4,,shortest__mamut-bordeaux-n756-k250-hyb__seed__seed2__t1814
shortest,mamut-bordeaux-n756-k250-hyb,756,250,main,seed,3,1814,1814.29,507004,3972429.2180000036,260,True,3978017.943999999,-0.14049,0,,90.4208984375,90.2626953125,turing-3,0.13.4,,shortest__mamut-bordeaux-n756-k250-hyb__seed__seed3__t1814
shortest,mamut-bordeaux-n756-k250-hyb,756,250,main,seed,4,1814,1814.283,452155,3972213.041000001,260,True,3978017.943999999,-0.14592,0,,90.4208984375,90.2626953125,turing-3,0.13.4,,shortest__mamut-bordeaux-n756-k250-hyb__seed__seed4__t1814
shortest,mamut-bordeaux-n756-k250-hyb,756,250,main,seed,5,1814,1814.309,447189,3972957.7330000014,259,True,3978017.943999999,-0.1272,0,,90.4208984375,90.2626953125,turing-3,0.13.4,,shortest__mamut-bordeaux-n756-k250-hyb__seed__seed5__t1814
shortest,mamut-bordeaux-n756-k250-hyb,756,250,main,seed,6,1814,1814.276,483081,3975081.879000005,260,True,3978017.943999999,-0.07381,0,,90.4208984375,90.2626953125,turing-3,0.13.4,,shortest__mamut-bordeaux-n756-k250-hyb__seed__seed6__t1814
shortest,mamut-bordeaux-n756-k250-hyb,756,250,main,seed,7,1814,1814.283,451114,3975676.322000002,260,True,3978017.943999999,-0.05886,0,,90.4208984375,90.2626953125,turing-3,0.13.4,,shortest__mamut-bordeaux-n756-k250-hyb__seed__seed7__t1814
shortest,mamut-bordeaux-n756-k250-hyb,756,250,main,seed,8,1814,1814.193,491790,3974032.668000002,260,True,3978017.943999999,-0.10018,0,,90.4208984375,90.2626953125,turing-3,0.13.4,,shortest__mamut-bordeaux-n756-k250-hyb__seed__seed8__t1814
shortest,mamut-bordeaux-n756-k250-hyb,756,250,main,seed,9,1814,1814.281,521426,3975429.5620000027,260,True,3978017.943999999,-0.06507,0,,90.4208984375,90.2626953125,turing-3,0.13.4,,shortest__mamut-bordeaux-n756-k250-hyb__seed__seed9__t1814
shortest,mamut-bordeaux-n756-k250-hyb,756,250,main,seed,10,1814,1814.317,537646,3973929.4150000056,260,True,3978017.943999999,-0.10278,0,,90.4208984375,90.2626953125,turing-3,0.13.4,,shortest__mamut-bordeaux-n756-k250-hyb__seed__seed10__t1814
shortest,mamut-marseille-n774-k17-poi,774,17,polish,polish,1169,3714,3714.353,2123752,812817.9940000009,17,True,822917.1639999993,-1.22724,1,replaced,6.34228515625,90.419921875,turing-3,0.13.4,shortest__mamut-marseille-n774-k17-poi__seed__seed3__t1857,shortest__mamut-marseille-n774-k17-poi__polish__seed1169__t3714
shortest,mamut-marseille-n774-k17-poi,774,17,main,seed,1,1857,1857.426,1015248,814141.5019999993,17,True,822917.1639999993,-1.06641,0,,90.125,90.296875,turing-3,0.13.4,,shortest__mamut-marseille-n774-k17-poi__seed__seed1__t1857
shortest,mamut-marseille-n774-k17-poi,774,17,main,seed,2,1857,1857.423,1030557,822213.6350000008,17,True,822917.1639999993,-0.08549,0,,90.125,90.296875,turing-3,0.13.4,,shortest__mamut-marseille-n774-k17-poi__seed__seed2__t1857
shortest,mamut-marseille-n774-k17-poi,774,17,main,seed,3,1857,1857.368,954723,813575.4500000007,17,True,822917.1639999993,-1.13519,0,,90.125,90.296875,turing-3,0.13.4,,shortest__mamut-marseille-n774-k17-poi__seed__seed3__t1857
shortest,mamut-marseille-n774-k17-poi,774,17,main,seed,4,1857,1857.388,940385,821198.0959999994,17,True,822917.1639999993,-0.2089,0,,90.125,90.296875,turing-3,0.13.4,,shortest__mamut-marseille-n774-k17-poi__seed__seed4__t1857
shortest,mamut-marseille-n774-k17-poi,774,17,main,seed,5,1857,1857.373,1139479,814979.3770000008,17,True,822917.1639999993,-0.96459,0,,90.125,90.296875,turing-3,0.13.4,,shortest__mamut-marseille-n774-k17-poi__seed__seed5__t1857
shortest,mamut-marseille-n774-k17-poi,774,17,main,seed,6,1857,1857.388,961762,818093.557,17,True,822917.1639999993,-0.58616,0,,90.125,90.27294921875,turing-3,0.13.4,,shortest__mamut-marseille-n774-k17-poi__seed__seed6__t1857
shortest,mamut-marseille-n774-k17-poi,774,17,main,seed,7,1857,1857.354,904354,814580.2909999993,17,True,822917.1639999993,-1.01309,0,,90.0966796875,90.23046875,turing-3,0.13.4,,shortest__mamut-marseille-n774-k17-poi__seed__seed7__t1857
shortest,mamut-marseille-n774-k17-poi,774,17,main,seed,8,1857,1857.361,1064165,817988.8129999996,17,True,822917.1639999993,-0.59889,0,,90.0966796875,90.23046875,turing-3,0.13.4,,shortest__mamut-marseille-n774-k17-poi__seed__seed8__t1857
shortest,mamut-marseille-n774-k17-poi,774,17,main,seed,9,1857,1857.244,959301,821376.4000000003,17,True,822917.1639999993,-0.18723,0,,90.0966796875,90.23046875,turing-3,0.13.4,,shortest__mamut-marseille-n774-k17-poi__seed__seed9__t1857
shortest,mamut-marseille-n774-k17-poi,774,17,main,seed,10,1857,1857.376,988632,816106.7380000007,17,True,822917.1639999993,-0.8276,0,,90.125,90.296875,turing-3,0.13.4,,shortest__mamut-marseille-n774-k17-poi__seed__seed10__t1857
shortest,mamut-nairobi-n792-k18-par,792,18,polish,polish,1177,3800,3800.304,1694979,859927.9300000018,18,True,864113.1130000007,-0.48433,1,replaced,6.34228515625,90.28076171875,turing-3,0.13.4,shortest__mamut-nairobi-n792-k18-par__seed__seed5__t1900,shortest__mamut-nairobi-n792-k18-par__polish__seed1177__t3800
shortest,mamut-nairobi-n792-k18-par,792,18,main,seed,1,1900,1900.338,876778,866132.7720000008,18,True,864113.1130000007,0.23373,0,,90.20849609375,90.23046875,turing-3,0.13.4,,shortest__mamut-nairobi-n792-k18-par__seed__seed1__t1900
shortest,mamut-nairobi-n792-k18-par,792,18,main,seed,2,1900,1900.265,951431,863903.905000001,18,True,864113.1130000007,-0.02421,0,,90.20849609375,90.23046875,turing-3,0.13.4,,shortest__mamut-nairobi-n792-k18-par__seed__seed2__t1900
shortest,mamut-nairobi-n792-k18-par,792,18,main,seed,3,1900,1900.369,888007,865728.3150000009,18,True,864113.1130000007,0.18692,0,,90.20849609375,90.23046875,turing-3,0.13.4,,shortest__mamut-nairobi-n792-k18-par__seed__seed3__t1900
shortest,mamut-nairobi-n792-k18-par,792,18,main,seed,4,1900,1900.377,888194,865726.3570000004,18,True,864113.1130000007,0.18669,0,,90.20849609375,90.23046875,turing-3,0.13.4,,shortest__mamut-nairobi-n792-k18-par__seed__seed4__t1900
shortest,mamut-nairobi-n792-k18-par,792,18,main,seed,5,1900,1900.454,822436,861620.6600000008,18,True,864113.1130000007,-0.28844,0,,90.20849609375,90.23046875,turing-3,0.13.4,,shortest__mamut-nairobi-n792-k18-par__seed__seed5__t1900
shortest,mamut-nairobi-n792-k18-par,792,18,main,seed,6,1900,1900.243,941324,863547.2379999997,18,True,864113.1130000007,-0.06549,0,,90.20849609375,90.23046875,turing-3,0.13.4,,shortest__mamut-nairobi-n792-k18-par__seed__seed6__t1900
shortest,mamut-nairobi-n792-k18-par,792,18,main,seed,7,1900,1900.401,796231,863787.3479999999,18,True,864113.1130000007,-0.0377,0,,90.20849609375,90.23046875,turing-3,0.13.4,,shortest__mamut-nairobi-n792-k18-par__seed__seed7__t1900
shortest,mamut-nairobi-n792-k18-par,792,18,main,seed,8,1900,1900.378,857166,865984.1860000001,18,True,864113.1130000007,0.21653,0,,90.20849609375,90.23046875,turing-3,0.13.4,,shortest__mamut-nairobi-n792-k18-par__seed__seed8__t1900
shortest,mamut-nairobi-n792-k18-par,792,18,main,seed,9,1900,1900.367,910724,864021.3040000007,18,True,864113.1130000007,-0.01062,0,,90.20849609375,90.23046875,turing-3,0.13.4,,shortest__mamut-nairobi-n792-k18-par__seed__seed9__t1900
shortest,mamut-nairobi-n792-k18-par,792,18,main,seed,10,1900,1900.361,916103,865148.5420000004,18,True,864113.1130000007,0.11983,0,,90.20849609375,90.23046875,turing-3,0.13.4,,shortest__mamut-nairobi-n792-k18-par__seed__seed10__t1900
shortest,mamut-strasbourg-n811-k163-hyb,811,163,polish,polish,1207,3892,3892.255,909054,3107183.496999997,163,True,3107980.779000003,-0.02565,1,replaced,6.34228515625,90.3193359375,turing-3,0.13.4,shortest__mamut-strasbourg-n811-k163-hyb__seed__seed2__t1946,shortest__mamut-strasbourg-n811-k163-hyb__polish__seed1207__t3892
shortest,mamut-strasbourg-n811-k163-hyb,811,163,main,seed,1,1946,1946.376,449082,3108088.855999997,163,True,3107980.779000003,0.00348,0,,90.36328125,90.283203125,turing-3,0.13.4,,shortest__mamut-strasbourg-n811-k163-hyb__seed__seed1__t1946
shortest,mamut-strasbourg-n811-k163-hyb,811,163,main,seed,2,1946,1946.303,500598,3107489.6830000007,163,True,3107980.779000003,-0.0158,0,,90.36328125,90.283203125,turing-3,0.13.4,,shortest__mamut-strasbourg-n811-k163-hyb__seed__seed2__t1946
shortest,mamut-strasbourg-n811-k163-hyb,811,163,main,seed,3,1946,1946.305,398406,3107568.104000004,163,True,3107980.779000003,-0.01328,0,,90.36328125,90.283203125,turing-3,0.13.4,,shortest__mamut-strasbourg-n811-k163-hyb__seed__seed3__t1946
shortest,mamut-strasbourg-n811-k163-hyb,811,163,main,seed,4,1946,1946.312,389648,3108675.563999997,163,True,3107980.779000003,0.02235,0,,90.36328125,90.283203125,turing-3,0.13.4,,shortest__mamut-strasbourg-n811-k163-hyb__seed__seed4__t1946
shortest,mamut-strasbourg-n811-k163-hyb,811,163,main,seed,5,1946,1946.336,454048,3107813.117000001,163,True,3107980.779000003,-0.00539,0,,90.36328125,90.283203125,turing-3,0.13.4,,shortest__mamut-strasbourg-n811-k163-hyb__seed__seed5__t1946
shortest,mamut-strasbourg-n811-k163-hyb,811,163,main,seed,6,1946,1946.35,437799,3108168.0880000023,163,True,3107980.779000003,0.00603,0,,90.333984375,90.4208984375,turing-3,0.13.4,,shortest__mamut-strasbourg-n811-k163-hyb__seed__seed6__t1946
shortest,mamut-strasbourg-n811-k163-hyb,811,163,main,seed,7,1946,1946.358,407681,3107919.0499999984,163,True,3107980.779000003,-0.00199,0,,90.3486328125,90.470703125,turing-3,0.13.4,,shortest__mamut-strasbourg-n811-k163-hyb__seed__seed7__t1946
shortest,mamut-strasbourg-n811-k163-hyb,811,163,main,seed,8,1946,1946.256,425740,3108717.473000002,163,True,3107980.779000003,0.0237,0,,90.3486328125,90.470703125,turing-3,0.13.4,,shortest__mamut-strasbourg-n811-k163-hyb__seed__seed8__t1946
shortest,mamut-strasbourg-n811-k163-hyb,811,163,main,seed,9,1946,1946.349,407113,3108260.9969999986,163,True,3107980.779000003,0.00902,0,,90.3486328125,90.470703125,turing-3,0.13.4,,shortest__mamut-strasbourg-n811-k163-hyb__seed__seed9__t1946
shortest,mamut-strasbourg-n811-k163-hyb,811,163,main,seed,10,1946,1946.384,492528,3107528.897999997,163,True,3107980.779000003,-0.01454,0,,90.36328125,90.283203125,turing-3,0.13.4,,shortest__mamut-strasbourg-n811-k163-hyb__seed__seed10__t1946
shortest,mamut-auckland-n830-k30-poi,830,30,polish,polish,1120,3984,3984.216,2393996,1003988.1850000011,30,True,1013193.8660000017,-0.90858,1,replaced,6.34228515625,90.333984375,turing-3,0.13.4,shortest__mamut-auckland-n830-k30-poi__seed__seed7__t1992,shortest__mamut-auckland-n830-k30-poi__polish__seed1120__t3984
shortest,mamut-auckland-n830-k30-poi,830,30,main,seed,1,1992,1992.345,974706,1011423.2460000012,30,True,1013193.8660000017,-0.17476,0,,90.14453125,90.19140625,turing-3,0.13.4,,shortest__mamut-auckland-n830-k30-poi__seed__seed1__t1992
shortest,mamut-auckland-n830-k30-poi,830,30,main,seed,2,1992,1992.362,974435,1006669.8520000015,30,True,1013193.8660000017,-0.64391,0,,90.14453125,90.19140625,turing-3,0.13.4,,shortest__mamut-auckland-n830-k30-poi__seed__seed2__t1992
shortest,mamut-auckland-n830-k30-poi,830,30,main,seed,3,1992,1992.408,1046325,1012292.7370000005,30,True,1013193.8660000017,-0.08894,0,,90.21337890625,90.19140625,turing-3,0.13.4,,shortest__mamut-auckland-n830-k30-poi__seed__seed3__t1992
shortest,mamut-auckland-n830-k30-poi,830,30,main,seed,4,1992,1992.438,983417,1010998.3509999996,30,True,1013193.8660000017,-0.21669,0,,90.25439453125,90.1484375,turing-3,0.13.4,,shortest__mamut-auckland-n830-k30-poi__seed__seed4__t1992
shortest,mamut-auckland-n830-k30-poi,830,30,main,seed,5,1992,1992.4,994394,1009587.0610000003,30,True,1013193.8660000017,-0.35598,0,,90.25439453125,90.1484375,turing-3,0.13.4,,shortest__mamut-auckland-n830-k30-poi__seed__seed5__t1992
shortest,mamut-auckland-n830-k30-poi,830,30,main,seed,6,1992,1992.355,908800,1008076.1200000006,30,True,1013193.8660000017,-0.50511,0,,90.314453125,90.1484375,turing-3,0.13.4,,shortest__mamut-auckland-n830-k30-poi__seed__seed6__t1992
shortest,mamut-auckland-n830-k30-poi,830,30,main,seed,7,1992,1992.363,958477,1004897.3290000018,30,True,1013193.8660000017,-0.81885,0,,90.2890625,90.125,turing-3,0.13.4,,shortest__mamut-auckland-n830-k30-poi__seed__seed7__t1992
shortest,mamut-auckland-n830-k30-poi,830,30,main,seed,8,1992,1992.398,1194674,1007475.3130000011,30,True,1013193.8660000017,-0.56441,0,,90.2890625,90.125,turing-3,0.13.4,,shortest__mamut-auckland-n830-k30-poi__seed__seed8__t1992
shortest,mamut-auckland-n830-k30-poi,830,30,main,seed,9,1992,1992.378,988059,1008283.3379999998,30,True,1013193.8660000017,-0.48466,0,,90.34619140625,90.125,turing-3,0.13.4,,shortest__mamut-auckland-n830-k30-poi__seed__seed9__t1992
shortest,mamut-auckland-n830-k30-poi,830,30,main,seed,10,1992,1992.324,1169864,1008418.0340000002,30,True,1013193.8660000017,-0.47136,0,,90.14453125,90.19140625,turing-3,0.13.4,,shortest__mamut-auckland-n830-k30-poi__seed__seed10__t1992
shortest,mamut-hanoi-n850-k101-par,850,101,polish,polish,1150,4080,4080.439,789040,7235524.700000008,103,True,7261343.5929999985,-0.35557,1,replaced,6.34228515625,90.2783203125,turing-3,0.13.4,shortest__mamut-hanoi-n850-k101-par__seed__seed8__t2040,shortest__mamut-hanoi-n850-k101-par__polish__seed1150__t4080
shortest,mamut-hanoi-n850-k101-par,850,101,main,seed,1,2040,2040.335,388748,7240117.452999991,103,True,7261343.5929999985,-0.29232,0,,90.1572265625,90.0966796875,turing-3,0.13.4,,shortest__mamut-hanoi-n850-k101-par__seed__seed1__t2040
shortest,mamut-hanoi-n850-k101-par,850,101,main,seed,2,2040,2040.341,416402,7262697.048000003,104,True,7261343.5929999985,0.01864,0,,90.1572265625,90.0966796875,turing-3,0.13.4,,shortest__mamut-hanoi-n850-k101-par__seed__seed2__t2040
shortest,mamut-hanoi-n850-k101-par,850,101,main,seed,3,2040,2040.353,421782,7260777.796000001,104,True,7261343.5929999985,-0.00779,0,,90.1572265625,90.0966796875,turing-3,0.13.4,,shortest__mamut-hanoi-n850-k101-par__seed__seed3__t2040
shortest,mamut-hanoi-n850-k101-par,850,101,main,seed,4,2040,2040.356,414697,7259809.556000004,104,True,7261343.5929999985,-0.02113,0,,90.1572265625,90.0966796875,turing-3,0.13.4,,shortest__mamut-hanoi-n850-k101-par__seed__seed4__t2040
shortest,mamut-hanoi-n850-k101-par,850,101,main,seed,5,2040,2040.355,345266,7241446.64700001,103,True,7261343.5929999985,-0.27401,0,,90.1572265625,90.0966796875,turing-3,0.13.4,,shortest__mamut-hanoi-n850-k101-par__seed__seed5__t2040
shortest,mamut-hanoi-n850-k101-par,850,101,main,seed,6,2040,2040.361,396464,7244106.660000009,103,True,7261343.5929999985,-0.23738,0,,90.1572265625,90.0966796875,turing-3,0.13.4,,shortest__mamut-hanoi-n850-k101-par__seed__seed6__t2040
shortest,mamut-hanoi-n850-k101-par,850,101,main,seed,7,2040,2040.417,380065,7257514.210000008,104,True,7261343.5929999985,-0.05274,0,,90.1572265625,90.0966796875,turing-3,0.13.4,,shortest__mamut-hanoi-n850-k101-par__seed__seed7__t2040
shortest,mamut-hanoi-n850-k101-par,850,101,main,seed,8,2040,2040.413,371963,7238067.464000018,103,True,7261343.5929999985,-0.32055,0,,90.1572265625,90.0966796875,turing-3,0.13.4,,shortest__mamut-hanoi-n850-k101-par__seed__seed8__t2040
shortest,mamut-hanoi-n850-k101-par,850,101,main,seed,9,2040,2040.389,387533,7240746.305999997,103,True,7261343.5929999985,-0.28366,0,,90.1572265625,90.0966796875,turing-3,0.13.4,,shortest__mamut-hanoi-n850-k101-par__seed__seed9__t2040
shortest,mamut-hanoi-n850-k101-par,850,101,main,seed,10,2040,2040.367,348867,7263281.348000004,104,True,7261343.5929999985,0.02669,0,,90.08349609375,90.10546875,turing-3,0.13.4,,shortest__mamut-hanoi-n850-k101-par__seed__seed10__t2040
shortest,mamut-montpellier-n870-k105-hyb,870,105,polish,polish,1172,4176,4176.393,1157281,3639279.1560000004,106,True,3649591.608999999,-0.28256,1,replaced,6.34228515625,90.27197265625,turing-3,0.13.4,shortest__mamut-montpellier-n870-k105-hyb__seed__seed8__t2088,shortest__mamut-montpellier-n870-k105-hyb__polish__seed1172__t4176
shortest,mamut-montpellier-n870-k105-hyb,870,105,main,seed,1,2088,2088.27,532061,3644387.2670000005,106,True,3649591.608999999,-0.1426,0,,90.20751953125,90.3486328125,turing-3,0.13.4,,shortest__mamut-montpellier-n870-k105-hyb__seed__seed1__t2088
shortest,mamut-montpellier-n870-k105-hyb,870,105,main,seed,2,2088,2088.367,537960,3646817.9839999964,106,True,3649591.608999999,-0.076,0,,90.1904296875,90.3486328125,turing-3,0.13.4,,shortest__mamut-montpellier-n870-k105-hyb__seed__seed2__t2088
shortest,mamut-montpellier-n870-k105-hyb,870,105,main,seed,3,2088,2088.419,484419,3643761.1989999977,106,True,3649591.608999999,-0.15976,0,,90.1904296875,90.3486328125,turing-3,0.13.4,,shortest__mamut-montpellier-n870-k105-hyb__seed__seed3__t2088
shortest,mamut-montpellier-n870-k105-hyb,870,105,main,seed,4,2088,2088.454,544225,3644688.928999995,106,True,3649591.608999999,-0.13434,0,,90.1904296875,90.3486328125,turing-3,0.13.4,,shortest__mamut-montpellier-n870-k105-hyb__seed__seed4__t2088
shortest,mamut-montpellier-n870-k105-hyb,870,105,main,seed,5,2088,2088.429,584055,3644231.528000001,106,True,3649591.608999999,-0.14687,0,,90.1904296875,90.3486328125,turing-3,0.13.4,,shortest__mamut-montpellier-n870-k105-hyb__seed__seed5__t2088
shortest,mamut-montpellier-n870-k105-hyb,870,105,main,seed,6,2088,2088.351,538953,3645243.22,106,True,3649591.608999999,-0.11915,0,,90.1904296875,90.3486328125,turing-3,0.13.4,,shortest__mamut-montpellier-n870-k105-hyb__seed__seed6__t2088
shortest,mamut-montpellier-n870-k105-hyb,870,105,main,seed,7,2088,2088.393,591874,3645300.495000001,106,True,3649591.608999999,-0.11758,0,,90.1904296875,90.3486328125,turing-3,0.13.4,,shortest__mamut-montpellier-n870-k105-hyb__seed__seed7__t2088
shortest,mamut-montpellier-n870-k105-hyb,870,105,main,seed,8,2088,2088.416,585275,3642162.1670000027,106,True,3649591.608999999,-0.20357,0,,90.1904296875,90.3486328125,turing-3,0.13.4,,shortest__mamut-montpellier-n870-k105-hyb__seed__seed8__t2088
shortest,mamut-montpellier-n870-k105-hyb,870,105,main,seed,9,2088,2088.404,572820,3645246.466,106,True,3649591.608999999,-0.11906,0,,90.1904296875,90.3486328125,turing-3,0.13.4,,shortest__mamut-montpellier-n870-k105-hyb__seed__seed9__t2088
shortest,mamut-montpellier-n870-k105-hyb,870,105,main,seed,10,2088,2088.445,504640,3648519.345,106,True,3649591.608999999,-0.02938,0,,90.20751953125,90.3486328125,turing-3,0.13.4,,shortest__mamut-montpellier-n870-k105-hyb__seed__seed10__t2088
shortest,mamut-san_francisco-n890-k83-par,890,83,polish,polish,1200,4272,4272.481,615844,3249246.4180000047,84,True,3260870.9269999997,-0.35648,1,replaced,6.34228515625,90.24072265625,turing-3,0.13.4,shortest__mamut-san_francisco-n890-k83-par__seed__seed7__t2136,shortest__mamut-san_francisco-n890-k83-par__polish__seed1200__t4272
shortest,mamut-san_francisco-n890-k83-par,890,83,main,seed,1,2136,2136.495,354287,3254627.405000002,84,True,3260870.9269999997,-0.19147,0,,90.13427734375,90.14453125,turing-3,0.13.4,,shortest__mamut-san_francisco-n890-k83-par__seed__seed1__t2136
shortest,mamut-san_francisco-n890-k83-par,890,83,main,seed,2,2136,2136.44,328652,3255175.909999999,84,True,3260870.9269999997,-0.17465,0,,90.123046875,90.14453125,turing-3,0.13.4,,shortest__mamut-san_francisco-n890-k83-par__seed__seed2__t2136
shortest,mamut-san_francisco-n890-k83-par,890,83,main,seed,3,2136,2136.308,298573,3258483.267,84,True,3260870.9269999997,-0.07322,0,,90.123046875,90.14453125,turing-3,0.13.4,,shortest__mamut-san_francisco-n890-k83-par__seed__seed3__t2136
shortest,mamut-san_francisco-n890-k83-par,890,83,main,seed,4,2136,2136.426,358081,3259230.4239999983,84,True,3260870.9269999997,-0.05031,0,,90.123046875,90.14453125,turing-3,0.13.4,,shortest__mamut-san_francisco-n890-k83-par__seed__seed4__t2136
shortest,mamut-san_francisco-n890-k83-par,890,83,main,seed,5,2136,2136.436,326119,3256541.517999998,84,True,3260870.9269999997,-0.13277,0,,90.123046875,90.14453125,turing-3,0.13.4,,shortest__mamut-san_francisco-n890-k83-par__seed__seed5__t2136
shortest,mamut-san_francisco-n890-k83-par,890,83,main,seed,6,2136,2136.443,389345,3253930.021999999,84,True,3260870.9269999997,-0.21285,0,,90.123046875,90.14453125,turing-3,0.13.4,,shortest__mamut-san_francisco-n890-k83-par__seed__seed6__t2136
shortest,mamut-san_francisco-n890-k83-par,890,83,main,seed,7,2136,2136.502,322821,3251553.3039999986,84,True,3260870.9269999997,-0.28574,0,,90.1689453125,90.25439453125,turing-3,0.13.4,,shortest__mamut-san_francisco-n890-k83-par__seed__seed7__t2136
shortest,mamut-san_francisco-n890-k83-par,890,83,main,seed,8,2136,2136.483,303159,3256548.344999997,84,True,3260870.9269999997,-0.13256,0,,90.1689453125,90.25439453125,turing-3,0.13.4,,shortest__mamut-san_francisco-n890-k83-par__seed__seed8__t2136
shortest,mamut-san_francisco-n890-k83-par,890,83,main,seed,9,2136,2136.52,293574,3257670.5280000023,84,True,3260870.9269999997,-0.09815,0,,90.1689453125,90.25439453125,turing-3,0.13.4,,shortest__mamut-san_francisco-n890-k83-par__seed__seed9__t2136
shortest,mamut-san_francisco-n890-k83-par,890,83,main,seed,10,2136,2136.417,355798,3257026.5920000058,84,True,3260870.9269999997,-0.11789,0,,90.13427734375,90.14453125,turing-3,0.13.4,,shortest__mamut-san_francisco-n890-k83-par__seed__seed10__t2136
shortest,mamut-johannesburg-n911-k83-par,911,83,polish,polish,1153,4372,4372.223,768724,8029295.481000001,83,True,8038624.391000005,-0.11605,1,replaced,6.34228515625,90.28857421875,turing-3,0.13.4,shortest__mamut-johannesburg-n911-k83-par__seed__seed6__t2186,shortest__mamut-johannesburg-n911-k83-par__polish__seed1153__t4372
shortest,mamut-johannesburg-n911-k83-par,911,83,main,seed,1,2186,2186.368,427458,8035615.626000011,83,True,8038624.391000005,-0.03743,0,,90.18896484375,90.34619140625,turing-3,0.13.4,,shortest__mamut-johannesburg-n911-k83-par__seed__seed1__t2186
shortest,mamut-johannesburg-n911-k83-par,911,83,main,seed,2,2186,2186.385,335563,8037008.376,83,True,8038624.391000005,-0.0201,0,,90.173828125,90.34619140625,turing-3,0.13.4,,shortest__mamut-johannesburg-n911-k83-par__seed__seed2__t2186
shortest,mamut-johannesburg-n911-k83-par,911,83,main,seed,3,2186,2186.422,374670,8036781.158000013,83,True,8038624.391000005,-0.02293,0,,90.173828125,90.34619140625,turing-3,0.13.4,,shortest__mamut-johannesburg-n911-k83-par__seed__seed3__t2186
shortest,mamut-johannesburg-n911-k83-par,911,83,main,seed,4,2186,2186.441,402587,8039379.964000008,83,True,8038624.391000005,0.0094,0,,90.173828125,90.39892578125,turing-3,0.13.4,,shortest__mamut-johannesburg-n911-k83-par__seed__seed4__t2186
shortest,mamut-johannesburg-n911-k83-par,911,83,main,seed,5,2186,2186.406,410371,8036626.563,83,True,8038624.391000005,-0.02485,0,,90.15966796875,90.39892578125,turing-3,0.13.4,,shortest__mamut-johannesburg-n911-k83-par__seed__seed5__t2186
shortest,mamut-johannesburg-n911-k83-par,911,83,main,seed,6,2186,2186.514,358065,8030912.829000004,83,True,8038624.391000005,-0.09593,0,,90.15966796875,90.39892578125,turing-3,0.13.4,,shortest__mamut-johannesburg-n911-k83-par__seed__seed6__t2186
shortest,mamut-johannesburg-n911-k83-par,911,83,main,seed,7,2186,2186.41,403813,8035555.146000008,83,True,8038624.391000005,-0.03818,0,,90.15966796875,90.39892578125,turing-3,0.13.4,,shortest__mamut-johannesburg-n911-k83-par__seed__seed7__t2186
shortest,mamut-johannesburg-n911-k83-par,911,83,main,seed,8,2186,2186.443,337989,8042995.615000007,83,True,8038624.391000005,0.05438,0,,90.15966796875,90.39892578125,turing-3,0.13.4,,shortest__mamut-johannesburg-n911-k83-par__seed__seed8__t2186
shortest,mamut-johannesburg-n911-k83-par,911,83,main,seed,9,2186,2186.294,382468,8035398.855000005,83,True,8038624.391000005,-0.04013,0,,90.15966796875,90.39892578125,turing-3,0.13.4,,shortest__mamut-johannesburg-n911-k83-par__seed__seed9__t2186
shortest,mamut-johannesburg-n911-k83-par,911,83,main,seed,10,2186,2186.431,380485,8040594.482,83,True,8038624.391000005,0.02451,0,,90.18896484375,90.2890625,turing-3,0.13.4,,shortest__mamut-johannesburg-n911-k83-par__seed__seed10__t2186
shortest,mamut-zurich-n933-k20-poi,933,20,polish,polish,1219,4478,4478.301,2138667,847059.0180000002,20,True,857080.9090000003,-1.16931,1,replaced,6.34228515625,90.24169921875,turing-3,0.13.4,shortest__mamut-zurich-n933-k20-poi__seed__seed1__t2239,shortest__mamut-zurich-n933-k20-poi__polish__seed1219__t4478
shortest,mamut-zurich-n933-k20-poi,933,20,main,seed,1,2239,2239.786,918444,847179.512000001,20,True,857080.9090000003,-1.15525,0,,90.197265625,90.1904296875,turing-3,0.13.4,,shortest__mamut-zurich-n933-k20-poi__seed__seed1__t2239
shortest,mamut-zurich-n933-k20-poi,933,20,main,seed,2,2239,2239.378,1133084,848163.578,20,True,857080.9090000003,-1.04043,0,,90.197265625,90.20751953125,turing-3,0.13.4,,shortest__mamut-zurich-n933-k20-poi__seed__seed2__t2239
shortest,mamut-zurich-n933-k20-poi,933,20,main,seed,3,2239,2239.657,1145750,848355.8469999996,20,True,857080.9090000003,-1.018,0,,90.197265625,90.1904296875,turing-3,0.13.4,,shortest__mamut-zurich-n933-k20-poi__seed__seed3__t2239
shortest,mamut-zurich-n933-k20-poi,933,20,main,seed,4,2239,2239.678,997005,848666.204,20,True,857080.9090000003,-0.98179,0,,90.197265625,90.1904296875,turing-3,0.13.4,,shortest__mamut-zurich-n933-k20-poi__seed__seed4__t2239
shortest,mamut-zurich-n933-k20-poi,933,20,main,seed,5,2239,2239.702,1047353,855486.041,20,True,857080.9090000003,-0.18608,0,,90.197265625,90.1904296875,turing-3,0.13.4,,shortest__mamut-zurich-n933-k20-poi__seed__seed5__t2239
shortest,mamut-zurich-n933-k20-poi,933,20,main,seed,6,2239,2239.705,1027608,849585.8340000008,20,True,857080.9090000003,-0.87449,0,,90.197265625,90.1904296875,turing-3,0.13.4,,shortest__mamut-zurich-n933-k20-poi__seed__seed6__t2239
shortest,mamut-zurich-n933-k20-poi,933,20,main,seed,7,2239,2239.657,975088,849887.3369999998,20,True,857080.9090000003,-0.83931,0,,90.197265625,90.1904296875,turing-3,0.13.4,,shortest__mamut-zurich-n933-k20-poi__seed__seed7__t2239
shortest,mamut-zurich-n933-k20-poi,933,20,main,seed,8,2239,2239.643,933035,847810.774,20,True,857080.9090000003,-1.08159,0,,90.197265625,90.1904296875,turing-3,0.13.4,,shortest__mamut-zurich-n933-k20-poi__seed__seed8__t2239
shortest,mamut-zurich-n933-k20-poi,933,20,main,seed,9,2239,2239.729,1083896,847607.7200000004,20,True,857080.9090000003,-1.10529,0,,90.197265625,90.1904296875,turing-3,0.13.4,,shortest__mamut-zurich-n933-k20-poi__seed__seed9__t2239
shortest,mamut-zurich-n933-k20-poi,933,20,main,seed,10,2239,2239.489,1246422,853922.91,20,True,857080.9090000003,-0.36846,0,,90.197265625,90.1748046875,turing-3,0.13.4,,shortest__mamut-zurich-n933-k20-poi__seed__seed10__t2239
shortest,mamut-hong_kong-n955-k207-par,955,207,polish,polish,1152,4584,4584.335,709960,5929029.515999995,208,True,5943744.652000008,-0.24757,1,replaced,6.34228515625,90.37548828125,turing-3,0.13.4,shortest__mamut-hong_kong-n955-k207-par__seed__seed4__t2292,shortest__mamut-hong_kong-n955-k207-par__polish__seed1152__t4584
shortest,mamut-hong_kong-n955-k207-par,955,207,main,seed,1,2292,2292.296,377780,5938317.557000012,208,True,5943744.652000008,-0.09131,0,,90.18408203125,90.13427734375,turing-3,0.13.4,,shortest__mamut-hong_kong-n955-k207-par__seed__seed1__t2292
shortest,mamut-hong_kong-n955-k207-par,955,207,main,seed,2,2292,2292.271,348482,5934277.202000008,208,True,5943744.652000008,-0.15928,0,,90.1689453125,90.13427734375,turing-3,0.13.4,,shortest__mamut-hong_kong-n955-k207-par__seed__seed2__t2292
shortest,mamut-hong_kong-n955-k207-par,955,207,main,seed,3,2292,2292.378,361710,5932245.594000008,208,True,5943744.652000008,-0.19346,0,,90.1689453125,90.13427734375,turing-3,0.13.4,,shortest__mamut-hong_kong-n955-k207-par__seed__seed3__t2292
shortest,mamut-hong_kong-n955-k207-par,955,207,main,seed,4,2292,2292.362,359899,5929187.926000001,208,True,5943744.652000008,-0.24491,0,,90.1689453125,90.13427734375,turing-3,0.13.4,,shortest__mamut-hong_kong-n955-k207-par__seed__seed4__t2292
shortest,mamut-hong_kong-n955-k207-par,955,207,main,seed,5,2292,2292.384,331576,5933253.376,208,True,5943744.652000008,-0.17651,0,,90.1689453125,90.13427734375,turing-3,0.13.4,,shortest__mamut-hong_kong-n955-k207-par__seed__seed5__t2292
shortest,mamut-hong_kong-n955-k207-par,955,207,main,seed,6,2292,2292.257,337401,5929629.812999998,207,True,5943744.652000008,-0.23747,0,,90.1689453125,90.13427734375,turing-3,0.13.4,,shortest__mamut-hong_kong-n955-k207-par__seed__seed6__t2292
shortest,mamut-hong_kong-n955-k207-par,955,207,main,seed,7,2292,2292.292,361197,5932371.812000011,208,True,5943744.652000008,-0.19134,0,,90.1689453125,90.13427734375,turing-3,0.13.4,,shortest__mamut-hong_kong-n955-k207-par__seed__seed7__t2292
shortest,mamut-hong_kong-n955-k207-par,955,207,main,seed,8,2292,2292.42,377422,5931280.219000004,208,True,5943744.652000008,-0.20971,0,,90.1689453125,90.13427734375,turing-3,0.13.4,,shortest__mamut-hong_kong-n955-k207-par__seed__seed8__t2292
shortest,mamut-hong_kong-n955-k207-par,955,207,main,seed,9,2292,2292.404,333616,5935627.522999999,208,True,5943744.652000008,-0.13657,0,,90.1689453125,90.13427734375,turing-3,0.13.4,,shortest__mamut-hong_kong-n955-k207-par__seed__seed9__t2292
shortest,mamut-hong_kong-n955-k207-par,955,207,main,seed,10,2292,2292.347,390863,5929645.436999997,208,True,5943744.652000008,-0.23721,0,,90.18408203125,90.13427734375,turing-3,0.13.4,,shortest__mamut-hong_kong-n955-k207-par__seed__seed10__t2292
shortest,mamut-sofia-n977-k111-poi,977,111,polish,polish,1205,4688,4688.238,496749,7129527.558000003,112,True,7159334.408000012,-0.41634,1,replaced,13.04150390625,90.28564453125,turing-3,0.13.4,shortest__mamut-sofia-n977-k111-poi__seed__seed9__t2344,shortest__mamut-sofia-n977-k111-poi__polish__seed1205__t4688
shortest,mamut-sofia-n977-k111-poi,977,111,main,seed,1,2344,2344.577,272664,7133236.476000001,112,True,7159334.408000012,-0.36453,0,,90.30517578125,90.1689453125,turing-3,0.13.4,,shortest__mamut-sofia-n977-k111-poi__seed__seed1__t2344
shortest,mamut-sofia-n977-k111-poi,977,111,main,seed,2,2344,2344.501,269997,7144659.865999997,112,True,7159334.408000012,-0.20497,0,,90.30517578125,90.1689453125,turing-3,0.13.4,,shortest__mamut-sofia-n977-k111-poi__seed__seed2__t2344
shortest,mamut-sofia-n977-k111-poi,977,111,main,seed,3,2344,2344.419,229604,7132987.386000008,112,True,7159334.408000012,-0.36801,0,,90.30517578125,90.1689453125,turing-3,0.13.4,,shortest__mamut-sofia-n977-k111-poi__seed__seed3__t2344
shortest,mamut-sofia-n977-k111-poi,977,111,main,seed,4,2344,2344.557,245295,7137618.919999994,112,True,7159334.408000012,-0.30332,0,,90.2802734375,90.1552734375,turing-3,0.13.4,,shortest__mamut-sofia-n977-k111-poi__seed__seed4__t2344
shortest,mamut-sofia-n977-k111-poi,977,111,main,seed,5,2344,2344.553,218241,7138542.365000001,112,True,7159334.408000012,-0.29042,0,,90.2802734375,90.1552734375,turing-3,0.13.4,,shortest__mamut-sofia-n977-k111-poi__seed__seed5__t2344
shortest,mamut-sofia-n977-k111-poi,977,111,main,seed,6,2344,2344.644,221476,7135646.3630000055,112,True,7159334.408000012,-0.33087,0,,90.2802734375,90.1552734375,turing-3,0.13.4,,shortest__mamut-sofia-n977-k111-poi__seed__seed6__t2344
shortest,mamut-sofia-n977-k111-poi,977,111,main,seed,7,2344,2344.498,245842,7139047.84100001,112,True,7159334.408000012,-0.28336,0,,90.2578125,90.1552734375,turing-3,0.13.4,,shortest__mamut-sofia-n977-k111-poi__seed__seed7__t2344
shortest,mamut-sofia-n977-k111-poi,977,111,main,seed,8,2344,2344.482,240579,7139783.0179999955,112,True,7159334.408000012,-0.27309,0,,90.2578125,90.1552734375,turing-3,0.13.4,,shortest__mamut-sofia-n977-k111-poi__seed__seed8__t2344
shortest,mamut-sofia-n977-k111-poi,977,111,main,seed,9,2344,2344.489,329827,7131087.291000014,112,True,7159334.408000012,-0.39455,0,,90.2578125,90.142578125,turing-3,0.13.4,,shortest__mamut-sofia-n977-k111-poi__seed__seed9__t2344
shortest,mamut-sofia-n977-k111-poi,977,111,main,seed,10,2344,2344.582,449357,7149008.917000006,112,True,7159334.408000012,-0.14422,0,,90.30517578125,90.1689453125,turing-3,0.13.4,,shortest__mamut-sofia-n977-k111-poi__seed__seed10__t2344
shortest,mamut-lyon-n1000-k91-poi,1000,91,pilot,long,101,9600,9600.528,3741438,2745151.691,91,True,2754518.228000002,-0.34004,0,,8.2685546875,11.958984375,turing-3,0.13.4,,shortest__mamut-lyon-n1000-k91-poi__long__seed101__t9600
shortest,mamut-lyon-n1000-k91-poi,1000,91,polish,polish,1165,4800,4800.256,1290150,2743184.1989999935,91,True,2754518.228000002,-0.41147,1,replaced,13.04150390625,90.169921875,turing-3,0.13.4,shortest__mamut-lyon-n1000-k91-poi__seed__seed8__t2400,shortest__mamut-lyon-n1000-k91-poi__polish__seed1165__t4800
shortest,mamut-lyon-n1000-k91-poi,1000,91,pilot,seed,1,2400,2400.236,539194,2749797.0639999956,91,True,2754518.228000002,-0.1714,0,,1.15380859375,57.501953125,turing-3,0.13.4,,shortest__mamut-lyon-n1000-k91-poi__seed__seed1__t2400
shortest,mamut-lyon-n1000-k91-poi,1000,91,pilot,seed,2,2400,2400.521,635942,2747129.3859999957,91,True,2754518.228000002,-0.26824,0,,8.2685546875,56.98095703125,turing-3,0.13.4,,shortest__mamut-lyon-n1000-k91-poi__seed__seed2__t2400
shortest,mamut-lyon-n1000-k91-poi,1000,91,pilot,seed,3,2400,2400.322,689846,2750138.758,91,True,2754518.228000002,-0.15899,0,,1.15380859375,57.501953125,turing-3,0.13.4,,shortest__mamut-lyon-n1000-k91-poi__seed__seed3__t2400
shortest,mamut-lyon-n1000-k91-poi,1000,91,main,seed,4,2400,2400.648,575433,2748884.9389999956,92,True,2754518.228000002,-0.20451,0,,90.53271484375,90.18408203125,turing-3,0.13.4,,shortest__mamut-lyon-n1000-k91-poi__seed__seed4__t2400
shortest,mamut-lyon-n1000-k91-poi,1000,91,main,seed,5,2400,2400.799,482744,2750290.6690000026,92,True,2754518.228000002,-0.15348,0,,90.53271484375,90.18408203125,turing-3,0.13.4,,shortest__mamut-lyon-n1000-k91-poi__seed__seed5__t2400
shortest,mamut-lyon-n1000-k91-poi,1000,91,main,seed,6,2400,2400.628,590428,2749297.742999998,91,True,2754518.228000002,-0.18952,0,,90.53271484375,90.18408203125,turing-3,0.13.4,,shortest__mamut-lyon-n1000-k91-poi__seed__seed6__t2400
shortest,mamut-lyon-n1000-k91-poi,1000,91,main,seed,7,2400,2400.615,592653,2744610.2040000004,91,True,2754518.228000002,-0.3597,0,,90.53271484375,90.1689453125,turing-3,0.13.4,,shortest__mamut-lyon-n1000-k91-poi__seed__seed7__t2400
shortest,mamut-lyon-n1000-k91-poi,1000,91,main,seed,8,2400,2400.642,544800,2743624.379999996,91,True,2754518.228000002,-0.39549,0,,90.53271484375,90.1689453125,turing-3,0.13.4,,shortest__mamut-lyon-n1000-k91-poi__seed__seed8__t2400
shortest,mamut-lyon-n1000-k91-poi,1000,91,main,seed,9,2400,2400.59,573302,2749719.943000002,91,True,2754518.228000002,-0.1742,0,,90.53271484375,90.1689453125,turing-3,0.13.4,,shortest__mamut-lyon-n1000-k91-poi__seed__seed9__t2400
shortest,mamut-lyon-n1000-k91-poi,1000,91,main,seed,10,2400,2400.727,552738,2748554.7609999953,91,True,2754518.228000002,-0.2165,0,,90.53271484375,90.18408203125,turing-3,0.13.4,,shortest__mamut-lyon-n1000-k91-poi__seed__seed10__t2400
shortest,mamut-vienna-n1200-k130-poi,1200,130,polish,polish,1215,11520,11520.267,2155159,8622370.795000013,131,True,8663554.683999991,-0.47537,1,replaced,6.34228515625,30.0390625,turing-3,0.13.4,shortest__mamut-vienna-n1200-k130-poi__seed__seed2__t5760,shortest__mamut-vienna-n1200-k130-poi__polish__seed1215__t11520
shortest,mamut-vienna-n1200-k130-poi,1200,130,main,seed,1,5760,5761.199,775072,8642071.065999992,131,True,8663554.683999991,-0.24798,0,,90.4150390625,90.21484375,turing-3,0.13.4,,shortest__mamut-vienna-n1200-k130-poi__seed__seed1__t5760
shortest,mamut-vienna-n1200-k130-poi,1200,130,main,seed,2,5760,5761.054,936600,8626056.39600001,131,True,8663554.683999991,-0.43283,0,,90.4150390625,90.21484375,turing-3,0.13.4,,shortest__mamut-vienna-n1200-k130-poi__seed__seed2__t5760
shortest,mamut-vienna-n1200-k130-poi,1200,130,main,seed,3,5760,5761.141,739658,8631585.297999997,131,True,8663554.683999991,-0.36901,0,,90.4150390625,90.21484375,turing-3,0.13.4,,shortest__mamut-vienna-n1200-k130-poi__seed__seed3__t5760
shortest,mamut-vienna-n1200-k130-poi,1200,130,main,seed,4,5760,5761.132,712747,8638544.580000004,131,True,8663554.683999991,-0.28868,0,,90.4150390625,90.21484375,turing-3,0.13.4,,shortest__mamut-vienna-n1200-k130-poi__seed__seed4__t5760
shortest,mamut-vienna-n1200-k130-poi,1200,130,main,seed,5,5760,5761.11,642819,8629831.809000002,131,True,8663554.683999991,-0.38925,0,,90.4150390625,90.21484375,turing-3,0.13.4,,shortest__mamut-vienna-n1200-k130-poi__seed__seed5__t5760
shortest,mamut-vienna-n1200-k130-poi,1200,130,main,seed,6,5760,5761.028,656012,8631167.767999995,131,True,8663554.683999991,-0.37383,0,,90.4150390625,90.21484375,turing-3,0.13.4,,shortest__mamut-vienna-n1200-k130-poi__seed__seed6__t5760
shortest,mamut-vienna-n1200-k130-poi,1200,130,main,seed,7,5760,5760.856,851727,8638596.907999985,131,True,8663554.683999991,-0.28808,0,,90.4150390625,90.21484375,turing-3,0.13.4,,shortest__mamut-vienna-n1200-k130-poi__seed__seed7__t5760
shortest,mamut-vienna-n1200-k130-poi,1200,130,main,seed,8,5760,5760.619,799959,8634081.231,131,True,8663554.683999991,-0.3402,0,,90.4150390625,90.197265625,turing-3,0.13.4,,shortest__mamut-vienna-n1200-k130-poi__seed__seed8__t5760
shortest,mamut-vienna-n1200-k130-poi,1200,130,main,seed,9,5760,5760.891,498661,8639452.382999973,131,True,8663554.683999991,-0.2782,0,,90.4150390625,90.197265625,turing-3,0.13.4,,shortest__mamut-vienna-n1200-k130-poi__seed__seed9__t5760
shortest,mamut-vienna-n1200-k130-poi,1200,130,main,seed,10,5760,5761.204,800120,8630350.987000003,131,True,8663554.683999991,-0.38326,0,,90.4150390625,90.21484375,turing-3,0.13.4,,shortest__mamut-vienna-n1200-k130-poi__seed__seed10__t5760
shortest,mamut-auckland-n1500-k12-poi,1500,12,pilot,long,101,14400,14400.948,13666792,846197.1930000007,12,True,853663.482,-0.87462,0,,8.2685546875,9.40869140625,turing-3,0.13.4,,shortest__mamut-auckland-n1500-k12-poi__long__seed101__t14400
shortest,mamut-auckland-n1500-k12-poi,1500,12,polish,polish,1119,14400,14400.432,9221237,845176.593,12,True,853663.482,-0.99417,1,replaced,6.34228515625,27.2412109375,turing-3,0.13.4,shortest__mamut-auckland-n1500-k12-poi__seed__seed2__t7200,shortest__mamut-auckland-n1500-k12-poi__polish__seed1119__t14400
shortest,mamut-auckland-n1500-k12-poi,1500,12,pilot,seed,1,3600,3600.482,2251920,855086.6989999993,12,True,853663.482,0.16672,0,,1.15380859375,45.39697265625,turing-3,0.13.4,,shortest__mamut-auckland-n1500-k12-poi__seed__seed1__t3600
shortest,mamut-auckland-n1500-k12-poi,1500,12,main,seed,1,7200,7201.752,3216399,852157.4279999987,12,True,853663.482,-0.17642,0,,90.287109375,90.53271484375,turing-3,0.13.4,,shortest__mamut-auckland-n1500-k12-poi__seed__seed1__t7200
shortest,mamut-auckland-n1500-k12-poi,1500,12,pilot,seed,2,3600,3601.009,2169647,845555.1229999996,12,True,853663.482,-0.94983,0,,8.2685546875,44.62109375,turing-3,0.13.4,,shortest__mamut-auckland-n1500-k12-poi__seed__seed2__t3600
shortest,mamut-auckland-n1500-k12-poi,1500,12,main,seed,2,7200,7201.688,3403621,845261.6850000002,12,True,853663.482,-0.9842,0,,90.287109375,90.53271484375,turing-3,0.13.4,,shortest__mamut-auckland-n1500-k12-poi__seed__seed2__t7200
shortest,mamut-auckland-n1500-k12-poi,1500,12,pilot,seed,3,3600,3600.816,2209402,857542.4769999995,12,True,853663.482,0.45439,0,,1.15380859375,45.28466796875,turing-3,0.13.4,,shortest__mamut-auckland-n1500-k12-poi__seed__seed3__t3600
shortest,mamut-auckland-n1500-k12-poi,1500,12,main,seed,3,7200,7202.186,3120676,855322.8429999995,12,True,853663.482,0.19438,0,,90.287109375,90.53271484375,turing-3,0.13.4,,shortest__mamut-auckland-n1500-k12-poi__seed__seed3__t7200
shortest,mamut-auckland-n1500-k12-poi,1500,12,main,seed,4,7200,7202.435,2900766,858319.2160000007,12,True,853663.482,0.54538,0,,90.287109375,90.53271484375,turing-3,0.13.4,,shortest__mamut-auckland-n1500-k12-poi__seed__seed4__t7200
shortest,mamut-auckland-n1500-k12-poi,1500,12,main,seed,5,7200,7201.294,3209542,856561.7870000011,12,True,853663.482,0.33951,0,,90.287109375,90.53271484375,turing-3,0.13.4,,shortest__mamut-auckland-n1500-k12-poi__seed__seed5__t7200
shortest,mamut-auckland-n1500-k12-poi,1500,12,main,seed,6,7200,7201.597,3001511,846631.9310000007,12,True,853663.482,-0.82369,0,,90.287109375,90.53271484375,turing-3,0.13.4,,shortest__mamut-auckland-n1500-k12-poi__seed__seed6__t7200
shortest,mamut-auckland-n1500-k12-poi,1500,12,main,seed,7,7200,7201.445,3491069,865243.1619999988,12,True,853663.482,1.35647,0,,90.287109375,90.53271484375,turing-3,0.13.4,,shortest__mamut-auckland-n1500-k12-poi__seed__seed7__t7200
shortest,mamut-auckland-n1500-k12-poi,1500,12,main,seed,8,7200,7201.329,3283189,849526.7630000014,12,True,853663.482,-0.48458,0,,90.287109375,90.53271484375,turing-3,0.13.4,,shortest__mamut-auckland-n1500-k12-poi__seed__seed8__t7200
shortest,mamut-auckland-n1500-k12-poi,1500,12,main,seed,9,7200,7201.276,3342770,849565.3880000007,12,True,853663.482,-0.48006,0,,90.287109375,90.53271484375,turing-3,0.13.4,,shortest__mamut-auckland-n1500-k12-poi__seed__seed9__t7200
shortest,mamut-auckland-n1500-k12-poi,1500,12,main,seed,10,7200,7201.532,3029664,857569.5640000004,12,True,853663.482,0.45757,0,,90.287109375,90.53271484375,turing-3,0.13.4,,shortest__mamut-auckland-n1500-k12-poi__seed__seed10__t7200
shortest,mamut-dakar-n1500-k364-poi,1500,364,polish,polish,1145,14400,14400.358,2964896,5037860.6959999995,365,True,5054118.292000001,-0.32167,1,replaced,6.34228515625,27.2412109375,turing-3,0.13.4,shortest__mamut-dakar-n1500-k364-poi__seed__seed2__t7200,shortest__mamut-dakar-n1500-k364-poi__polish__seed1145__t14400
shortest,mamut-dakar-n1500-k364-poi,1500,364,main,seed,1,7200,7200.965,1091188,5042270.092999995,366,True,5054118.292000001,-0.23443,0,,90.44140625,90.33203125,turing-3,0.13.4,,shortest__mamut-dakar-n1500-k364-poi__seed__seed1__t7200
shortest,mamut-dakar-n1500-k364-poi,1500,364,main,seed,2,7200,7200.923,1065492,5038545.027999985,365,True,5054118.292000001,-0.30813,0,,90.44140625,90.33203125,turing-3,0.13.4,,shortest__mamut-dakar-n1500-k364-poi__seed__seed2__t7200
shortest,mamut-dakar-n1500-k364-poi,1500,364,main,seed,3,7200,7201.14,1122015,5042776.274000006,366,True,5054118.292000001,-0.22441,0,,90.44140625,90.33203125,turing-3,0.13.4,,shortest__mamut-dakar-n1500-k364-poi__seed__seed3__t7200
shortest,mamut-dakar-n1500-k364-poi,1500,364,main,seed,4,7200,7201.065,909120,5047713.8830000125,366,True,5054118.292000001,-0.12672,0,,90.40576171875,90.30517578125,turing-3,0.13.4,,shortest__mamut-dakar-n1500-k364-poi__seed__seed4__t7200
shortest,mamut-dakar-n1500-k364-poi,1500,364,main,seed,5,7200,7201.071,1097050,5039628.990999995,366,True,5054118.292000001,-0.28668,0,,90.40576171875,90.30517578125,turing-3,0.13.4,,shortest__mamut-dakar-n1500-k364-poi__seed__seed5__t7200
shortest,mamut-dakar-n1500-k364-poi,1500,364,main,seed,6,7200,7201.06,1237684,5042457.272999998,365,True,5054118.292000001,-0.23072,0,,90.40576171875,90.30517578125,turing-3,0.13.4,,shortest__mamut-dakar-n1500-k364-poi__seed__seed6__t7200
shortest,mamut-dakar-n1500-k364-poi,1500,364,main,seed,7,7200,7201.447,902814,5045512.322999982,367,True,5054118.292000001,-0.17028,0,,90.40576171875,90.30517578125,turing-3,0.13.4,,shortest__mamut-dakar-n1500-k364-poi__seed__seed7__t7200
shortest,mamut-dakar-n1500-k364-poi,1500,364,main,seed,8,7200,7201.246,1018375,5041077.36999999,365,True,5054118.292000001,-0.25803,0,,90.45361328125,90.2802734375,turing-3,0.13.4,,shortest__mamut-dakar-n1500-k364-poi__seed__seed8__t7200
shortest,mamut-dakar-n1500-k364-poi,1500,364,main,seed,9,7200,7201.279,987790,5041179.192000005,366,True,5054118.292000001,-0.25601,0,,90.45361328125,90.2802734375,turing-3,0.13.4,,shortest__mamut-dakar-n1500-k364-poi__seed__seed9__t7200
shortest,mamut-dakar-n1500-k364-poi,1500,364,main,seed,10,7200,7201.312,948197,5041900.595999997,365,True,5054118.292000001,-0.24174,0,,90.40576171875,90.30517578125,turing-3,0.13.4,,shortest__mamut-dakar-n1500-k364-poi__seed__seed10__t7200
shortest,mamut-paris-n1500-k107-poi,1500,107,polish,polish,1185,14400,14400.351,6183155,1249529.068000001,107,True,1260284.1480000005,-0.85339,1,replaced,6.34228515625,27.2412109375,turing-3,0.13.4,shortest__mamut-paris-n1500-k107-poi__seed__seed5__t7200,shortest__mamut-paris-n1500-k107-poi__polish__seed1185__t14400
shortest,mamut-paris-n1500-k107-poi,1500,107,main,seed,1,7200,7200.885,1794653,1251673.632999999,108,True,1260284.1480000005,-0.68322,0,,90.49755859375,90.2802734375,turing-3,0.13.4,,shortest__mamut-paris-n1500-k107-poi__seed__seed1__t7200
shortest,mamut-paris-n1500-k107-poi,1500,107,main,seed,2,7200,7201.265,1908885,1252294.5850000011,107,True,1260284.1480000005,-0.63395,0,,90.49755859375,90.2578125,turing-3,0.13.4,,shortest__mamut-paris-n1500-k107-poi__seed__seed2__t7200
shortest,mamut-paris-n1500-k107-poi,1500,107,main,seed,3,7200,7201.145,1892219,1254275.9500000016,107,True,1260284.1480000005,-0.47673,0,,90.49755859375,90.2578125,turing-3,0.13.4,,shortest__mamut-paris-n1500-k107-poi__seed__seed3__t7200
shortest,mamut-paris-n1500-k107-poi,1500,107,main,seed,4,7200,7200.886,2089037,1254602.014000001,108,True,1260284.1480000005,-0.45086,0,,90.49755859375,90.2578125,turing-3,0.13.4,,shortest__mamut-paris-n1500-k107-poi__seed__seed4__t7200
shortest,mamut-paris-n1500-k107-poi,1500,107,main,seed,5,7200,7200.959,1846250,1251222.5450000002,107,True,1260284.1480000005,-0.71901,0,,90.49755859375,90.2578125,turing-3,0.13.4,,shortest__mamut-paris-n1500-k107-poi__seed__seed5__t7200
shortest,mamut-paris-n1500-k107-poi,1500,107,main,seed,6,7200,7201.146,1982862,1252792.3419999997,108,True,1260284.1480000005,-0.59445,0,,90.45751953125,90.23681640625,turing-3,0.13.4,,shortest__mamut-paris-n1500-k107-poi__seed__seed6__t7200
shortest,mamut-paris-n1500-k107-poi,1500,107,main,seed,7,7200,7200.874,1921638,1254619.6870000008,107,True,1260284.1480000005,-0.44946,0,,90.45751953125,90.23681640625,turing-3,0.13.4,,shortest__mamut-paris-n1500-k107-poi__seed__seed7__t7200
shortest,mamut-paris-n1500-k107-poi,1500,107,main,seed,8,7200,7201.205,1990530,1253406.2539999983,107,True,1260284.1480000005,-0.54574,0,,90.45751953125,90.23681640625,turing-3,0.13.4,,shortest__mamut-paris-n1500-k107-poi__seed__seed8__t7200
shortest,mamut-paris-n1500-k107-poi,1500,107,main,seed,9,7200,7201.187,1812137,1251282.6029999987,108,True,1260284.1480000005,-0.71425,0,,90.42041015625,90.2177734375,turing-3,0.13.4,,shortest__mamut-paris-n1500-k107-poi__seed__seed9__t7200
shortest,mamut-paris-n1500-k107-poi,1500,107,main,seed,10,7200,7201.358,1985253,1251907.654,107,True,1260284.1480000005,-0.66465,0,,90.45361328125,90.2802734375,turing-3,0.13.4,,shortest__mamut-paris-n1500-k107-poi__seed__seed10__t7200
shortest,mamut-sofia-n1500-k114-poi,1500,114,polish,polish,1204,14400,14400.354,5601967,1974945.0339999988,116,True,1991978.1260000018,-0.85508,1,replaced,6.34228515625,27.2412109375,turing-3,0.13.4,shortest__mamut-sofia-n1500-k114-poi__seed__seed7__t7200,shortest__mamut-sofia-n1500-k114-poi__polish__seed1204__t14400
shortest,mamut-sofia-n1500-k114-poi,1500,114,main,seed,1,7200,7201.201,1689841,1984125.6550000026,116,True,1991978.1260000018,-0.3942,0,,90.42041015625,90.2177734375,turing-3,0.13.4,,shortest__mamut-sofia-n1500-k114-poi__seed__seed1__t7200
shortest,mamut-sofia-n1500-k114-poi,1500,114,main,seed,2,7200,7201.26,1656984,1984009.1159999997,116,True,1991978.1260000018,-0.40006,0,,90.42041015625,90.2177734375,turing-3,0.13.4,,shortest__mamut-sofia-n1500-k114-poi__seed__seed2__t7200
shortest,mamut-sofia-n1500-k114-poi,1500,114,main,seed,3,7200,7201.226,1795877,1983815.003000001,116,True,1991978.1260000018,-0.4098,0,,90.42041015625,90.2177734375,turing-3,0.13.4,,shortest__mamut-sofia-n1500-k114-poi__seed__seed3__t7200
shortest,mamut-sofia-n1500-k114-poi,1500,114,main,seed,4,7200,7201.318,1599325,1991466.452000003,116,True,1991978.1260000018,-0.02569,0,,90.38671875,90.2001953125,turing-3,0.13.4,,shortest__mamut-sofia-n1500-k114-poi__seed__seed4__t7200
shortest,mamut-sofia-n1500-k114-poi,1500,114,main,seed,5,7200,7201.213,1686371,1982039.2839999998,116,True,1991978.1260000018,-0.49894,0,,90.38671875,90.2001953125,turing-3,0.13.4,,shortest__mamut-sofia-n1500-k114-poi__seed__seed5__t7200
shortest,mamut-sofia-n1500-k114-poi,1500,114,main,seed,6,7200,7201.063,1685238,1987534.8510000017,116,True,1991978.1260000018,-0.22306,0,,90.38671875,90.2001953125,turing-3,0.13.4,,shortest__mamut-sofia-n1500-k114-poi__seed__seed6__t7200
shortest,mamut-sofia-n1500-k114-poi,1500,114,main,seed,7,7200,7201.466,1707507,1979231.8830000013,116,True,1991978.1260000018,-0.63988,0,,90.35546875,90.18408203125,turing-3,0.13.4,,shortest__mamut-sofia-n1500-k114-poi__seed__seed7__t7200
shortest,mamut-sofia-n1500-k114-poi,1500,114,main,seed,8,7200,7201.205,1738470,1983347.6130000015,116,True,1991978.1260000018,-0.43326,0,,90.35546875,90.18408203125,turing-3,0.13.4,,shortest__mamut-sofia-n1500-k114-poi__seed__seed8__t7200
shortest,mamut-sofia-n1500-k114-poi,1500,114,main,seed,9,7200,7201.118,1658251,1986529.6339999994,116,True,1991978.1260000018,-0.27352,0,,90.35546875,90.18408203125,turing-3,0.13.4,,shortest__mamut-sofia-n1500-k114-poi__seed__seed9__t7200
shortest,mamut-sofia-n1500-k114-poi,1500,114,main,seed,10,7200,7201.258,1614937,1979695.2720000038,116,True,1991978.1260000018,-0.61662,0,,90.42041015625,90.2177734375,turing-3,0.13.4,,shortest__mamut-sofia-n1500-k114-poi__seed__seed10__t7200
shortest,mamut-prague-n2000-k13-poi,2000,13,polish,polish,1189,19200,19200.8,9707466,2109036.6509999963,13,True,2162523.2229999993,-2.47334,1,replaced,13.04150390625,15.08251953125,turing-3,0.13.4,shortest__mamut-prague-n2000-k13-poi__seed__seed2__t9600,shortest__mamut-prague-n2000-k13-poi__polish__seed1189__t19200
shortest,mamut-prague-n2000-k13-poi,2000,13,main,seed,1,9600,9603.064,2291909,2116667.908000001,13,True,2162523.2229999993,-2.12045,0,,90.599609375,90.224609375,turing-3,0.13.4,,shortest__mamut-prague-n2000-k13-poi__seed__seed1__t9600
shortest,mamut-prague-n2000-k13-poi,2000,13,main,seed,2,9600,9602.757,2468954,2113078.827,13,True,2162523.2229999993,-2.28642,0,,90.599609375,90.287109375,turing-3,0.13.4,,shortest__mamut-prague-n2000-k13-poi__seed__seed2__t9600
shortest,mamut-prague-n2000-k13-poi,2000,13,main,seed,3,9600,9604.324,2259584,2119043.499,13,True,2162523.2229999993,-2.0106,0,,90.599609375,90.224609375,turing-3,0.13.4,,shortest__mamut-prague-n2000-k13-poi__seed__seed3__t9600
shortest,mamut-prague-n2000-k13-poi,2000,13,main,seed,4,9600,9604.688,2425779,2118735.6860000016,13,True,2162523.2229999993,-2.02484,0,,90.6318359375,90.224609375,turing-3,0.13.4,,shortest__mamut-prague-n2000-k13-poi__seed__seed4__t9600
shortest,mamut-prague-n2000-k13-poi,2000,13,main,seed,5,9600,9602.008,2502668,2130847.296000002,13,True,2162523.2229999993,-1.46477,0,,90.6318359375,90.287109375,turing-3,0.13.4,,shortest__mamut-prague-n2000-k13-poi__seed__seed5__t9600
shortest,mamut-prague-n2000-k13-poi,2000,13,main,seed,6,9600,9604.293,2285115,2121244.2019999996,13,True,2162523.2229999993,-1.90884,0,,90.6318359375,90.224609375,turing-3,0.13.4,,shortest__mamut-prague-n2000-k13-poi__seed__seed6__t9600
shortest,mamut-prague-n2000-k13-poi,2000,13,main,seed,7,9600,9602.715,2315377,2115016.9740000004,13,True,2162523.2229999993,-2.1968,0,,90.6318359375,90.224609375,turing-3,0.13.4,,shortest__mamut-prague-n2000-k13-poi__seed__seed7__t9600
shortest,mamut-prague-n2000-k13-poi,2000,13,main,seed,8,9600,9602.943,2282837,2132518.5200000005,13,True,2162523.2229999993,-1.38749,0,,90.6318359375,90.287109375,turing-3,0.13.4,,shortest__mamut-prague-n2000-k13-poi__seed__seed8__t9600
shortest,mamut-prague-n2000-k13-poi,2000,13,main,seed,9,9600,9604.299,2436194,2116415.120000001,13,True,2162523.2229999993,-2.13214,0,,90.6318359375,90.224609375,turing-3,0.13.4,,shortest__mamut-prague-n2000-k13-poi__seed__seed9__t9600
shortest,mamut-prague-n2000-k13-poi,2000,13,main,seed,10,9600,9602.179,2403470,2129200.499000003,13,True,2162523.2229999993,-1.54092,0,,90.599609375,90.224609375,turing-3,0.13.4,,shortest__mamut-prague-n2000-k13-poi__seed__seed10__t9600
shortest,mamut-manila-n2500-k54-poi,2500,54,pilot,long,101,24000,24002.663,16118238,2075702.054000001,54,True,2089177.3170000033,-0.645,0,,8.2685546875,6.07275390625,turing-3,0.13.4,,shortest__mamut-manila-n2500-k54-poi__long__seed101__t24000
shortest,mamut-manila-n2500-k54-poi,2500,54,polish,polish,1168,24000,24001.57,13093830,2072251.0679999972,54,True,2089177.3170000033,-0.81019,1,replaced,6.34228515625,12.080078125,turing-3,0.13.4,shortest__mamut-manila-n2500-k54-poi__long__seed101__t24000,shortest__mamut-manila-n2500-k54-poi__polish__seed1168__t24000
shortest,mamut-manila-n2500-k54-poi,2500,54,main,seed,1,12000,12005.574,2949240,2083921.9339999978,54,True,2089177.3170000033,-0.25155,0,,90.330078125,90.42041015625,turing-3,0.13.4,,shortest__mamut-manila-n2500-k54-poi__seed__seed1__t12000
shortest,mamut-manila-n2500-k54-poi,2500,54,pilot,seed,1,6000,6002.757,2848365,2083921.9339999978,54,True,2089177.3170000033,-0.25155,0,,8.2685546875,32.6669921875,turing-3,0.13.4,,shortest__mamut-manila-n2500-k54-poi__seed__seed1__t6000
shortest,mamut-manila-n2500-k54-poi,2500,54,main,seed,2,12000,12007.252,2468126,2087063.7209999962,54,True,2089177.3170000033,-0.10117,0,,90.330078125,90.38671875,turing-3,0.13.4,,shortest__mamut-manila-n2500-k54-poi__seed__seed2__t12000
shortest,mamut-manila-n2500-k54-poi,2500,54,pilot,seed,2,6000,6002.188,2918398,2083768.358999997,54,True,2089177.3170000033,-0.2589,0,,1.15380859375,33.25439453125,turing-3,0.13.4,,shortest__mamut-manila-n2500-k54-poi__seed__seed2__t6000
shortest,mamut-manila-n2500-k54-poi,2500,54,main,seed,3,12000,12005.126,2756694,2088409.966000004,54,True,2089177.3170000033,-0.03673,0,,90.330078125,90.42041015625,turing-3,0.13.4,,shortest__mamut-manila-n2500-k54-poi__seed__seed3__t12000
shortest,mamut-manila-n2500-k54-poi,2500,54,pilot,seed,3,6000,6002.757,2735904,2088409.966000004,54,True,2089177.3170000033,-0.03673,0,,8.2685546875,32.6669921875,turing-3,0.13.4,,shortest__mamut-manila-n2500-k54-poi__seed__seed3__t6000
shortest,mamut-manila-n2500-k54-poi,2500,54,main,seed,4,12000,12007.886,2671749,2084809.203999997,54,True,2089177.3170000033,-0.20908,0,,90.330078125,90.42041015625,turing-3,0.13.4,,shortest__mamut-manila-n2500-k54-poi__seed__seed4__t12000
shortest,mamut-manila-n2500-k54-poi,2500,54,main,seed,5,12000,12008.254,2468160,2084424.4409999996,54,True,2089177.3170000033,-0.2275,0,,90.330078125,90.42041015625,turing-3,0.13.4,,shortest__mamut-manila-n2500-k54-poi__seed__seed5__t12000
shortest,mamut-manila-n2500-k54-poi,2500,54,main,seed,6,12000,12005.896,2614760,2081230.584999999,54,True,2089177.3170000033,-0.38038,0,,90.330078125,90.42041015625,turing-3,0.13.4,,shortest__mamut-manila-n2500-k54-poi__seed__seed6__t12000
shortest,mamut-manila-n2500-k54-poi,2500,54,main,seed,7,12000,12008.248,2497558,2089879.809999999,54,True,2089177.3170000033,0.03363,0,,90.30322265625,90.38671875,turing-3,0.13.4,,shortest__mamut-manila-n2500-k54-poi__seed__seed7__t12000
shortest,mamut-manila-n2500-k54-poi,2500,54,main,seed,8,12000,12006.911,2715670,2088708.9759999963,54,True,2089177.3170000033,-0.02242,0,,90.30322265625,90.38671875,turing-3,0.13.4,,shortest__mamut-manila-n2500-k54-poi__seed__seed8__t12000
shortest,mamut-manila-n2500-k54-poi,2500,54,main,seed,9,12000,12003.238,2797523,2079739.063999999,54,True,2089177.3170000033,-0.45177,0,,90.30322265625,90.38671875,turing-3,0.13.4,,shortest__mamut-manila-n2500-k54-poi__seed__seed9__t12000
shortest,mamut-manila-n2500-k54-poi,2500,54,main,seed,10,12000,12007.538,2811721,2088106.6970000013,54,True,2089177.3170000033,-0.05125,0,,90.35888671875,90.42041015625,turing-3,0.13.4,,shortest__mamut-manila-n2500-k54-poi__seed__seed10__t12000
shortest,mamut-bogota-n4000-k508-poi,4000,508,pilot,long,101,28800,28806.438,1699251,141130169.96199986,510,True,142472163.55199972,-0.94193,0,,8.2685546875,2.88134765625,turing-3,0.13.4,,shortest__mamut-bogota-n4000-k508-poi__long__seed101__t28800
shortest,mamut-bogota-n4000-k508-poi,4000,508,polish,polish,1129,28800,28804.307,1347570,141118337.6970004,510,True,142472163.55199972,-0.95024,1,replaced,6.34228515625,9.0732421875,turing-3,0.13.4,shortest__mamut-bogota-n4000-k508-poi__long__seed101__t28800,shortest__mamut-bogota-n4000-k508-poi__polish__seed1129__t28800
shortest,mamut-bogota-n4000-k508-poi,4000,508,main,seed,1,14400,14420.023,324485,141329499.5920001,510,True,142472163.55199972,-0.80203,0,,15.0380859375,90.30322265625,turing-3,0.13.4,,shortest__mamut-bogota-n4000-k508-poi__seed__seed1__t14400
shortest,mamut-bogota-n4000-k508-poi,4000,508,pilot,seed,1,7200,7206.443,324315,141329499.5920001,510,True,142472163.55199972,-0.80203,0,,8.2685546875,20.353515625,turing-3,0.13.4,,shortest__mamut-bogota-n4000-k508-poi__seed__seed1__t7200
shortest,mamut-bogota-n4000-k508-poi,4000,508,main,seed,2,14400,14415.805,291600,141344672.50700015,510,True,142472163.55199972,-0.79138,0,,8.33837890625,90.30322265625,turing-3,0.13.4,,shortest__mamut-bogota-n4000-k508-poi__seed__seed2__t14400
shortest,mamut-bogota-n4000-k508-poi,4000,508,pilot,seed,2,7200,7206.321,308784,141321379.4190004,510,True,142472163.55199972,-0.80773,0,,8.2685546875,20.73291015625,turing-3,0.13.4,,shortest__mamut-bogota-n4000-k508-poi__seed__seed2__t7200
shortest,mamut-bogota-n4000-k508-poi,4000,508,main,seed,3,14400,14445.495,288740,141306913.54899973,509,True,142472163.55199972,-0.81788,0,,1.2294921875,90.330078125,turing-3,0.13.4,,shortest__mamut-bogota-n4000-k508-poi__seed__seed3__t14400
shortest,mamut-bogota-n4000-k508-poi,4000,508,pilot,seed,3,7200,7205.997,313711,141269662.9029997,509,True,142472163.55199972,-0.84402,0,,8.2685546875,20.73291015625,turing-3,0.13.4,,shortest__mamut-bogota-n4000-k508-poi__seed__seed3__t7200
shortest,mamut-bogota-n4000-k508-poi,4000,508,main,seed,4,14400,14423.193,306477,141474873.42000037,509,True,142472163.55199972,-0.69999,0,,8.33837890625,90.330078125,turing-3,0.13.4,,shortest__mamut-bogota-n4000-k508-poi__seed__seed4__t14400
shortest,mamut-bogota-n4000-k508-poi,4000,508,main,seed,5,14400,14437.532,305833,141426001.45800036,509,True,142472163.55199972,-0.73429,0,,15.0380859375,90.302734375,turing-3,0.13.4,,shortest__mamut-bogota-n4000-k508-poi__seed__seed5__t14400
shortest,mamut-bogota-n4000-k508-poi,4000,508,main,seed,6,14400,14414.531,374489,141304041.9429999,510,True,142472163.55199972,-0.81989,0,,15.0380859375,90.30322265625,turing-3,0.13.4,,shortest__mamut-bogota-n4000-k508-poi__seed__seed6__t14400
shortest,mamut-bogota-n4000-k508-poi,4000,508,main,seed,7,14400,14418.275,487851,141305890.17800045,510,True,142472163.55199972,-0.8186,0,,8.33837890625,90.30322265625,turing-3,0.13.4,,shortest__mamut-bogota-n4000-k508-poi__seed__seed7__t14400
shortest,mamut-bogota-n4000-k508-poi,4000,508,main,seed,8,14400,14422.807,304626,141347859.764,510,True,142472163.55199972,-0.78914,0,,8.33837890625,90.30322265625,turing-3,0.13.4,,shortest__mamut-bogota-n4000-k508-poi__seed__seed8__t14400
shortest,mamut-bogota-n4000-k508-poi,4000,508,main,seed,9,14400,14441.063,305107,141312774.726,510,True,142472163.55199972,-0.81377,0,,8.33837890625,90.35888671875,turing-3,0.13.4,,shortest__mamut-bogota-n4000-k508-poi__seed__seed9__t14400
shortest,mamut-bogota-n4000-k508-poi,4000,508,main,seed,10,14400,14442.237,289825,141407437.59699985,510,True,142472163.55199972,-0.74732,0,,1.2294921875,90.30322265625,turing-3,0.13.4,,shortest__mamut-bogota-n4000-k508-poi__seed__seed10__t14400
shortest,mamut-montreal-n4000-k378-poi,4000,378,polish,polish,1174,28800,28804.258,7858279,20323576.964000057,381,True,20502069.757000048,-0.87061,1,replaced,6.34228515625,8.90673828125,turing-3,0.13.4,shortest__mamut-montreal-n4000-k378-poi__seed__seed3__t14400,shortest__mamut-montreal-n4000-k378-poi__polish__seed1174__t28800
shortest,mamut-montreal-n4000-k378-poi,4000,378,main,seed,1,14400,14416.927,1426348,20344373.190000046,380,True,20502069.757000048,-0.76917,0,,15.0380859375,90.30322265625,turing-3,0.13.4,,shortest__mamut-montreal-n4000-k378-poi__seed__seed1__t14400
shortest,mamut-montreal-n4000-k378-poi,4000,378,main,seed,2,14400,14425.282,1406859,20337208.873000007,380,True,20502069.757000048,-0.80412,0,,8.33837890625,90.330078125,turing-3,0.13.4,,shortest__mamut-montreal-n4000-k378-poi__seed__seed2__t14400
shortest,mamut-montreal-n4000-k378-poi,4000,378,main,seed,3,14400,14420.106,1387098,20334565.93100003,381,True,20502069.757000048,-0.81701,0,,8.33837890625,90.30322265625,turing-3,0.13.4,,shortest__mamut-montreal-n4000-k378-poi__seed__seed3__t14400
shortest,mamut-montreal-n4000-k378-poi,4000,378,main,seed,4,14400,14423.936,1404023,20374203.14700004,381,True,20502069.757000048,-0.62368,0,,8.33837890625,90.330078125,turing-3,0.13.4,,shortest__mamut-montreal-n4000-k378-poi__seed__seed4__t14400
shortest,mamut-montreal-n4000-k378-poi,4000,378,main,seed,5,14400,14412.187,1324215,20340564.102000013,380,True,20502069.757000048,-0.78775,0,,8.33837890625,90.30322265625,turing-3,0.13.4,,shortest__mamut-montreal-n4000-k378-poi__seed__seed5__t14400
shortest,mamut-montreal-n4000-k378-poi,4000,378,main,seed,6,14400,14442.506,1422730,20349071.86100001,380,True,20502069.757000048,-0.74626,0,,1.2294921875,90.330078125,turing-3,0.13.4,,shortest__mamut-montreal-n4000-k378-poi__seed__seed6__t14400
shortest,mamut-montreal-n4000-k378-poi,4000,378,main,seed,7,14400,14434.682,1529115,20357430.966999937,380,True,20502069.757000048,-0.70548,0,,8.33837890625,90.35888671875,turing-3,0.13.4,,shortest__mamut-montreal-n4000-k378-poi__seed__seed7__t14400
shortest,mamut-montreal-n4000-k378-poi,4000,378,main,seed,8,14400,14425.27,1422116,20341772.360999987,380,True,20502069.757000048,-0.78186,0,,15.0380859375,90.330078125,turing-3,0.13.4,,shortest__mamut-montreal-n4000-k378-poi__seed__seed8__t14400
shortest,mamut-montreal-n4000-k378-poi,4000,378,main,seed,9,14400,14414.882,1490223,20370092.60500005,381,True,20502069.757000048,-0.64373,0,,8.33837890625,90.30322265625,turing-3,0.13.4,,shortest__mamut-montreal-n4000-k378-poi__seed__seed9__t14400
shortest,mamut-montreal-n4000-k378-poi,4000,378,main,seed,10,14400,14428.68,1472975,20382101.604000013,382,True,20502069.757000048,-0.58515,0,,1.2294921875,90.2412109375,turing-3,0.13.4,,shortest__mamut-montreal-n4000-k378-poi__seed__seed10__t14400
shortest,mamut-singapore-n4000-k498-poi,4000,498,polish,polish,1203,28800,28804.49,4644053,58246683.21799991,499,True,58815761.57400009,-0.96756,1,replaced,6.34228515625,8.90673828125,turing-3,0.13.4,shortest__mamut-singapore-n4000-k498-poi__seed__seed4__t14400,shortest__mamut-singapore-n4000-k498-poi__polish__seed1203__t28800
shortest,mamut-singapore-n4000-k498-poi,4000,498,main,seed,1,14400,14421.15,857683,58273009.92899991,499,True,58815761.57400009,-0.9228,0,,8.33837890625,90.30322265625,turing-3,0.13.4,,shortest__mamut-singapore-n4000-k498-poi__seed__seed1__t14400
shortest,mamut-singapore-n4000-k498-poi,4000,498,main,seed,2,14400,14418.152,821596,58288553.622999996,499,True,58815761.57400009,-0.89637,0,,15.0380859375,90.30322265625,turing-3,0.13.4,,shortest__mamut-singapore-n4000-k498-poi__seed__seed2__t14400
shortest,mamut-singapore-n4000-k498-poi,4000,498,main,seed,3,14400,14425.638,829047,58262954.27299984,499,True,58815761.57400009,-0.9399,0,,8.33837890625,90.30322265625,turing-3,0.13.4,,shortest__mamut-singapore-n4000-k498-poi__seed__seed3__t14400
shortest,mamut-singapore-n4000-k498-poi,4000,498,main,seed,4,14400,14423.084,890229,58255966.69899996,499,True,58815761.57400009,-0.95178,0,,15.0380859375,90.30322265625,turing-3,0.13.4,,shortest__mamut-singapore-n4000-k498-poi__seed__seed4__t14400
shortest,mamut-singapore-n4000-k498-poi,4000,498,main,seed,5,14400,14435.411,897483,58272711.04499996,499,True,58815761.57400009,-0.92331,0,,1.2294921875,90.330078125,turing-3,0.13.4,,shortest__mamut-singapore-n4000-k498-poi__seed__seed5__t14400
shortest,mamut-singapore-n4000-k498-poi,4000,498,main,seed,6,14400,14418.769,814681,58275234.00500003,499,True,58815761.57400009,-0.91902,0,,8.33837890625,90.30322265625,turing-3,0.13.4,,shortest__mamut-singapore-n4000-k498-poi__seed__seed6__t14400
shortest,mamut-singapore-n4000-k498-poi,4000,498,main,seed,7,14400,14421.754,941132,58269832.086999975,499,True,58815761.57400009,-0.9282,0,,8.33837890625,90.30322265625,turing-3,0.13.4,,shortest__mamut-singapore-n4000-k498-poi__seed__seed7__t14400
shortest,mamut-singapore-n4000-k498-poi,4000,498,main,seed,8,14400,14433.884,817735,58269093.37600015,499,True,58815761.57400009,-0.92946,0,,8.33837890625,90.35888671875,turing-3,0.13.4,,shortest__mamut-singapore-n4000-k498-poi__seed__seed8__t14400
shortest,mamut-singapore-n4000-k498-poi,4000,498,main,seed,9,14400,14426.093,832754,58280508.41799995,499,True,58815761.57400009,-0.91005,0,,8.33837890625,90.330078125,turing-3,0.13.4,,shortest__mamut-singapore-n4000-k498-poi__seed__seed9__t14400
shortest,mamut-singapore-n4000-k498-poi,4000,498,main,seed,10,14400,14436.165,845976,58278249.76599996,499,True,58815761.57400009,-0.91389,0,,1.2294921875,90.302734375,turing-3,0.13.4,,shortest__mamut-singapore-n4000-k498-poi__seed__seed10__t14400
